doc,member,page,owner,name,ticker,typ,date,notified,amt,kind,amt_col,flag,bad,conf
8221322,Ro Khanna (D-CA17),02,,AND GS |RUNO USHA INTERNATIONAL CLASS AHUJA P 2010 EQUITY IRREV TRUST INSIGHTS,,P/E,01/27/2026,02/03/2026,I/K,STOCK/FUND,IK,의심,amount-multi;type;owner,77.7
8221322,Ro Khanna (D-CA17),02,,DC_|KIMBERLY-CLARK CORPORATION CMN,,P,01/21/2026,02/03/2026,"$1,001-$15,000",STOCK/FUND,A,의심,owner,63.5
8221322,Ro Khanna (D-CA17),02,DC,KIMBERLY-CLARK CORPORATION CMN,,P,01/21/2026,02/03/2026,"$1,001-$15,000",STOCK/FUND,A,확인,,79.3
8221322,Ro Khanna (D-CA17),02,,DC_|CARRIER GLOBAL CORPORATION CMN,,P,01/20/2026,02/03/2026,"$1,001-$15,000",STOCK/FUND,A,의심,owner,79.4
8221322,Ro Khanna (D-CA17),02,DC,ROCKWELLAUTOMATIGN INC CMN,,P,01/02/2026,02/03/2026,"$1,001-$15,000",STOCK/FUND,A,확인,,71.5
8221322,Ro Khanna (D-CA17),02,DC,"STARBUCKS CORP, CMN",,P,01/02/2026,02/03/2026,"$1,001-$15,000",STOCK/FUND,A,확인,,75.7
8221322,Ro Khanna (D-CA17),02,,BERKSHIRE HATHAWAY INC. CLASS B,BRKb,S,01/22/2026,02/03/2026,"$15,001-$50,000",STOCK/FUND,B,의심,owner,93.4
8221322,Ro Khanna (D-CA17),02,DC,COLGATE-PALMOLIVE CO CMN,,S,01/22/2026,02/03/2026,"$15,001-$50,000",STOCK/FUND,B,확인,,73.9
8221322,Ro Khanna (D-CA17),02,DC,"AMERICAN INTL GROUP, INC. CMIN",,S,01/22/2026,02/03/2026,"$15,001-$50,000",STOCK/FUND,B,확인,,70.6
8221322,Ro Khanna (D-CA17),02,,TEXAS INSTRUMENTS INC. CMN,,S,01/22/2026,02/03/2026,"$15,001-$50,000",STOCK/FUND,B,의심,owner,72.6
8221322,Ro Khanna (D-CA17),02,,ABBOTT LABORATORIES CMN,,S,01/22/2026,02/03/2026,"$15,001-$50,000",STOCK/FUND,B,의심,owner,76.2
8221322,Ro Khanna (D-CA17),02,DC,TAON |CLASSA PUBLIC LIMITED - COMPANY CMN,,S,01/22/2026,02/03/2026,"$15,001-$50,000",STOCK/FUND,B,확인,,61.5
8221322,Ro Khanna (D-CA17),02,,WASTE MANAGEMENT INC CMN,,S,01/22/2026,02/03/2026,"$15,001-$50,000",STOCK/FUND,B,의심,owner,81.9
8221322,Ro Khanna (D-CA17),02,,PC_|SYSCO CORPORATION CMN,,S,01/22/2026,02/03/2026,"$15,001-$50,000",STOCK/FUND,B,의심,owner,75.2
8221322,Ro Khanna (D-CA17),02,,BANK OF AMERICA CORP CMN,,S,01/22/2026,02/03/2026,"$15,001-$50,000",STOCK/FUND,B,의심,owner,77.9
8221322,Ro Khanna (D-CA17),02,,UNION _|EQTY DN PACIFIC CASH BASE CORP. JSE UNPI INT,,S,01/22/2026,02/03/2026,"$15,001-$50,000",STOCK/FUND,B,의심,owner,85.5
8221322,Ro Khanna (D-CA17),02,,EXTRA SPACE STORAGE INC. CMN,,S,01/22/2026,02/03/2026,"$15,001-$50,000",STOCK/FUND,B,의심,owner,60.5
8221322,Ro Khanna (D-CA17),02,DC,ZOETIS INC. CMN CLASS A,,S,01/22/2026,02/03/2026,"$15,001-$50,000",STOCK/FUND,B,확인,,78.1
8221322,Ro Khanna (D-CA17),03,SP,"DEHTT USHA PROVIDE {ALL NAME, NOT TICKER SYMBOL",,P/E,MM/DD/YY,MMsOD/Yy 7,I/K,STOCK/FUND,IK,의심,amount-multi;type;date;notified,68.0
8221322,Ro Khanna (D-CA17),03,,MONTE GRANDCHILDREN DC AND |GENERAL AHUJA MILLS 2010 INCCMN IRREV TRUST FBO,,P/S/E,01/22/2026,02/03/2026,I/K,STOCK/FUND,IK,의심,amount-multi;type;owner,88.4
8221322,Ro Khanna (D-CA17),03,DC,SBA |CORPORATION COMMUNICATIONS CMN,,S,01/22/2026,02/03/2026,"$15,001-$50,000",STOCK/FUND,B,확인,,83.5
8221322,Ro Khanna (D-CA17),03,DC,WALT DISNEY COMPANY (THE} CMN,,S,01/22/2026,02/03/2026,"$15,001-$50,000",STOCK/FUND,B,확인,,60.3
8221322,Ro Khanna (D-CA17),03,DC,DEERE & COMPANY CMN,,S,01/22/2026,02/03/2026,"$15,001-$50,000",STOCK/FUND,B,확인,,85.4
8221322,Ro Khanna (D-CA17),03,DC,SALESFORCE INC CMN,CRM,S,01/22/2026,02/03/2026,"$15,001-$50,000",STOCK/FUND,B,확인,,78.5
8221322,Ro Khanna (D-CA17),03,DC,"METLIFE, INC. CMN",,S,01/22/2026,02/03/2026,"$15,001-$50,000",STOCK/FUND,B,확인,,64.7
8221322,Ro Khanna (D-CA17),03,DC,ADOBE INC CMN,,S,01/22/2026,02/03/2026,"$1,001-$15,000",STOCK/FUND,A,확인,,63.3
8221322,Ro Khanna (D-CA17),03,DC,LABCORP HOLDINGS INC CMN,,S,01/22/2026,02/03/2026,"$1,001-$15,000",STOCK/FUND,A,확인,,72.3
8221322,Ro Khanna (D-CA17),03,DC,FINTERNATIONAL PAPER CO. CMN,,S,01/22/2026,02/03/2026,"$1,001-$15,000",STOCK/FUND,A,의심,name-illegible,59.4
8221322,Ro Khanna (D-CA17),03,,OC |THERMO FISHER SCIENTIFIC INC CMN,,S,01/22/2026,02/03/2026,"$1,001-$15,000",STOCK/FUND,A,의심,owner,82.6
8221322,Ro Khanna (D-CA17),03,,OC . {PFIZER INC. CMN,,S,01/22/2026,02/03/2026,"$1,001-$15,000",STOCK/FUND,A,의심,owner,78.5
8221322,Ro Khanna (D-CA17),03,DC,STARBUCKS CORP. CMIN,,S,01/22/2026,02/03/2026,"$1,001-$15,000",STOCK/FUND,A,확인,,64.6
8221322,Ro Khanna (D-CA17),03,DC,"J|CMN MARTIN MARIETTA MATERIALS, INC",,S,01/22/2026,02/03/2026,"$1,001-$15,000",STOCK/FUND,A,의심,name-illegible,51.7
8221322,Ro Khanna (D-CA17),03,DC,JCMN MEDTRONIC PUBLIC LIMITED COMPA,,S,01/22/2026,02/03/2026,"$1,001-$15,000",STOCK/FUND,A,확인,,89.2
8221322,Ro Khanna (D-CA17),03,DC,JACCENTURE PLC CMN CLASS A,,S,01/22/2026,02/03/2026,"$1,001-$15,000",STOCK/FUND,A,확인,,83.9
8221322,Ro Khanna (D-CA17),03,DC,COOPER COS INC/THE CMN,,S,01/22/2026,02/03/2026,"$1,001-$15,000",STOCK/FUND,A,확인,,84.6
8221322,Ro Khanna (D-CA17),03,DC,REGAL REXNORD CORP CMN,,S,01/22/2026,02/03/2026,"$1,001-$15,000",STOCK/FUND,A,확인,,70.8
8221322,Ro Khanna (D-CA17),03,DC,FEQEX CORPORATION CMN,,S,01/22/2026,02/03/2026,"$1,001-$15,000",STOCK/FUND,A,의심,name-illegible,58.0
8221322,Ro Khanna (D-CA17),03,,OC (FERGUSON ENTERPRISES INC CMN,,S,01/22/2026,02/03/2026,"$1,001-$15,000",STOCK/FUND,A,의심,owner,83.7
8221322,Ro Khanna (D-CA17),04,,OND |AMAZON.COM USHA AHUJA INC CMN IRREV TRUST,AMZN.O,P/S/E,01/22/2026,02/03/2026,I/K,STOCK/FUND,IK,의심,amount-multi;type;owner,89.4
8221322,Ro Khanna (D-CA17),04,DC,VISAINC. CMN CLASS A,V,S,01/22/2026,02/03/2026,"$1,001-$15,000",STOCK/FUND,A,확인,,76.2
8221322,Ro Khanna (D-CA17),04,DC,"BUILDERS FIRSTSOURCE, INC. CMN",,S,01/22/2026,02/03/2026,"$1,001-$15,000",STOCK/FUND,A,확인,,76.4
8221322,Ro Khanna (D-CA17),04,,"CARMAX, INC. CMIN",,S,01/22/2026,02/03/2026,"$1,001-$15,000",STOCK/FUND,A,의심,owner,82.7
8221322,Ro Khanna (D-CA17),04,,NVRINCCMN,,S,01/22/2026,02/03/2025,"$1,001-$15,000",STOCK/FUND,A,의심,owner;name-illegible,54.3
8221322,Ro Khanna (D-CA17),04,DC,EQUITABLE HOLDINGS INC CMN,,S,01/22/2026,02/03/2026,"$1,001-$15,000",STOCK/FUND,A,확인,,89.6
8221322,Ro Khanna (D-CA17),04,,DOVER CORPORATION CMN,,S,01/22/2026,02/03/2026,"$1,001-$15,000",STOCK/FUND,A,의심,owner,90.1
8221322,Ro Khanna (D-CA17),04,,KEYCORP CMN,,S,01/22/2026,02/03/2026,"$1,001-$15,000",STOCK/FUND,A,의심,owner;name-illegible,34.0
8221322,Ro Khanna (D-CA17),04,,GENERAL MOTORS COMPANY CMN,,S,01/22/2026,02/03/2026,"$1,001-$15,000",STOCK/FUND,A,의심,owner,90.1
8221322,Ro Khanna (D-CA17),04,,KIMBERLY-CLARK CORPORATION CMN,,S,01/22/2026,02/03/2026,"$1,001-$15,000",STOCK/FUND,A,의심,owner,63.2
8221322,Ro Khanna (D-CA17),04,,"SS&C |CMN TECHNOLOGIES HOLDINGS, IN",,S,01/22/2026,02/03/2026,"$1,001-$15,000",STOCK/FUND,A,의심,owner,81.6
8221322,Ro Khanna (D-CA17),04,DC,SOLVENTUM CORPORATION CMN,,S,01/22/2026,02/03/2026,"$1,001-$15,000",STOCK/FUND,A,확인,,89.9
8221322,Ro Khanna (D-CA17),04,DC,THERMO FISHER SCIENTIFIC INC CMN,,S,01/12/2026,02/03/2026,"$1,001-$15,000",STOCK/FUND,A,확인,,88.6
8221322,Ro Khanna (D-CA17),04,,WIX.COM LTD CMN,,S,01/22/2026,02/03/2026,"$1,001-$15,000",STOCK/FUND,A,의심,owner,69.7
8221322,Ro Khanna (D-CA17),04,,CARRIER GLOBAL CORPORATION CMIN,,S,01/22/2026,02/03/2026,"$1,001-$15,000",STOCK/FUND,A,의심,owner,75.3
8221322,Ro Khanna (D-CA17),04,DC,/KEYCORP CMN,,S,01/13/2026,02/03/2026,"$1,001-$15,000",STOCK/FUND,A,의심,name-illegible,57.1
8221322,Ro Khanna (D-CA17),04,DC,REGALREXNORD CORP CMN,,S,01/13/2026,02/03/2026,"$1,001-$15,000",STOCK/FUND,A,확인,,75.8
8221322,Ro Khanna (D-CA17),04,DC,LABCORP HOLDINGS INC CMN,,S,01/12/26/,02/03/2026,"$1,001-$15,000",STOCK/FUND,A,의심,date,79.3
8221322,Ro Khanna (D-CA17),05,,"PROVIDE FD 2010 NAME, NOT TICKER SYMBOL",,P/E,,,I/K,STOCK/FUND,IK,의심,amount-multi;type;date;notified;owner,63.5
8221322,Ro Khanna (D-CA17),05,,"AND {CMN MARTIN USHA AHUJA MARIETTA MATERIALS, DRREV TRUST FBO INC",,P/E,01/20/2026,02/03/2026,I/K,STOCK/FUND,IK,의심,amount-multi;type;owner,74.5
8221322,Ro Khanna (D-CA17),05,DC,FERGUSON ENTERPRISES INC CMN,,S,01/21/2026,02/03/2026,"$1,001-$15,000",STOCK/FUND,A,확인,,84.1
8221322,Ro Khanna (D-CA17),05,DC,"SS&C J{CMN TECHNOLOGIES HOLDINGS, IN",,S,01/12/2026,02/03/2026,"$1,001-$15,000",STOCK/FUND,A,확인,,69.1
8221322,Ro Khanna (D-CA17),05,,GENERALMOTORS COMPANY CMN,,S,01/20/2026,02/03/2026,"$1,001-$15,000",STOCK/FUND,A,의심,owner,85.7
8221322,Ro Khanna (D-CA17),06,,GRANDCHILDREN'S GS [FUND INTERNATIONAL CLASSP EDUCATION EQUITY TRUST INSIGHTS,,P/E,01/27/2026,02/03/2026,I/K,STOCK/FUND,IK,의심,amount-multi;type;owner,84.0
8221322,Ro Khanna (D-CA17),06,DC,KIMBERLY-CLARK CORPORATION CMN,,P,01/21/2026,02/03/2026,"$1,001-$15,000",STOCK/FUND,A,의심,name-illegible,31.0
8221322,Ro Khanna (D-CA17),06,,KIMBERLY-CLARK CORPORATION CMN,,P,01/21/2026,02/03/2026,"$1,001-$15,000",STOCK/FUND,A,의심,owner,60.2
8221322,Ro Khanna (D-CA17),06,DC,CARRIER GLOBALCORPORATION CMN,,P,01/20/2026,02/03/2026,"$1,001-$15,000",STOCK/FUND,A,확인,,73.2
8221322,Ro Khanna (D-CA17),06,DC,FACTSET RESEARCH SYSTEMS INCCMN,,P,02/29/2026,02/03/2026,"$1,001-$15,000",STOCK/FUND,A,의심,name-illegible,46.4
8221322,Ro Khanna (D-CA17),06,DC,BERKSHIRE HATHAWAY INC. CLASS 8,BRKb,S,01/22/2026,02/03/2026,"$1,001-$15,000",STOCK/FUND,A,확인,,73.8
8221322,Ro Khanna (D-CA17),06,DC,COLGATE-PALMOLIVE CO CMN,,S,01/22/2026,02/03/2026,"$1,001-$15,000",STOCK/FUND,A,확인,,73.1
8221322,Ro Khanna (D-CA17),06,,"AMERICAN INTL GROUP, INC. CMN",,S,01/22/2026,02/03/2026,"$1,001-$15,000",STOCK/FUND,A,의심,owner,73.4
8221322,Ro Khanna (D-CA17),06,DC,TEXAS INSTRUMENTS INC. CMN,,S,01/22/2026,02/03/2026,"$1,001-$15,000",STOCK/FUND,A,의심,name-illegible,59.4
8221322,Ro Khanna (D-CA17),06,,ABBOTT LABORATORIES CMN,,S,01/22/2026,02/03/2026,A/G,STOCK/FUND,AG,의심,amount-multi;owner;name-illegible,52.5
8221322,Ro Khanna (D-CA17),06,DC,AON |CLASSA PUBLIC LIMITED COMPANY CMN,,S,01/22/2026,02/03/2026,"$1,001-$15,000",STOCK/FUND,A,확인,,86.0
8221322,Ro Khanna (D-CA17),06,DC,WASTE MANAGEMENT INC CMN,,S,01/22/2026,02/03/2026,"$1,001-$15,000",STOCK/FUND,A,확인,,81.5
8221322,Ro Khanna (D-CA17),06,DC,SYSCO CORPORATION CMIN,,S,01/22/2026,02/03/2026,"$1,001-$15,000",STOCK/FUND,A,확인,,62.6
8221322,Ro Khanna (D-CA17),06,DC,BANK OF AMERICA CORP CMN,,S,01/22/2026,02/03/2026,"$1,001-$15,000",STOCK/FUND,A,확인,,83.6
8221322,Ro Khanna (D-CA17),06,DC,UNION |EQTY DN PACIFIC CASH BASE CORP. JSE UNPI INT,,S,01/22/2026,02/03/2026,"$1,001-$15,000",STOCK/FUND,A,확인,,84.2
8221322,Ro Khanna (D-CA17),06,DC,ZOETIS INC. CMN CLASS A,,S,01/22/2026,02/03/2026,"$1,001-$15,000",STOCK/FUND,A,확인,,67.0
8221322,Ro Khanna (D-CA17),06,DC,EXYRASPACE STORAGE INC. CMN,,S,01/22/2026,02/03/2026,"$1,001-$15,000",STOCK/FUND,A,확인,,74.0
8221322,Ro Khanna (D-CA17),06,DC,GENERAL MILLS INC CMIN,,S,01/22/2026,02/03/2026,"$1,001-$15,000",STOCK/FUND,A,의심,amount-ambig,86.6
8221322,Ro Khanna (D-CA17),06,DC,SBA |CORPORATION COMMUNICATIONS CMN,,S,01/22/2026,02/03/2026,A/I/K,STOCK/FUND,AIK,의심,amount-multi,86.3
8221322,Ro Khanna (D-CA17),06,DC,WALT DISNEY COMPANY (THE) CMN,,S,01/22/2026,02/03/2026,A/K,STOCK/FUND,AK,의심,amount-multi,60.2
8221322,Ro Khanna (D-CA17),07,,FU ASET NAME,,P/S/E,,Cate of Transaction,A/I,STOCK/FUND,AI,의심,amount-multi;type;date;notified;owner;name-illegible,48.4
8221322,Ro Khanna (D-CA17),07,,"PROVIDE FUDT NAME, NOR TICKER SRMBOK",,P/E,% Portict t,CO),A/H/I/J/K,STOCK/FUND,AHIJK,의심,amount-multi;type;date;notified;owner;name-illegible,49.9
8221322,Ro Khanna (D-CA17),07,,GRANDCHILDREN'S _|DEGRE & COMPANY EDUCATION CMN TRUST,,P/S/E,.,01/22/26| 8,A/J,STOCK/FUND,AJ,의심,amount-multi;type;date;notified;owner,80.0
8221322,Ro Khanna (D-CA17),07,DC,"METLIFE, INC. CMAN",,S,,01/22/2026,"$1,001-$15,000",STOCK/FUND,A,의심,date;name-illegible,39.4
8221322,Ro Khanna (D-CA17),07,,SALESFORCE INC CMN,CRM,S,,01/22/2026,"$1,001-$15,000",STOCK/FUND,A,의심,date;owner,77.1
8221322,Ro Khanna (D-CA17),07,,ADOBE INC CMN,,S,,01/22/2026,"$1,001-$15,000",STOCK/FUND,A,의심,date;owner;name-illegible,7.2
8221322,Ro Khanna (D-CA17),07,DC,STARBUCKS CORP. CMN,,S,,01/22/2026,"$1,001-$15,000",STOCK/FUND,A,의심,date,76.4
8221322,Ro Khanna (D-CA17),07,,DC_|LABCORP HOLDINGS INC CMN,,S,x,01/22/2026,"$1,001-$15,000",STOCK/FUND,A,의심,date;owner,79.6
8221322,Ro Khanna (D-CA17),07,,MEDTRONIC _{CMN PUBLIC UIMITED COMPA,,S,,01/22/2026,"$1,001-$15,000",STOCK/FUND,A,의심,date;owner,72.5
8221322,Ro Khanna (D-CA17),07,,"INTERNATIONAL PAPER CO, CMN",,S,,01/22/2026,"$1,001-$15,000",STOCK/FUND,A,의심,date;owner,69.1
8221322,Ro Khanna (D-CA17),07,,DC_|PFIZER INC. CMN,,S,,01/22/2026,"$1,001-$15,000",STOCK/FUND,A,의심,date;owner,72.7
8221322,Ro Khanna (D-CA17),07,DC,THERMO FISHER SCIENTIFIC INC CMN,,S,,01/22/2026,"$1,001-$15,000",STOCK/FUND,A,의심,date,85.3
8221322,Ro Khanna (D-CA17),07,,"MARTIN _|CMN MARIETTA MATERIALS,INC",,S,x,01/22/2026,"$1,001-$15,000",STOCK/FUND,A,의심,date;owner,73.9
8221322,Ro Khanna (D-CA17),07,,ACCENTURE PLC CMN CLASS A,,S,,01/22/2026,"$1,001-$15,000",STOCK/FUND,A,의심,date;owner,78.2
8221322,Ro Khanna (D-CA17),07,DC,COOPER COS INC/THE CMN,,S,,01/22/2026,"$1,001-$15,000",STOCK/FUND,A,의심,date,68.8
8221322,Ro Khanna (D-CA17),07,DC,FEDEX CORPORATION CMN,,S,,01/22/2026,"$1,001-$15,000",STOCK/FUND,A,의심,date,77.6
8221322,Ro Khanna (D-CA17),07,,REGAL REXNORD CORP CMIN,,S,x,01/22/2026,"$1,001-$15,000",STOCK/FUND,A,의심,date;owner,60.4
8221322,Ro Khanna (D-CA17),07,DC,FERGUSON ENTERPRISES INC CMN,,S,x,01/22/2026,"$1,001-$15,000",STOCK/FUND,A,의심,date,80.9
8221322,Ro Khanna (D-CA17),07,DC,NVRINCCMN,,S,,01/22/2026,"$1,001-$15,000",STOCK/FUND,A,의심,date;name-illegible,37.5
8221322,Ro Khanna (D-CA17),07,,AMAZON.COM INC CMN,AMZN.O,S,x,01/22/2026,"$1,001-$15,000",STOCK/FUND,A,의심,date;owner;name-illegible,15.8
8221322,Ro Khanna (D-CA17),07,,"BUILDERS FIRSTSOURCE, INC. CIN",,S,,01/22/2026,"$1,001-$15,000",STOCK/FUND,A,의심,date;owner;name-illegible,59.7
8221322,Ro Khanna (D-CA17),07,,VISAINC. CMN CLASS A,V,S,,01/22/2026,"$1,001-$15,000",STOCK/FUND,A,의심,date;owner,64.1
8221322,Ro Khanna (D-CA17),07,,"CARMAX, INC. CMIN",,S,,01/22/2026,"$1,001-$15,000",STOCK/FUND,A,의심,date;owner;name-illegible,49.5
8221322,Ro Khanna (D-CA17),08,,FULTASTET NAME,,P/S/E,[Oatect transection},Data Transaction Raed oF,G/H,STOCK/FUND,GH,의심,amount-multi;type;date;notified;owner;name-illegible,55.8
8221322,Ro Khanna (D-CA17),08,,GRANDCHILDREN'S |EQUITASLE HOLDINGS EDUCATION INC TRUST CMN,,P/S/E,01/22/2026,02/03/2026,I/K,STOCK/FUND,IK,의심,amount-multi;type;owner,76.9
8221322,Ro Khanna (D-CA17),08,,DOVER CORPORATION CMN,,S,01/2226!,02/03/2026,"$1,001-$15,000",STOCK/FUND,A,의심,date;owner,76.9
8221322,Ro Khanna (D-CA17),08,DC,GENERAL MOTORS COMPANY CMN,,S,01/22/2026,02/03/2026,"$1,001-$15,000",STOCK/FUND,A,확인,,86.2
8221322,Ro Khanna (D-CA17),08,,DC_|KEYCORP CMN,,S,01/22/2026,02/03/2026,"$1,001-$15,000",STOCK/FUND,A,의심,owner;name-illegible,20.9
8221322,Ro Khanna (D-CA17),08,,DC_|KUMBERLY-CLARK CORPORATION CMN,,S,01/22/2026,02/03/2026,"$1,001-$15,000",STOCK/FUND,A,의심,owner,61.9
8221322,Ro Khanna (D-CA17),08,,"PC_|¢MN SS&C TECHNOLOGIES : HOLDINGS, IN",,S,01/22/2026,02/03/2026,"$1,001-$15,000",STOCK/FUND,A,의심,owner,73.1
8221322,Ro Khanna (D-CA17),08,DC,DECKERS OUTDOORS CORP CMN,,S,01/26/2026,02/03/2026,"$1,001-$15,000",STOCK/FUND,A,확인,,72.1
8221322,Ro Khanna (D-CA17),08,DC,DECKERS OUTDOORS CORP CMN,,S,01/28/2026,02/03/2026,"$1,001-$15,000",STOCK/FUND,A,확인,,79.3
8221322,Ro Khanna (D-CA17),08,DC,THERMO FISHER SCIENTIFIC INC CMN,,S,01/12/2026,02/03/2026,"$1,001-$15,000",STOCK/FUND,A,확인,,80.9
8221322,Ro Khanna (D-CA17),08,DC,SOLVENTUM CORPORATION CMN,,S,01/22/2026,02/03/2026,"$1,001-$15,000",STOCK/FUND,A,확인,,80.3
8221322,Ro Khanna (D-CA17),08,DC,WIX.COM LTD CMN,,S,01/22/2026,02/03/2026,"$1,001-$15,000",STOCK/FUND,A,확인,,64.6
8221322,Ro Khanna (D-CA17),08,DC,CARRIER GLOBAL CORPORATION CMN,,S,01/22/2026,02/03/2026,"$1,001-$15,000",STOCK/FUND,A,확인,,68.1
8221322,Ro Khanna (D-CA17),08,DC,"ULTRA CLEAN HOLDINGS, INC. CMIN",,S,01/06/2026,02/03/2026,"$1,001-$15,000",STOCK/FUND,A,확인,,67.3
8221322,Ro Khanna (D-CA17),08,DC,"JULTRA CLEAN HOLDINGS, INC. CMIN",,S,01/13/2026,02/03/2026,"$1,001-$15,000",STOCK/FUND,A,확인,,82.4
8221322,Ro Khanna (D-CA17),09,,FED] ANSETT NEME,,P/S/E,Bate of Transaction,Tranzaction,G/H,STOCK/FUND,GH,의심,amount-multi;type;date;notified;owner;name-illegible,44.1
8221322,Ro Khanna (D-CA17),09,,TRUST _|MICROSOFT FBO KHANNA CORPORATION CHILDREN CMN,MSFT.O,P/S/E,01/23/2026,02/03/2026,I/K,STOCK/FUND,IK,의심,amount-multi;type;owner,83.9
8221322,Ro Khanna (D-CA17),09,DC,MORGAN [LINKED TO STANLEY S&P S00 FINANCE INDEX LLC,,P,01/16/2026,02/03/2026,"$15,001-$50,000",STOCK/FUND,B,확인,,81.5
8221322,Ro Khanna (D-CA17),09,,AMAZON.COM INC CMN,AMZN.O,P,01/23/2026,02/03/2026,"$15,001-$50,000",STOCK/FUND,B,의심,owner;name-illegible,58.6
8221322,Ro Khanna (D-CA17),09,DC,APPLE INC. CMN,,P,01/23/2026,02/03/2026,"$15,001-$50,000",STOCK/FUND,B,의심,name-illegible,49.7
8221322,Ro Khanna (D-CA17),09,DC,ALPHASET INC. CMN CLASS A,,P,01/23/2026,02/03/2026,"$15,001-$50,000",STOCK/FUND,B,확인,,72.0
8221322,Ro Khanna (D-CA17),09,DC,JOHNSON & JOHNSON CMN,,P,01/23/2026,02/03/2026,"$15,001-$50,000",STOCK/FUND,B,확인,,71.1
8221322,Ro Khanna (D-CA17),09,,STOCK BOSTON SCIENTIFIC CORP. COMMON,,P,01/23/2025,02/03/2026,"$15,001-$50,000",STOCK/FUND,B,의심,owner,81.9
8221322,Ro Khanna (D-CA17),09,,APPUED MATERIALS INC CMN,,P,01/23/2026,02/03/2026,"$15,001-$50,000",STOCK/FUND,B,의심,owner,81.7
8221322,Ro Khanna (D-CA17),09,,WALT DISNEY COMPANY (THE) CMN,,P,01/06/2026,02/03/2026,"$15,001-$50,000",STOCK/FUND,B,의심,owner,73.5
8221322,Ro Khanna (D-CA17),09,DC,QUALCOMM INC CMN,QCOM.O,P,01/23/2026,02/03/2026,"$15,001-$50,000",STOCK/FUND,B,확인,,82.1
8221322,Ro Khanna (D-CA17),09,DC,THE |CMN PROCTER & GAMBLE COMPANY,,P,01/06/2026,02/03/2026,"$15,001-$50,000",STOCK/FUND,B,확인,,92.8
8221322,Ro Khanna (D-CA17),09,,MARSH ORD CMN,,P,01/23/2026,02/03/2026,"$1,001-$15,000",STOCK/FUND,A,의심,owner;name-illegible,36.8
8221322,Ro Khanna (D-CA17),09,DC,META |CLASSA PLATFORMS INC-CLASS A CMN,,P,01/23/2026,02/03/2026,"$1,001-$15,000",STOCK/FUND,A,확인,,86.3
8221322,Ro Khanna (D-CA17),09,,"ANALOG DEVICES, INC. CMN",,P,01/23/2026,02/03/2026,"$1,001-$15,000",STOCK/FUND,A,의심,owner,83.9
8221322,Ro Khanna (D-CA17),09,,LINDE PLC CMN,,P,01/23/2026,02/03/2026,"$1,001-$15,000",STOCK/FUND,A,의심,owner;name-illegible,51.8
8221322,Ro Khanna (D-CA17),09,,"TESLA, INC. CIN",TSLA.O,P,01/23/2026,02/03/2026,"$1,001-$15,000",STOCK/FUND,A,의심,owner,76.2
8221322,Ro Khanna (D-CA17),09,DC,INTERCONTINENTAL ICMN EXCHANGE INC,,P,01/23/2026,02/03/2026,"$1,001-$15,000",STOCK/FUND,A,확인,,83.1
8221322,Ro Khanna (D-CA17),09,DC,LOWES COMPANIES INC CMN,,P,01/23/2026,02/03/2026,"$1,001-$15,000",STOCK/FUND,A,확인,,82.8
8221322,Ro Khanna (D-CA17),09,,ICMN VERIZON COMMUNICATIONS INC,,P,01/23/2026,02/03/2026,"$1,001-$15,000",STOCK/FUND,A,의심,owner,83.5
8221322,Ro Khanna (D-CA17),10,,"PROVIDE FUL NOME, ENT TICKER SYMBOL",,P/E,4D},y,I/K,STOCK/FUND,IK,의심,amount-multi;type;date;notified;owner;name-illegible,57.0
8221322,Ro Khanna (D-CA17),10,DC,"TRUST __|METLIFE, FBO KHANNA INC. CMN CHILDREN",,P/E,01/23/2026,02/03/2026,I/K,STOCK/FUND,IK,의심,amount-multi;type,76.1
8221322,Ro Khanna (D-CA17),10,DC,JINTUITINC CMN”,,P,01/23/2026,02/03/2026,"$1,001-$15,000",STOCK/FUND,A,의심,name-illegible,40.6
8221322,Ro Khanna (D-CA17),10,,PALANTIR TECHNOLOGIES INC. CMN,PLTR.O,P,01/23/2026,02/03/2026,"$1,001-$15,000",STOCK/FUND,A,의심,owner,78.5
8221322,Ro Khanna (D-CA17),10,DC,PALO ALTO NETWORKS INC. CMN,PANW.O,P,01/23/2026,02/03/2026,"$1,001-$15,000",STOCK/FUND,A,확인,,87.2
8221322,Ro Khanna (D-CA17),10,DC,BOOKING HOLDINGS INC. CMN,,P,01/23/2026,02/03/2026,"$1,001-$15,000",STOCK/FUND,A,확인,,77.9
8221322,Ro Khanna (D-CA17),10,,COSTCO |CMN WHOLESALE CORPORATION,,P,01/23/2026,02/03/2026,"$1,001-$15,000",STOCK/FUND,A,의심,owner,90.3
8221322,Ro Khanna (D-CA17),10,DC,PHILIP MORRIS INTL INC CMN,,P,01/23/2026,02/03/2026,"$1,001-$15,000",STOCK/FUND,A,확인,,62.0
8221322,Ro Khanna (D-CA17),10,,SANDISK LLC CMN,SNDK.O,P,01/23/2026,02/03/2026,"$1,001-$15,000",STOCK/FUND,A,의심,owner,73.9
8221322,Ro Khanna (D-CA17),10,DC,NVIDIA CORPORATION CMN,NVDA.O,P,01/23/2026,02/03/2026,"$1,001-$15,000",STOCK/FUND,A,확인,,75.0
8221322,Ro Khanna (D-CA17),10,DC,QUANTA SERVICES INC CMN,PWR,P,01/23/2026,02/03/2026,"$1,001-$15,000",STOCK/FUND,A,확인,,83.2
8221322,Ro Khanna (D-CA17),10,,THE |CMN PROCTER & GAMBLE COMPANY,,P,01/23/2026,02/03/2026,"$1,001-$15,000",STOCK/FUND,A,의심,owner,89.6
8221322,Ro Khanna (D-CA17),10,,CMN COSTCO WHOLESALE CORPORATION,,P,01/06/2026,02/03/2026,"$1,001-$15,000",STOCK/FUND,A,의심,owner,81.0
8221322,Ro Khanna (D-CA17),10,DC,REPUBLIC SERVICES INC CMN,,P,01/23/2026,02/03/2026,"$1,001-$15,000",STOCK/FUND,A,확인,,75.2
8221322,Ro Khanna (D-CA17),10,,CARVANA CO. CMN CLASS A,,P,01/06/2026,02/03/2026,"$1,001-$15,000",STOCK/FUND,A,의심,owner,83.2
8221322,Ro Khanna (D-CA17),10,DC,WALMART INCCMN,,P,01/23/2026,02/03/2026,"$1,001-$15,000",STOCK/FUND,A,확인,,72.7
8221322,Ro Khanna (D-CA17),10,,MEDTRONIC |CMN PUBLIC LIMITED COMPA,,P,01/23/2026,02/03/2026,"$1,001-$15,000",STOCK/FUND,A,의심,owner,84.4
8221322,Ro Khanna (D-CA17),10,DC,JPMORGAN CHASE & CO CMN,,P,01/23/2026,02/03/2026,"$1,001-$15,000",STOCK/FUND,A,확인,,77.0
8221322,Ro Khanna (D-CA17),10,,"INTUITIVE SURGICAL, INC, CMN",,P,01/23/2026,02/03/2026,"$1,001-$15,000",STOCK/FUND,A,의심,owner,84.1
8221322,Ro Khanna (D-CA17),11,,"PROVIDE FUT NOME, NAT TICKER SYMBOL",,P/E,ayy,AfOD)Y¥ .,I/K,STOCK/FUND,IK,의심,amount-multi;type;date;notified;owner,68.1
8221322,Ro Khanna (D-CA17),11,DC,"TRUST |EQUINIX, FBO KHANNA INC. REIT CHILDREN",,P/E,01/06/2026,02/03/2026,I/K,STOCK/FUND,IK,의심,amount-multi;type,91.9
8221322,Ro Khanna (D-CA17),11,,ARES {CMNCLASSA MANAGEMENT CORPORATION,,P,01/23/2026,02/03/2026,"$1,001-$15,000",STOCK/FUND,A,의심,owner,90.6
8221322,Ro Khanna (D-CA17),11,,ZIMMER BIOMET HOLDINGS INC,,P,01/23/2026,02/03/2026,"$1,001-$15,000",STOCK/FUND,A,의심,owner,87.9
8221322,Ro Khanna (D-CA17),11,DC,WALT DISNEY COMPANY (THE) CMN,,P,01/23/2026,02/03/2026,"$1,001-$15,000",STOCK/FUND,A,확인,,85.0
8221322,Ro Khanna (D-CA17),11,DC,"CMN INTERACTIVE CLASSA BROKERS GROUP, INC",,P,01/23/2026,02/03/2026,"$1,001-$15,000",STOCK/FUND,A,확인,,85.2
8221322,Ro Khanna (D-CA17),11,DC,"NETELIX, INC. CMIN",,P,01/23/2026,02/03/2026,"$1,001-$15,000",STOCK/FUND,A,의심,name-illegible,53.4
8221322,Ro Khanna (D-CA17),11,,AUTOMATIC |CMN DATA PROCESSING INC,,P,01/23/2026,02/03/2026,"$1,001-$15,000",STOCK/FUND,A,의심,owner,91.5
8221322,Ro Khanna (D-CA17),11,DC,CINTAS CORPORATION CMN,,P,01/23/2026,02/03/2026,"$1,001-$15,000",STOCK/FUND,A,확인,,63.3
8221322,Ro Khanna (D-CA17),11,DC,TX COMPANIES INC (NEW) CMN,,P,01/23/2026,02/03/2026,"$1,001-$15,000",STOCK/FUND,A,확인,,79.7
8221322,Ro Khanna (D-CA17),11,,"WORKDAY, INC. CIN CLASS A",,P,01/23/2026,02/03/2026,"$1,001-$15,000",STOCK/FUND,A,의심,owner,80.2
8221322,Ro Khanna (D-CA17),11,DC,"COINBASE GLOBAL, INC. CMN CLASSA",COIN.O,P,01/06/2026,02/03/2026,"$1,001-$15,000",STOCK/FUND,A,확인,,67.1
8221322,Ro Khanna (D-CA17),11,DC,PALO ALTO NETWORKS INC. CMN,PANW.O,P,01/06/2026,02/03/2026,"$1,001-$15,000",STOCK/FUND,A,확인,,88.0
8221322,Ro Khanna (D-CA17),11,DC,"COPART, INC. CMIN",,P,01/05/2026,02/03/2026,"$1,001-$15,000",STOCK/FUND,A,확인,,64.9
8221322,Ro Khanna (D-CA17),11,DC,EMERSON ELECTRIC CO. CMN,,P,01/23/2026,02/03/2026,"$1,001-$15,000",STOCK/FUND,A,확인,,83.4
8221322,Ro Khanna (D-CA17),11,,LOWES COMPANIES INCCMN,,P,01/06/2026,02/03/2026,"$1,001-$15,000",STOCK/FUND,A,의심,owner,67.7
8221322,Ro Khanna (D-CA17),11,DC,JAMERICAN EXPRESS CO. CMN,,P,01/23/2026,02/03/2026,"$1,001-$15,000",STOCK/FUND,A,확인,,66.6
8221322,Ro Khanna (D-CA17),11,DC,AMERICAN |CMN TOWER CORPORATION,,P,01/23/2026,02/03/2026,"$1,001-$15,000",STOCK/FUND,A,확인,,75.5
8221322,Ro Khanna (D-CA17),11,DC,NXP SEMICONDUCTORS N.V. CMN,,P,01/23/2026,02/03/2026,"$1,001-$15,000",STOCK/FUND,A,확인,,68.9
8221322,Ro Khanna (D-CA17),11,DC,WELLS FARGO & COMPANY CMN,,P,01/23/2026,02/03/2026,"$1,001-$15,000",STOCK/FUND,A,확인,,81.1
8221322,Ro Khanna (D-CA17),12,DC,"JAIRBNB, FBO KHANNA INC. CMIN CHIFDREN CLASS A",,P/E,,,A/B/J/K,STOCK/FUND,ABJK,의심,amount-multi;type;date;notified,78.3
8221322,Ro Khanna (D-CA17),12,,EULILLY&COCMN,,P,,,A/B,STOCK/FUND,AB,의심,amount-multi;date;notified;owner;name-illegible,35.6
8221322,Ro Khanna (D-CA17),12,,JABBVIEINC.CMN,,P,,,A/B,STOCK/FUND,AB,의심,amount-multi;date;notified;owner;name-illegible,49.1
8221322,Ro Khanna (D-CA17),12,,DANAHER CORPORATION CMN,,P,,,A/B,STOCK/FUND,AB,의심,amount-multi;date;notified;owner,84.1
8221322,Ro Khanna (D-CA17),12,,INTL BUSINESS MACHINES CORP CMN,,P,,,A/B,STOCK/FUND,AB,의심,amount-multi;date;notified;owner;name-illegible,59.1
8221322,Ro Khanna (D-CA17),12,,SALESFORCE INC CMN,CRM,P,;,,A/B,STOCK/FUND,AB,의심,amount-multi;date;notified;owner,73.9
8221322,Ro Khanna (D-CA17),12,,PHILIP MORRIS INTLINC CMN,,P,,,A/B,STOCK/FUND,AB,의심,amount-multi;date;notified;owner,86.3
8221322,Ro Khanna (D-CA17),12,DC,"CMN MONOLITHIC POWER SYSTEMS, INC",,P,‘,,A/B,STOCK/FUND,AB,의심,amount-multi;date;notified,94.8
8221322,Ro Khanna (D-CA17),12,,VISAINC. CMN CLASS A,V,P,,,A/B,STOCK/FUND,AB,의심,amount-multi;date;notified;owner;name-illegible,44.0
8221322,Ro Khanna (D-CA17),12,DC,"AMERIPRISE FINANCIAL, INC. CMN",,P,,,A/B,STOCK/FUND,AB,의심,amount-multi;date;notified,89.6
8221322,Ro Khanna (D-CA17),12,,VERTEX |CMN PHARMACEUTICALS INCORPO,,P,,,A/B,STOCK/FUND,AB,의심,amount-multi;date;notified;owner,80.7
8221322,Ro Khanna (D-CA17),12,,HILTON |CMN WORLDWIDE HOLDINGS INC,,P,,,A/B,STOCK/FUND,AB,의심,amount-multi;date;notified;owner,92.1
8221322,Ro Khanna (D-CA17),12,,CMN LIVE NATION ENTERTAINMENT ING,,P,,,A/B,STOCK/FUND,AB,의심,amount-multi;date;notified;owner,77.9
8221322,Ro Khanna (D-CA17),12,,LAM RESEARCH CORPORATION CMN,,P,,“|,A/B,STOCK/FUND,AB,의심,amount-multi;date;notified;owner,76.3
8221322,Ro Khanna (D-CA17),12,,LROV0SSS2868 ROYAL CARIBBEAN GROUP ISIN,,P,,;,A/B,STOCK/FUND,AB,의심,amount-multi;date;notified;owner,69.5
8221322,Ro Khanna (D-CA17),12,DC,"ROBINHOOD MARKETS, INC. CMN",HOOD.O,P,,,A/B,STOCK/FUND,AB,의심,amount-multi;date;notified,80.8
8221322,Ro Khanna (D-CA17),12,,UNITEDHEALTH |CMN GROUP INCORPORATE,,P,,,A/B,STOCK/FUND,AB,의심,amount-multi;date;notified;owner,84.2
8221322,Ro Khanna (D-CA17),12,DC,XYLEM INC. CMN,,P,:,,A/B,STOCK/FUND,AB,의심,amount-multi;date;notified,79.3
8221322,Ro Khanna (D-CA17),12,,"CBRE GROUP, INC. CIMIN CLASS A",,P,,,A/B,STOCK/FUND,AB,의심,amount-multi;date;notified;owner,61.9
8221322,Ro Khanna (D-CA17),13,,FALL ASTAT NAME,,P/S/E,Data of Trunsecilen,Tate ‘Transaction Routed oF,G/H,STOCK/FUND,GH,의심,amount-multi;type;date;notified;owner,63.4
8221322,Ro Khanna (D-CA17),13,,TRUST __|CIGNA FBO GROUP/THE KHANNA CHILDREN CMN,,P/E,01/23/2026,02/03/2026,I/K,STOCK/FUND,IK,의심,amount-multi;type;owner,71.4
8221322,Ro Khanna (D-CA17),13,,ROCKWELL AUTOMATION INC CMN,,P,01/23/2026,02/03/2026,"$1,001-$15,000",STOCK/FUND,A,의심,owner,73.0
8221322,Ro Khanna (D-CA17),13,,"DARDEN RESTAURANTS, INC. CMIN",,P,01/23/2026,02/03/2026,"$1,001-$15,000",STOCK/FUND,A,의심,owner,93.4
8221322,Ro Khanna (D-CA17),13,DC,MCKESSON CORPORATION CMN,,P,01/23/2026,02/03/2026,"$1,001-$15,000",STOCK/FUND,A,확인,,74.5
8221322,Ro Khanna (D-CA17),13,,OTES |CMN WORLOWIDE CORPORATION,,P,01/23/2026,02/03/2026,"$1,001-$15,000",STOCK/FUND,A,의심,owner,87.3
8221322,Ro Khanna (D-CA17),13,DC,"WILLIAMS-SONOMA, INC. CMN",,P,01/23/2026,02/03/2026,"$1,001-$15,000",STOCK/FUND,A,확인,,61.5
8221322,Ro Khanna (D-CA17),13,DC,APOLLO |CMNN CLASSA GLOBAL MANAGEMENT : INC,,P,01/23/2026,02/03/2026,"$1,001-$15,000",STOCK/FUND,A,확인,,73.6
8221322,Ro Khanna (D-CA17),13,,JINSULET CORPORATION CMN,,P,01/23/2026,02/03/2026,"$1,001-$15,000",STOCK/FUND,A,의심,owner,69.0
8221322,Ro Khanna (D-CA17),13,,3M COMPANY CMN,,P,01/23/2026,02/03/2026,"$1,001-$15,000",STOCK/FUND,A,의심,owner,84.1
8221322,Ro Khanna (D-CA17),13,,"CMN BECTON, DICKINSON AND COMPANY",,P,01/23/2026,02/03/2026,"$1,001-$15,000",STOCK/FUND,A,의심,owner,85.9
8221322,Ro Khanna (D-CA17),13,,"GROUP, INC. CMN",,P,01/23/2026,02/03/2026,"$1,001-$15,000",STOCK/FUND,A,의심,owner,91.1
8221322,Ro Khanna (D-CA17),13,,BESTBUY CO INCCMN,,P,01/23/2026,02/03/2026,"$1,001-$15,000",STOCK/FUND,A,의심,owner;name-illegible,40.7
8221322,Ro Khanna (D-CA17),13,DC,MOTOROLA SOLUTIONS INC CMN,,P,01/23/2026,02/03/2026,"$1,001-$15,000",STOCK/FUND,A,확인,,81.5
8221322,Ro Khanna (D-CA17),13,DC,CARRIER GLOBAL CORPORATION CMN,,P,01/23/2026,02/03/2026,"$1,001-$15,000",STOCK/FUND,A,확인,,86.7
8221322,Ro Khanna (D-CA17),13,,PUBLIC STORAGE CMN,,P,01/06/2026,02/03/2026,"$1,001-$15,000",STOCK/FUND,A,의심,owner,81.2
8221322,Ro Khanna (D-CA17),13,,"DC_|EQUINIX, INC, REIT",,P,01/23/2026,02/03/2026,"$1,001-$15,000",STOCK/FUND,A,의심,owner,63.1
8221322,Ro Khanna (D-CA17),13,,"DIGITAL REALTY TRUST, INC. CMIN",,P,01/06/2026,02/03/2026,"$1,001-$15,000",STOCK/FUND,A,의심,owner,70.4
8221322,Ro Khanna (D-CA17),13,,JSTARBUCKS CORP. CMN,,P,01/23/2026,02/03/2026,"$1,001-$15,000",STOCK/FUND,A,의심,owner,79.3
8221322,Ro Khanna (D-CA17),13,,"MODERNA, INC. CMN",MRNA.O,P,01/23/2026,02/03/2026,"$1,001-$15,000",STOCK/FUND,A,의심,owner,92.0
8221322,Ro Khanna (D-CA17),14,,TRUST STERIS |CMN FRO PUBLIC KHANNA LIMITED CHILDREN COMPANY,,P/E,01/23/2026,02/03/2026,I/K,STOCK/FUND,IK,의심,amount-multi;type;owner,88.6
8221322,Ro Khanna (D-CA17),14,,ZOETIS INC. CMN CLASS A,,P,01/06/2026,02/03/2026,"$1,001-$15,000",STOCK/FUND,A,의심,owner,66.1
8221322,Ro Khanna (D-CA17),14,DC,ILLINOIS TOOL WORKS CMN,,P,01/23/2026,02/03/2026,"$1,001-$15,000",STOCK/FUND,A,확인,,68.6
8221322,Ro Khanna (D-CA17),14,DC,ICRH PUBLIC LIMITED COMPANY CMN,,P,01/06/2026,02/03/2026,"$1,001-$15,000",STOCK/FUND,A,확인,,74.4
8221322,Ro Khanna (D-CA17),14,DC,WARNER |CLASSA BROS DISCOVERY INC CMN,,P,01/23/2026,02/03/2026,"$1,001-$15,000",STOCK/FUND,A,확인,,81.9
8221322,Ro Khanna (D-CA17),14,DC,CMN HARTFORD INSURANCE GROUP INC/T,,P,01/23/2026,02/03/2026,"$1,001-$15,000",STOCK/FUND,A,확인,,73.2
8221322,Ro Khanna (D-CA17),14,DC,CARNIVAL CORPORATION CMN,,P,01/23/2026,02/03/2026,"$1,001-$15,000",STOCK/FUND,A,확인,,64.4
8221322,Ro Khanna (D-CA17),14,,VICI PROPERTIES INC. CMIN,,P,01/23/2026,02/03/2026,"$1,001-$15,000",STOCK/FUND,A,의심,owner,81.7
8221322,Ro Khanna (D-CA17),14,,"CHURCH & DWIGHT CO., INC. CMN",,P,01/06/2026,02/03/2026,"$1,001-$15,000",STOCK/FUND,A,의심,owner,76.3
8221322,Ro Khanna (D-CA17),14,DC,"CHARTER |CMN COMMUNICATIONS, INC",,P,01/23/2026,02/03/2026,"$1,001-$15,000",STOCK/FUND,A,확인,,83.2
8221322,Ro Khanna (D-CA17),14,,BRISTOL-MYERS |CMN SQUIBB COMPANY,,P,03/23/2026,02/03/2026,"$1,001-$15,000",STOCK/FUND,A,의심,owner,88.7
8221322,Ro Khanna (D-CA17),14,DC,"YUM BRANOS, INC. CMN",,P,01/23/2026,02/03/2026,"$1,001-$15,000",STOCK/FUND,A,확인,,79.8
8221322,Ro Khanna (D-CA17),14,DC,GEN DIGITALINC CMN,,P,01/23/2026,02/03/2026,"$1,001-$15,000",STOCK/FUND,A,확인,,82.9
8221322,Ro Khanna (D-CA17),14,DC,"BLOCK, INC. CMIN CLASS A",,P,01/06/2026,02/03/2026,"$1,001-$15,000",STOCK/FUND,A,확인,,81.3
8221322,Ro Khanna (D-CA17),14,DC,"ICMN MONDELEZ INTERNATIONAL, INC. “",,P,01/23/2026,02/03/2026,"$1,001-$15,000",STOCK/FUND,A,확인,,63.4
8221322,Ro Khanna (D-CA17),14,DC,"ROSS STORES,INC CMN",,P,01/23/2026,02/03/2026,"$1,001-$15,000",STOCK/FUND,A,확인,,80.5
8221322,Ro Khanna (D-CA17),14,,UNITED AIRLINES HOLDINGS INCCMN,,P,01/23/2026,02/03/2026,"$1,001-$15,000",STOCK/FUND,A,의심,owner;name-illegible,35.5
8221322,Ro Khanna (D-CA17),14,DC,REGENERON |CMN PHARMACEUTICAL INC,,P,03/23/2026,02/03/2026,"$1,001-$15,000",STOCK/FUND,A,확인,,87.1
8221322,Ro Khanna (D-CA17),14,DC,"D.R. HORTON, INC. CMN",,P,01/23/2026,02/03/2026,"$1,001-$15,000",STOCK/FUND,A,확인,,83.1
8221322,Ro Khanna (D-CA17),15,,"PROVIDE FOB NOME, NOT TICKER SYMBOL",,P/E,MM/DD/YY,,I/K,STOCK/FUND,IK,의심,amount-multi;type;date;notified;owner;name-illegible,51.2
8221322,Ro Khanna (D-CA17),15,DC,TRUST __|BLACKSTONE FBO KHANNA GROUP CHILDREN INC/THE CMN,,P/E,01/23/2026,02/03/2026,I/K,STOCK/FUND,IK,의심,amount-multi;type,84.8
8221322,Ro Khanna (D-CA17),15,,IRON |CMN MOUNTAIN ‘ INCORPORATED,,P,01/23/2026,02/03/2026,"$1,001-$15,000",STOCK/FUND,A,의심,owner,79.7
8221322,Ro Khanna (D-CA17),15,DC,FASTENAL COMPANY CMN,,P,01/23/2026,02/03/2026,"$1,001-$15,000",STOCK/FUND,A,확인,,76.0
8221322,Ro Khanna (D-CA17),15,,ZOETIS INC. CMN CLASS A,,P,01/23/2026,02/03/2026,"$1,001-$15,000",STOCK/FUND,A,의심,owner,78.1
8221322,Ro Khanna (D-CA17),15,,ARCH CAPITAL GROUP LTD. CMIN,,P,01/23/2026,02/03/2026,"$1,001-$15,000",STOCK/FUND,A,의심,owner,72.7
8221322,Ro Khanna (D-CA17),15,,"FISERV, INC. CMN",,P,01/23/2026,02/03/2026,"$1,001-$15,000",STOCK/FUND,A,의심,owner;name-illegible,46.6
8221322,Ro Khanna (D-CA17),15,DC,MARSH & MCLENNAN CO INC CMN,,P,01/06/2026,02/03/2026,A/C,STOCK/FUND,AC,의심,amount-multi,79.5
8221322,Ro Khanna (D-CA17),15,DC,ELEVANCE HEALTH INC CMN,,P,01/23/2026,02/03/2026,"$1,001-$15,000",STOCK/FUND,A,확인,,72.3
8221322,Ro Khanna (D-CA17),15,DC,EQUITY RESIDENTIAL CMN,,P,01/06/2026,02/03/2026,"$1,001-$15,000",STOCK/FUND,A,의심,name-illegible,56.3
8221322,Ro Khanna (D-CA17),15,,"MONDELEZ __|CMN INTERNATIONAL, ; INC",,P,01/06/2026,02/03/2026,"$1,001-$15,000",STOCK/FUND,A,의심,owner;name-illegible,59.3
8221322,Ro Khanna (D-CA17),15,,"PPG INDUSTRIES, INC. CIN",,P,01/05/2026,02/03/2026,"$1,001-$15,000",STOCK/FUND,A,의심,owner,64.1
8221322,Ro Khanna (D-CA17),15,,PUBLIC LIMITEO COMPANY CMN,,P,01/23/2026,02/03/2026,"$1,001-$15,000",STOCK/FUND,A,의심,owner,89.2
8221322,Ro Khanna (D-CA17),15,,"BC__|BLOCK, INC. CMN CLASS A",,P,01/23/2026,02/03/2026,"$1,001-$15,000",STOCK/FUND,A,의심,owner,71.7
8221322,Ro Khanna (D-CA17),15,DC,"WELLTOWER, INC. CMN",,P,01/23/2026,02/03/2026,"$1,001-$15,000",STOCK/FUND,A,확인,,70.7
8221322,Ro Khanna (D-CA17),15,,CARRIER GLOBAL CORPORATION CMN,,P,01/06/2026,02/03/2026,"$1,001-$15,000",STOCK/FUND,A,의심,owner,70.4
8221322,Ro Khanna (D-CA17),15,DC,DOWINCCMN,,P,01/06/2026,02/03/2026,"$1,001-$15,000",STOCK/FUND,A,확인,,62.2
8221322,Ro Khanna (D-CA17),15,,ASILINCCMN,,P,01/23/2026,02/03/2026,"$1,001-$15,000",STOCK/FUND,A,의심,owner;name-illegible,33.0
8221322,Ro Khanna (D-CA17),15,DC,WEYERHAEUSER COMPANY CMN,,P,01/06/2026,02/03/2026,"$1,001-$15,000",STOCK/FUND,A,확인,,83.1
8221322,Ro Khanna (D-CA17),15,DC,"TRADE DESK, INC. (THE) CMN",,P,01/06/2026,02/03/2026,"$1,001-$15,000",STOCK/FUND,A,확인,,70.4
8221322,Ro Khanna (D-CA17),16,,"PROVIDE FA NOME, NOT TICKER GYRABOT",,P/E,Transocthan Portlot,muon,A/I/J,STOCK/FUND,AIJ,의심,amount-multi;type;date;notified;owner,62.9
8221322,Ro Khanna (D-CA17),16,DC,"TRUST _|ROBINHOOD FBO KHANNA MARKETS, CHILDREN INC. CIN",HOOD.O,P/E,,01/06/2026,A/J,STOCK/FUND,AJ,의심,amount-multi;type;date,79.3
8221322,Ro Khanna (D-CA17),16,DC,DEERE & COMPANY CMN,,P,,01/23/2026,"$1,001-$15,000",STOCK/FUND,A,의심,date,82.9
8221322,Ro Khanna (D-CA17),16,,"ALTRIA GROUP, INC. CMN",,P,,01/06/2026,"$1,001-$15,000",STOCK/FUND,A,의심,date;owner,80.9
8221322,Ro Khanna (D-CA17),16,DC,CONAGRA BRANDS INC CMN,,P,,01/05/2026,"$1,001-$15,000",STOCK/FUND,A,의심,date,85.8
8221322,Ro Khanna (D-CA17),16,,GENERAL MILLS INC CMN,,P,,01/06/2026,"$1,001-$15,000",STOCK/FUND,A,의심,date;owner,76.0
8221322,Ro Khanna (D-CA17),16,,AMERICAN {|CMN TOWER CORPORATION,,P,,01/06/2026,"$1,001-$15,000",STOCK/FUND,A,의심,date;owner,72.4
8221322,Ro Khanna (D-CA17),16,DC,CLOROX CO (THE) (DELAWARE) CIMN,,P,,01/05/2026,"$1,001-$15,000",STOCK/FUND,A,의심,date;name-illegible,44.1
8221322,Ro Khanna (D-CA17),16,DC,WASTE MANAGEMENT INC CMN,,P,,01/23/2026,"$1,001-$15,000",STOCK/FUND,A,의심,date,81.3
8221322,Ro Khanna (D-CA17),16,DC,JULTABEAUTY INCCMN,,P,,01/23/2026,"$1,001-$15,000",STOCK/FUND,A,의심,date,81.6
8221322,Ro Khanna (D-CA17),16,DC,"CORTEVA, INC. CMN",,P,,01/06/2026,"$1,001-$15,000",STOCK/FUND,A,의심,date,78.2
8221322,Ro Khanna (D-CA17),16,DC,"DATADOG, INC. CMN CLASS A",DDOG.O,P,,01/06/2026,"$1,001-$15,000",STOCK/FUND,A,의심,date,74.1
8221322,Ro Khanna (D-CA17),16,DC,"DATADOG, INC. CMN CLASS A",DDOG.O,P,,01/23/2026,"$1,001-$15,000",STOCK/FUND,A,의심,date,77.1
8221322,Ro Khanna (D-CA17),16,DC,BROADCOM INC. CMN,AVGO.O,P,,01/23/2026,"$1,001-$15,000",STOCK/FUND,A,의심,date;name-illegible,56.4
8221322,Ro Khanna (D-CA17),16,,EQUIFAX INC. CMN,,P,,01/23/2026,"$1,001-$15,000",STOCK/FUND,A,의심,date;owner;name-illegible,56.8
8221322,Ro Khanna (D-CA17),16,DC,CATERPILLAR INC {OELAWARE) CMN,,P,.,01/23/2026,"$1,001-$15,000",STOCK/FUND,A,의심,date,67.5
8221322,Ro Khanna (D-CA17),16,DC,DOORDASH INC CMN CLASS A,,P,,01/23/2026,"$1,001-$15,000",STOCK/FUND,A,의심,date,67.8
8221322,Ro Khanna (D-CA17),16,DC,GARMIN LTD CMN,,P,,01/23/2026,"$1,001-$15,000",STOCK/FUND,A,의심,date;name-illegible,43.3
8221322,Ro Khanna (D-CA17),16,DC,CROWN CASTLE INTL CORP CMN,,P,,01/06/2026,"$1,001-$15,000",STOCK/FUND,A,의심,date,84.8
8221322,Ro Khanna (D-CA17),16,,GLOBAL PAYMENTS INC. CMN,,P,,01/23/2026,"$1,001-$15,000",STOCK/FUND,A,의심,date;owner,79.0
8221322,Ro Khanna (D-CA17),17,,FUR OSSAT NAME,,P/S/E,,Cate of Traaarticea,A/I,STOCK/FUND,AI,의심,amount-multi;type;date;notified;owner;name-illegible,46.6
8221322,Ro Khanna (D-CA17),17,DC,TRUST {MSCIINC. FBO KHANNA CMN CHILDREN,,P/E,,01/23/2026,A/I/J,STOCK/FUND,AIJ,의심,amount-multi;type;date,88.1
8221322,Ro Khanna (D-CA17),17,,MSCIINC.CMN,,P,,01/06/2026,"$1,001-$15,000",STOCK/FUND,A,의심,date;owner,69.5
8221322,Ro Khanna (D-CA17),17,,"FORTINET, INC. CMN",FTNT.O,P,,01/23/2026,"$1,001-$15,000",STOCK/FUND,A,의심,date;owner,75.9
8221322,Ro Khanna (D-CA17),17,,/ECOLAB INC. CMN,,P,,01/23/2026,"$1,001-$15,000",STOCK/FUND,A,의심,date;owner,61.0
8221322,Ro Khanna (D-CA17),17,,"THE HOME DEPOT, INC. CMN",,S,x,01/23/2026,"$1,001-$15,000",STOCK/FUND,A,의심,date;owner,88.6
8221322,Ro Khanna (D-CA17),17,,MASTERCARD |CLASSA INCORPORATED CMIN,MA,S,x,01/23/2026,"$1,001-$15,000",STOCK/FUND,A,의심,date;owner,86.3
8221322,Ro Khanna (D-CA17),17,DC,OHIO /REV S.0000% ST MENTAL 06/01/27 HEALTH JD CAP FACS,,S,,01/23/2026,"$1,001-$15,000",BOND,A,의심,date,77.8
8221322,Ro Khanna (D-CA17),17,DC,OHIO ST GO 5% 09/15/26 MS,,S,,01/23/2026,"$1,001-$15,000",BOND,A,의심,date;name-illegible,59.1
8221322,Ro Khanna (D-CA17),17,DC,ABBOTT LABORATORIES CMN,,S,,01/23/2026,"$1,001-$15,000",STOCK/FUND,A,의심,date,79.0
8221322,Ro Khanna (D-CA17),17,DC,QHIO ST GO 5% 03/01/32 MS,,S,,01/23/2026,"$1,001-$15,000",BOND,A,의심,date,86.3
8221322,Ro Khanna (D-CA17),17,DC,"AT&TINC, CMN",,S,,01/23/2026,"$1,001-$15,000",STOCK/FUND,A,의심,date,68.5
8221322,Ro Khanna (D-CA17),17,,QHIO ST GO 5% 08/01/28 FA,,S,,01/23/2026,"$1,001-$15,000",BOND,A,의심,date;owner,75.9
8221322,Ro Khanna (D-CA17),17,DC,"BERKSHIRE HATHAWAY INC, CLASS B",BRKb,S,x,01/23/2026,"$1,001-$15,000",STOCK/FUND,A,의심,date,82.1
8221322,Ro Khanna (D-CA17),17,DC,JAMGEN INC. CMN,,S,,01/23/2026,"$1,001-$15,000",STOCK/FUND,A,의심,date;name-illegible,58.6
8221322,Ro Khanna (D-CA17),17,DC,STRYKER CORPORATION CMN,,S,,01/23/2026,"$1,001-$15,000",STOCK/FUND,A,의심,date,84.8
8221322,Ro Khanna (D-CA17),17,DC,SPRING |59602/01/33 LAKE FA PARK: MINN INDPT GO,,S,,01/23/2026,"$1,001-$15,000",STOCK/FUND,A,의심,date,70.4
8221322,Ro Khanna (D-CA17),17,,5%07/01/3L.) CLARK CNTY NEV HWY IMPT REV REV,,S,,01/23/2026,"$1,001-$15,000",BOND,A,의심,date;owner,81.7
8221322,Ro Khanna (D-CA17),17,DC,STATE |07/01/32 UNIV (OWA UNIV REV REV 5%,,S,.,01/23/2026,"$1,001-$15,000",BOND,A,의심,date,87.0
8221322,Ro Khanna (D-CA17),17,DC,"04/01/28 OLUMBUS, AO OHIO (CITY OF) GO 5%",,S,,01/23/2026,"$1,001-$15,000",BOND,A,의심,date,61.0
8221322,Ro Khanna (D-CA17),18,DC,TRUST $5.0000% UPPER FBO ARLINGTON KHANNA 12/01/48-CA CHIFDREN OHIO JD CITY SCH GO,,P/S/E,01/23/2026,02/03/2026,I/K,BOND,IK,의심,amount-multi;type,90.5
8221322,Ro Khanna (D-CA17),18,,OHIO |04/01/28-CA ST SPL OBLIG AO REV 5.0000%,,S,01/23/2026,02/03/2026,"$15,001-$50,000",BOND,B,의심,owner,88.2
8221322,Ro Khanna (D-CA17),18,,PARKER-HANNIFIN CORP. CMN,,S,01/23/2026,02/03/2026,"$1,001-$15,000",STOCK/FUND,A,의심,owner,80.7
8221322,Ro Khanna (D-CA17),18,DC,SERVICENOW INCCMN,NOW,S,01/23/2026,02/03/2026,"$1,001-$15,000",STOCK/FUND,A,의심,name-illegible,45.8
8221322,Ro Khanna (D-CA17),18,DC,JARTHURJ GALLAGHER & CO CMN,,S,01/23/2026,02/03/2025,"$1,001-$15,000",STOCK/FUND,A,확인,,81.4
8221322,Ro Khanna (D-CA17),18,,JADOBE INC CMN,,S,01/23/2026,02/03/2026,"$1,001-$15,000",STOCK/FUND,A,의심,owner,69.5
8221322,Ro Khanna (D-CA17),18,,MINNESOTA STGO 5% 08/01/32 FA,,S,01/23/2026,02/03/2026,"$1,001-$15,000",BOND,A,의심,owner,87.1
8221322,Ro Khanna (D-CA17),18,DC,BANK [HYBRID OF MTN NEW 10/25/2028 YORK MELLON USD CORPOR,,S,01/23/2026,02/03/2026,"$1,001-$15,000",STOCK/FUND,A,확인,,94.1
8221322,Ro Khanna (D-CA17),18,DC,ST PAUL MINN GO 5% 05/01/31 MN,,S,01/23/2026,02/03/2026,"$1,001-$15,000",BOND,A,확인,,88.2
8221322,Ro Khanna (D-CA17),18,DC,OREGON ST GO 5% 05/01/31 MN,,S,01/23/2026,02/03/2026,"$1,001-$15,000",BOND,A,확인,,88.5
8221322,Ro Khanna (D-CA17),18,,JCOLUMBUS OHIO GO 5% 08/15/30 FA,,S,01/23/2026,02/03/2026,"$1,001-$15,000",BOND,A,의심,owner,81.9
8221322,Ro Khanna (D-CA17),18,DC,"4.329% VERIZON 09/21/2028 COMMUNICATIONS, USD INC",,S,01/23/2026,02/03/2026,"$1,001-$15,000",BOND,A,확인,,94.2
8221322,Ro Khanna (D-CA17),18,,U.S. |USD BANCORP MTN 3.0% 07/30/2029,,S,01/23/2026,02/03/2026,"$1,001-$15,000",BOND,A,의심,owner,84.1
8221322,Ro Khanna (D-CA17),18,,CENTERPOINT {10/01/2030 USD ENERGY RES 1.75%,,S,01/23/2026,02/03/2026,"$1,001-$15,000",BOND,A,의심,owner,78.3
8221322,Ro Khanna (D-CA17),18,,APPLOVIN JA CORPORATION CMN CLASS,,S,01/23/2026,02/03/2026,"$1,001-$15,000",STOCK/FUND,A,의심,owner,74.7
8221322,Ro Khanna (D-CA17),18,,TORONTO-DOMINION {MTN 3.2% 03/10/2032 BANK USD (THE,,S,01/23/2026,02/03/2026,"$1,001-$15,000",BOND,A,의심,owner,86.2
8221322,Ro Khanna (D-CA17),18,DC,SHERWIN-WILLIAMS CO CMN,,S,01/06/2026,02/03/2026,"$1,001-$15,000",STOCK/FUND,A,확인,,65.3
8221322,Ro Khanna (D-CA17),18,DC,"BERKSHIRE HATHAWAY INC, CLASS B",BRKb,S,01/06/2026,02/03/2026,"$1,001-$15,000",STOCK/FUND,A,확인,,88.9
8221322,Ro Khanna (D-CA17),18,,"ROPER |06/30/2030 TECHNOLOGIES, USD INC, 2.05¢",,S,01/23/2026,02/03/2026,"$1,001-$15,000",STOCK/FUND,A,의심,owner,65.0
8221322,Ro Khanna (D-CA17),19,DC,TRUST AMERICAN (HYBRID FBO KHANNA 07/27/2029 EXPRESS CHILDREN USO COMPANY,,P/S/E,01/23/2026,,I/K,STOCK/FUND,IK,의심,amount-multi;type;notified,83.3
8221322,Ro Khanna (D-CA17),19,DC,THE BANK OF NY MELLON CORP CMN,,S,01/23/2026,02/03/2026,"$1,001-$15,000",STOCK/FUND,A,확인,,91.0
8221322,Ro Khanna (D-CA17),19,DC,KIMBERLY-CLARK CORPORATION CMN,,S,01/06/2026,02/03/2026,"$1,001-$15,000",STOCK/FUND,A,확인,,82.0
8221322,Ro Khanna (D-CA17),19,DC,FACTSET RESEARCH SYSTEMS INC CMIN,,S,01/06/2026,02/03/2026,"$1,001-$15,000",STOCK/FUND,A,확인,,75.8
8221322,Ro Khanna (D-CA17),19,DC,"AMERICAN INTL GROUP, INC. CMN",,S,01/23/2026,02/03/2026,"$1,001-$15,000",STOCK/FUND,A,확인,,74.7
8221322,Ro Khanna (D-CA17),19,DC,GENERAL {04/06/2029 MOTORS USD FINL CO 4.3%,,S,01/23/2026,02/03/2026,"$1,001-$15,000",BOND,A,확인,,84.7
8221322,Ro Khanna (D-CA17),19,,"PAYPAL HOLDINGS, INC. CMIN",,S,01/05/2026,02/03/2025,"$1,001-$15,000",STOCK/FUND,A,의심,owner;name-illegible,55.1
8221322,Ro Khanna (D-CA17),19,DC,'|NXP {06/18/2029 BV/NXP USD FDG/NXP USA . 4.3%,,S,01/23/2026,02/03/2026,"$1,001-$15,000",BOND,A,확인,,75.0
8221322,Ro Khanna (D-CA17),19,DC,"ALTRIA |09/16/2026 GROUP, USD INC. 2.625%",,S,01/23/2026,02/03/2026,"$1,001-$15,000",BOND,A,확인,,78.1
8221322,Ro Khanna (D-CA17),19,DC,"06/15/2026 EMERA US FINANCE USD LP 3.5596""",,S,01/23/2026,02/03/2026,"$1,001-$15,000",STOCK/FUND,A,확인,,81.2
8221322,Ro Khanna (D-CA17),19,,"T-MOBILE US, INC. CMN",,S,01/06/2026,02/03/2026,"$1,001-$15,000",STOCK/FUND,A,의심,owner;name-illegible,55.4
8221322,Ro Khanna (D-CA17),19,DC,"T-MOBILE {04/15/2029 USA, USD INC. 3.375%",,S,01/23/2026,02/03/2026,"$1,001-$15,000",BOND,A,확인,,90.2
8221322,Ro Khanna (D-CA17),19,DC,STOCK BOSTON SCIENTIFIC CORP. COMMON,,S,01/06/2026,02/03/2026,"$1,001-$15,000",STOCK/FUND,A,확인,,81.4
8221322,Ro Khanna (D-CA17),19,DC,"PAYCHEX, INC. CMIN",,S,01/05/2026,02/03/2026,"$1,001-$15,000",STOCK/FUND,A,의심,name-illegible,52.2
8221322,Ro Khanna (D-CA17),19,,"FISERV, INC. CMN",,S,01/06/2026,02/03/2026,"$1,001-$15,000",STOCK/FUND,A,의심,owner;name-illegible,53.1
8221322,Ro Khanna (D-CA17),19,,09/02/2030 ROYALTY PHARMA USD PLC 2.2%,,S,01/23/2026,02/03/2026,"$1,001-$15,000",BOND,A,의심,owner,82.7
8221322,Ro Khanna (D-CA17),19,,LOEWS CORPORATION CMN,,S,01/23/2026,02/03/2026,"$1,001-$15,000",STOCK/FUND,A,의심,owner,76.9
8221322,Ro Khanna (D-CA17),19,DC,DEXX LABORATORIES CIN,,S,01/23/2026,02/03/2026,"$1,001-$15,000",STOCK/FUND,A,의심,name-illegible,59.2
8221322,Ro Khanna (D-CA17),19,,CVS |04/01/2030 HEALTH USD CORPORATION 3.75%,,S,01/23/2026,02/03/2026,"$1,001-$15,000",BOND,A,의심,owner,84.2
8221322,Ro Khanna (D-CA17),20,,FULL ASSAT NAME,,P/S/E,Date of Transaction,Uitenawiedet Transaction,G/H,STOCK/FUND,GH,의심,amount-multi;type;date;notified;owner,83.4
8221322,Ro Khanna (D-CA17),20,,"PROVIDE FUL NOME, NOT UCKER SYMBOK",,P/E,MM/DDAY .,MODY,I/K,STOCK/FUND,IK,의심,amount-multi;type;date;notified;owner,60.6
8221322,Ro Khanna (D-CA17),20,DC,TRUST __|HORMEL F8O KHANNA FOODS CHILDREN CORPORATION CMN,,P/S/E,01/06/2026,02/03/2026,I/K,STOCK/FUND,IK,의심,amount-multi;type,86.9
8221322,Ro Khanna (D-CA17),20,DC,3.6% CANADIAN 04/07/2032 IMPERIAL USD BANK OF COMM,,S,01/23/2026,02/03/2026,"$1,001-$15,000",BOND,A,확인,,91.5
8221322,Ro Khanna (D-CA17),20,,AVOSE INC CMN,,S,01/06/2026,02/03/2026,"$1,001-$15,000",STOCK/FUND,A,의심,owner;name-illegible,44.2
8221322,Ro Khanna (D-CA17),20,,EOWARDS |CMN LIFESCIENCES . CORPORATI,,S,01/23/2026,02/03/2026,"$1,001-$15,000",STOCK/FUND,A,의심,owner,79.5
8221322,Ro Khanna (D-CA17),20,,"DC__|AIRBNB, INC. CMN CLASS A",,S,01/23/2026,02/03/2026,"$1,001-$15,000",STOCK/FUND,A,의심,owner,67.6
8221322,Ro Khanna (D-CA17),20,DC,MPLX LP 2.659% 08/15/2030 USD,,S,02/23/2026,02/03/2026,"$1,001-$15,000",BOND,A,확인,,79.7
8221322,Ro Khanna (D-CA17),20,DC,WASTE _}06/01/2032 CONNECTIONS USD INC 3.2%,,S,01/23/2026,02/03/2026,"$1,001-$15,000",BOND,A,확인,,85.1
8221322,Ro Khanna (D-CA17),20,,"D¢C__|COINBASE GLOBAL, INC. CMIN CLASS A",COIN.O,S,01/23/2026,02/03/2026,"$1,001-$15,000",STOCK/FUND,A,의심,owner,72.1
8221322,Ro Khanna (D-CA17),20,,AMERISOLUIRCEBERGEN [2.7% 03/15/2031 USD CORPORATION,,S,01/23/2026,02/03/2026,"$1,001-$15,000",BOND,A,의심,owner,84.0
8221322,Ro Khanna (D-CA17),20,,"AUTOZONE, INC CMN",,S,01/05/2026,02/03/2026,"$1,001-$15,000",STOCK/FUND,A,의심,owner,71.8
8221322,Ro Khanna (D-CA17),20,,JA COMCAST VOTING CORPORATION CMN ; CLASS,,S,01/23/2026,02/03/2026,"$1,001-$15,000",STOCK/FUND,A,의심,owner,75.4
8221322,Ro Khanna (D-CA17),20,,DC__}23/15/2032 CHURCH & DWIGHT USB CO INC 5.6%,,S,01/23/2025,02/03/2026,"$1,001-$15,000",BOND,A,의심,owner,71.1
8221322,Ro Khanna (D-CA17),20,,"O¢__|03/01/2031 AON NORTH USD AMERICA, INC. 5.3%",,S,01/23/2026,02/03/2026,"$1,001-$15,000",BOND,A,의심,owner,78.0
8221322,Ro Khanna (D-CA17),20,,JLENNAR CORPORATION CMN CLASS A,,S,01/06/2026,02/03/2026,"$1,001-$15,000",STOCK/FUND,A,의심,owner,72.7
8221322,Ro Khanna (D-CA17),20,,DG_|INCMN BROADRIDGE FINANCIAL SOLUTIONS,,S,01/23/2026,02/03/2026,"$1,001-$15,000",STOCK/FUND,A,의심,owner,70.2
8221322,Ro Khanna (D-CA17),20,,RELX CAPITAL INC 4.75% 05/20/2032,,S,01/23/2026,02/03/2026,"$1,001-$15,000",BOND,A,의심,owner,87.6
8221322,Ro Khanna (D-CA17),20,,DG__|10/01/2026 DELL INT LUC USD / EMC CORP 4.9%,,S,01/23/2026,02/03/2026,"$1,001-$15,000",BOND,A,의심,owner,71.7
8221322,Ro Khanna (D-CA17),20,DC,APPLOVIN JA CORPORATION CMN CLASS,,S,02/06/2026,02/03/2026,"$1,001-$15,000",STOCK/FUND,A,확인,,76.5
8221322,Ro Khanna (D-CA17),20,,DC__|AMGEN INC.-2.0% 01/15/2032 USD,,S,01/23/2026,02/03/2026,"$1,001-$15,000",BOND,A,의심,owner,81.7
8221322,Ro Khanna (D-CA17),21,,"PROVISE FULL NOME, NAT TICKER SYMBOL",,P/S/E,MDOAY,MOD/TT,I/K,STOCK/FUND,IK,의심,amount-multi;type;date;notified;owner;name-illegible,47.2
8221322,Ro Khanna (D-CA17),21,,TRUST AUTONATION |USD FBO KHANNA = INC CHILDREN 4.75% 06/01/2030,,P/S/E,01/23/2026,02/03/2026,I/K,BOND,IK,의심,amount-multi;type;owner,83.4
8221322,Ro Khanna (D-CA17),21,DC,BXP INC COMMON STOCK,,S,01/06/2026,02/03/2026,"$1,001-$15,000",STOCK/FUND,A,확인,,82.6
8221322,Ro Khanna (D-CA17),21,DC,CROWN CASTLE INTL CORP CMN,,S,01/23/2026,02/03/2026,"$1,001-$15,000",STOCK/FUND,A,확인,,85.5
8221322,Ro Khanna (D-CA17),21,,STATE {12/03/2029 STREET USD CORPORATION HYBRID,,S,01/23/2026,02/03/2026,"$1,001-$15,000",STOCK/FUND,A,의심,owner,81.0
8221322,Ro Khanna (D-CA17),21,DC,AEP TEXAS INC 4.7% 05/15/2032 USD,,S,01/23/2026,02/03/2026,"$1,001-$15,000",BOND,A,확인,,78.7
8221322,Ro Khanna (D-CA17),21,,10/01/2026 DTE ENERGY USD COMPANY 2.85%,,S,01/23/2026,02/03/2026,"$1,001-$15,000",BOND,A,의심,owner,86.7
8221322,Ro Khanna (D-CA17),21,DC,"LOWE'S {04/01/2032 COMPANIES, USD INC. 3.7596",,S,02/23/2026,02/03/2026,"$1,001-$15,000",STOCK/FUND,A,확인,,85.1
8221322,Ro Khanna (D-CA17),21,,"GLOBAL [08/15/2029 PAYMENTS USD INC, 3.2%",,S,01/23/2026,02/03/2026,"$1,001-$15,000",BOND,A,의심,owner,82.9
8221322,Ro Khanna (D-CA17),21,DC,REALTY {12/15/2029 INCOME USD CORP 3.1%,,S,02/23/2026,02/03/2026,"$1,001-$15,000",BOND,A,확인,,89.8
8221322,Ro Khanna (D-CA17),21,DC,HP INC. CMN,,S,01/06/2026,02/03/2026,"$1,001-$15,000",STOCK/FUND,A,확인,,70.1
8221322,Ro Khanna (D-CA17),21,,RALPH LAUREN CORP CMN CLASS A,,S,01/23/2026,02/03/2026,"$1,001-$15,000",STOCK/FUND,A,의심,owner,78.0
8221322,Ro Khanna (D-CA17),21,DC,"CARDINAL HEALTH, INC. CMN",,S,01/23/2026,02/03/2026,"$1,001-$15,000",STOCK/FUND,A,확인,,86.7
8221322,Ro Khanna (D-CA17),21,,BROADCOM |USD INC. 5.0% 04/15/2030,AVGO.O,S,01/23/2026,02/03/2026,"$1,001-$15,000",BOND,A,의심,owner,73.8
8221322,Ro Khanna (D-CA17),21,DC,ENERGY _/5.25% 04/15/2029 TRANSFER USD OPERATING LP,,S,01/23/2026,02/03/2026,"$1,001-$15,000",BOND,A,확인,,87.5
8221322,Ro Khanna (D-CA17),21,,ARCH |12/15/2026 CAPITAL USD FINANCE LLC 4.011%,,S,01/23/2026,02/03/2026,"$1,001-$15,000",BOND,A,의심,owner,86.6
8221322,Ro Khanna (D-CA17),21,DC,05/06/2030 ORACLE CORPORATION USD 4.65%,ORCL.K,S,j,~01/23/26|__02/03/26|,"$1,001-$15,000",BOND,A,의심,date;notified,83.0
8221322,Ro Khanna (D-CA17),21,,CMN MONSTER BEVERAGE CORPORATION,,S,01/23/2026,02/03/2026,"$1,001-$15,000",STOCK/FUND,A,의심,owner,79.3
8221322,Ro Khanna (D-CA17),21,,TAKE INC TWO INTERACTIVE SOFTWARE,,S,01/23/2026,02/03/2026,"$1,001-$15,000",STOCK/FUND,A,의심,owner,82.3
8221322,Ro Khanna (D-CA17),21,,PC_|OS/O3/2029 NORTHERN TRUST USP CORP 3.15%,,S,01/23/2026,02/03/2026,"$1,001-$15,000",BOND,A,의심,owner,78.9
8221322,Ro Khanna (D-CA17),22,,FULLASET KIME,,P/S/E,Date of Transsction,“Trarcaction,G/H,STOCK/FUND,GH,의심,amount-multi;type;date;notified;owner;name-illegible,31.3
8221322,Ro Khanna (D-CA17),22,,"PROVIDE FOL NAME, NOT TICKER SYMRBO",,P/E,Mayoojer,Myooprr,I/K,STOCK/FUND,IK,의심,amount-multi;type;date;notified;owner,63.2
8221322,Ro Khanna (D-CA17),22,DC,TRUST GILEAD FBO KHANNA SCIENCES CHILDREN CMN,,P/S/E,01/23/2026,02/03/2026,I/K,STOCK/FUND,IK,의심,amount-multi;type,82.5
8221322,Ro Khanna (D-CA17),22,DC,"TYLER TECHNOLOGIES, INC. CMIN",,S,01/06/2026,- 02/03/26],"$1,001-$15,000",STOCK/FUND,A,의심,notified,71.6
8221322,Ro Khanna (D-CA17),22,DC,NASDAQ INC. CN,,S,01/23/2026,02/03/2026,"$1,001-$15,000",STOCK/FUND,A,의심,name-illegible,15.7
8221322,Ro Khanna (D-CA17),22,,STATE |11/21/2029 STREET USD CORP HYBRID *,,S,01/23/2026,02/03/2026,"$1,001-$15,000",STOCK/FUND,A,의심,owner,75.2
8221322,Ro Khanna (D-CA17),22,,DOW {11/30/2028 CHEMICAL USP COMPANY (THE) 4.8%,,S,01/23/2026,02/03/2026,"$1,001-$15,000",BOND,A,의심,owner,87.6
8221322,Ro Khanna (D-CA17),22,,IPMORGAN |02/24/2028 CHASE USD & CO. HYBRID,,S,01/23/2026,02/03/2026,"$1,001-$15,000",STOCK/FUND,A,의심,owner,72.7
8221322,Ro Khanna (D-CA17),22,DC,CINCINNATI FINANCIAL CRP CMN,,S,01/23/2026,02/03/2026,"$1,001-$15,000",STOCK/FUND,A,확인,,73.0
8221322,Ro Khanna (D-CA17),22,,CITIGROUP FUSOO INC. HYBRID 11/05/2030,,S,01/23/2026,02/03/2026,"$1,001-$15,000",STOCK/FUND,A,의심,owner,64.2
8221322,Ro Khanna (D-CA17),22,,RESMED INC. CMN,,S,01/23/2026,02/03/2026,"$1,001-$15,000",STOCK/FUND,A,의심,owner,61.7
8221322,Ro Khanna (D-CA17),22,DC,SBA {CORPORATION COMMUNICATIONS CMN,,S,03/23/2026,02/03/2026,"$1,001-$15,000",STOCK/FUND,A,확인,,81.0
8221322,Ro Khanna (D-CA17),22,DC,EQUITY RESIDENTIAL CMN,,S,01/23/2026,02/03/2026,"$1,001-$15,000",STOCK/FUND,A,확인,,66.1
8221322,Ro Khanna (D-CA17),22,DC,LYONDELLBASELL |CMNCLASSA INDUSTRIES N.V,,S,01/06/2026,02/03/2026,"$1,001-$15,000",STOCK/FUND,A,확인,,81.2
8221322,Ro Khanna (D-CA17),22,DC,"COSTAR GROUP, INC. CVIN",,S,01/06/2026,02/03/2026,"$1,001-$15,000",STOCK/FUND,A,의심,name-illegible,53.2
8221322,Ro Khanna (D-CA17),22,DC,KENVUEINC. CMN,,S,01/06/2026,02/03/2026,"$1,001-$15,000",STOCK/FUND,A,확인,,77.9
8221322,Ro Khanna (D-CA17),22,,POOLCORP CMN,,S,01/06/2026,02/03/2026,"$1,001-$15,000",STOCK/FUND,A,의심,owner,85.2
8221322,Ro Khanna (D-CA17),22,,CONSTELLATION |CLASSA BRANDS INC CMIN,,S,01/06/2026,02/03/2026,"$1,001-$15,000",STOCK/FUND,A,의심,owner,72.3
8221322,Ro Khanna (D-CA17),22,DC,SOLVENTUM CORPORATION CMN,,S,01/23/2026,02/03/2026,"$1,001-$15,000",STOCK/FUND,A,확인,,83.9
8221322,Ro Khanna (D-CA17),22,DC,KROGER COMPANY CMN,,S,01/23/2026,02/03/2026,"$1,001-$15,000",STOCK/FUND,A,확인,,89.2
8221322,Ro Khanna (D-CA17),22,DC,UNION |EQTY ON PACIFIC CASH BASE CORP. JSE UNPEINT,,S,01/06/2026,02/03/2026,"$1,001-$15,000",STOCK/FUND,A,확인,,84.3
8221322,Ro Khanna (D-CA17),23,,"PROVIDE FUL NOME, NOT TEKER SYRABOK",,P/E,SAM/DONY,FAMDONY,I/K,STOCK/FUND,IK,의심,amount-multi;type;date;notified;owner;name-illegible,58.9
8221322,Ro Khanna (D-CA17),23,,DC__ICOLGATE-PALMOLIVE TRUST FBO KHANNA CHILDREN CO CMN,,P/S/E,01/06/2026,02/03/2026,I/K,STOCK/FUND,IK,의심,amount-multi;type;owner,78.4
8221322,Ro Khanna (D-CA17),23,DC,GENUINE PARTS CO. CMN,,S,01/23/2026,02/03/2026,"$1,001-$15,000",STOCK/FUND,A,확인,,78.2
8221322,Ro Khanna (D-CA17),23,,KRAFT HEINZ CO CMN,,S,01/06/2026,02/03/2026,"$1,001-$15,000",STOCK/FUND,A,의심,owner,88.2
8221322,Ro Khanna (D-CA17),23,,JACOBS SOLUTIONS INC CMN,,S,01/06/2026,02/03/2026,"$1,001-$15,000",STOCK/FUND,A,의심,owner,70.3
8221322,Ro Khanna (D-CA17),23,,JCLASSA BROWN FORMAN CORP CL B CMN,,S,01/06/2026,02/03/2026,"$1,001-$15,000",STOCK/FUND,A,의심,owner,81.5
8221322,Ro Khanna (D-CA17),23,,CAMPBELL’S COMPANY CMN,,S,01/06/2026,02/03/2026,"$1,001-$15,000",STOCK/FUND,A,의심,owner,78.8
8221322,Ro Khanna (D-CA17),23,,"DC__|TRADE DESK, INC. [THE} CMN",,S,01/23/2026,02/03/2026,"$1,001-$15,000",STOCK/FUND,A,의심,owner,82.4
8221322,Ro Khanna (D-CA17),23,,"DC__|PAYCOM SOFTWARE, INC. CMN",,S,01/06/2026,02/03/2026,"$1,001-$15,000",STOCK/FUND,A,의심,owner,87.2
8221322,Ro Khanna (D-CA17),23,,/4.875% PHILIP MORRIS 02/15/2028 INTERNATIONAL USD ~ IN,,S,01/23/2026,- 02/03/26],"$1,001-$15,000",BOND,A,의심,notified;owner,66.5
8221322,Ro Khanna (D-CA17),23,DC,NEWS CORPORATION CMN CLASS A,,S,03/23/2026,02/03/2026,"$1,001-$15,000",STOCK/FUND,A,확인,,87.6
8221322,Ro Khanna (D-CA17),23,,DC__|CADENCE DESIGN SYSTEMS INC CMN,,S,- 01/06/26],02/03/2026,"$1,001-$15,000",STOCK/FUND,A,의심,date;owner,88.2
8221322,Ro Khanna (D-CA17),23,,CITIGROUP {USD INC. HYBRID . 03/20/2030,,S,01/23/2026,02/03/2026,"$1,001-$15,000",STOCK/FUND,A,의심,owner,63.7
8221322,Ro Khanna (D-CA17),23,DC,BANK _|HYBRID OF MTN AMERICA 07/23/2029 CORPORATION USD,,S,01/23/2026,02/03/2026,"$1,001-$15,000",STOCK/FUND,A,확인,,91.8
8221322,Ro Khanna (D-CA17),23,,HUMANA J;USD INC. 3.125% 08/15/2029,,S,01/23/2026,02/03/2026,"$1,001-$15,000",BOND,A,의심,owner,79.8
8221322,Ro Khanna (D-CA17),23,DC,HYBRID BANK OF MIN AMERICA 10/22/2030 CORPORATION USD,,S,01/23/2026,02/03/2026,"$1,001-$15,000",STOCK/FUND,A,확인,,91.8
8221322,Ro Khanna (D-CA17),23,,JCLASSA ERIE INDEMNITY COMPANY CL-A CMN,,S,01/06/2026,02/03/2026,"$1,001-$15,000",STOCK/FUND,A,의심,owner,82.1
8221322,Ro Khanna (D-CA17),23,,TRACTOR SUPPLY COMPANY CMN,,S,01/06/2025,02/03/2026,"$1,001-$15,000",STOCK/FUND,A,의심,owner,84.2
8221322,Ro Khanna (D-CA17),23,,C DELL TECHNOLOGIES INC. CMIN CLASS,,S,01/06/2026,02/03/2026,"$1,001-$15,000",STOCK/FUND,A,의심,owner,79.8
8221322,Ro Khanna (D-CA17),23,DC,PHILIP {14/17/2032 MORRIS USD INTL INC 5.75%,,S,01/23/2026,02/03/2026,"$1,001-$15,000",BOND,A,확인,,69.4
8221322,Ro Khanna (D-CA17),24,DC,TRUST [5.12595 PHILIP FBO MORRIS KHANNA 02/15/2030 INTERNATIONAL CHILDREN USO IN,,P/S/E,01/23/2026,02/03/2026,I/K,STOCK/FUND,IK,의심,amount-multi;type,78.7
8221322,Ro Khanna (D-CA17),24,,CITIGROUP |USP INC. HYBRID 07/24/2028,,S,01/23/2026,02/03/2026,"$1,001-$15,000",STOCK/FUND,A,의심,owner,81.0
8221322,Ro Khanna (D-CA17),24,DC,01/24/2028 MORGAN STANLEY USD HYBRID MTN,,S,01/23/2026,02/03/2026,"$1,001-$15,000",STOCK/FUND,A,확인,,76.3
8221322,Ro Khanna (D-CA17),24,,CITIGROUP [USB INC. HYBRID 04/23/2029,,S,01/23/2026,02/03/2026,"$1,001-$15,000",STOCK/FUND,A,의심,owner,75.6
8221322,Ro Khanna (D-CA17),24,DC,PNC |2.55% FINANCIAL 01/22/2030 SERVICES USD GROUP,,S,01/23/2026,02/03/2026,"$1,001-$15,000",BOND,A,확인,,88.8
8221322,Ro Khanna (D-CA17),24,DC,NEXTERA {2.44% 01/15/2032 ENERGY CAPITAL USD HOLDING,,S,01/23/2026,02/03/2026,"$1,001-$15,000",BOND,A,확인,,90.5
8221322,Ro Khanna (D-CA17),24,,THE |CMN PROGRESSIVE CORPORATION,,S,02/05/2026,02/03/2026,"$1,001-$15,000",STOCK/FUND,A,의심,owner,77.9
8221322,Ro Khanna (D-CA17),25,,FULL ASTET MAME,,P/S/E,Date cf Transaction,Sire Transaction Routed or,G/H,STOCK/FUND,GH,의심,amount-multi;type;date;notified;owner,72.1
8221322,Ro Khanna (D-CA17),25,,NVIDIA DECLARATION CORPORATION OF TRUST CMN,NVDA.O,P/E,01/29/2026,02/03/2026,I/K,STOCK/FUND,IK,의심,amount-multi;type;owner,89.9
8221322,Ro Khanna (D-CA17),25,,SP__|MORGAN STANLEY FINANCE LLC LINKED,,P,01/16/2026,02/03/2026,"$50,001-$100,000",STOCK/FUND,C,의심,owner;name-illegible,52.9
8221322,Ro Khanna (D-CA17),25,SP,AMERICAN ELECTRIC POWER INCCMN,AEP.O,P,01/29/2026,02/03/2026,"$15,001-$50,000",STOCK/FUND,B,확인,,75.8
8221322,Ro Khanna (D-CA17),25,SP,AMAZON.COM INC CMN,AMZN.O,P,01/29/2026,02/03/2026,"$15,001-$50,000",STOCK/FUND,B,확인,,60.5
8221322,Ro Khanna (D-CA17),25,SP,"CISCO SYSTEMS, INC. CMN",CSCO.O,P,01/29/2026,02/03/2026,"$15,001-$50,000",STOCK/FUND,B,확인,,82.6
8221322,Ro Khanna (D-CA17),25,SP,COSTCO WHOLESALE CORPORATION CN,,P,01/29/2026,02/03/2026,"$15,001-$50,000",STOCK/FUND,B,확인,,71.9
8221322,Ro Khanna (D-CA17),25,SP,JANMGEN INC. CMN,,P,01/29/2026,02/03/2026,"$15,001-$50,000",STOCK/FUND,B,의심,name-illegible,53.0
8221322,Ro Khanna (D-CA17),25,,SP__|PALANTIR TECHNOLOGIES INC. CMN,PLTR.O,P,01/29/2026,02/03/2026,"$15,001-$50,000",STOCK/FUND,B,의심,owner,83.2
8221322,Ro Khanna (D-CA17),25,SP,CME GROUP INC. CIVIN CLASS A,,P,01/29/2026,02/03/2026,"$15,001-$50,000",STOCK/FUND,B,확인,,78.1
8221322,Ro Khanna (D-CA17),25,,SP__|BROADCOM INC. CMN,AVGO.O,P,02/29/2026,02/03/2026,"$15,001-$50,000",STOCK/FUND,B,의심,owner,81.8
8221322,Ro Khanna (D-CA17),25,SP,INTL BUSINESS MACHINES CORPCMN,,P,01/29/2026,02/03/2026,"$15,001-$50,000",STOCK/FUND,B,확인,,77.0
8221322,Ro Khanna (D-CA17),25,,"SP__|BECTON, DICKINSON AND COMPANY CN",,P,01/29/2026,02/03/2026,"$15,001-$50,000",STOCK/FUND,B,의심,owner;name-illegible,57.9
8221322,Ro Khanna (D-CA17),25,,SP__|MORGAN STANLEY CMN,,P,01/25/2026,02/03/2026,"$15,001-$50,000",STOCK/FUND,B,의심,owner,88.6
8221322,Ro Khanna (D-CA17),25,SP,WALMART INC CMN,,P,01/29/2026,02/03/2026,"$15,001-$50,000",STOCK/FUND,B,의심,name-illegible,59.6
8221322,Ro Khanna (D-CA17),25,,SP__|CONSOLIDATED EDISON INC CMN,,P,01/29/2026,02/03/2026,"$15,001-$50,000",STOCK/FUND,B,의심,owner,69.1
8221322,Ro Khanna (D-CA17),25,SP,XCEL ENERGY INC. CMN,XEL.O,P,01/29/2026,02/03/2026,"$15,001-$50,000",STOCK/FUND,B,의심,name-illegible,48.2
8221322,Ro Khanna (D-CA17),25,,SP__[JPMORGAN CHASE & CO CMN,,P,01/29/2026,02/03/2026,"$15,001-$50,000",STOCK/FUND,B,의심,owner,87.8
8221322,Ro Khanna (D-CA17),25,,SP__|ARTHUR J GALLAGHER & CO CMN,,P,01/29/2026,02/03/2026,"$15,001-$50,000",STOCK/FUND,B,의심,owner,87.1
8221322,Ro Khanna (D-CA17),26,,REPUBLIC DECLARATION SERVICES OF TRUST INC CMN,,P/E,01/29/2026,02/03/2026,I/K,STOCK/FUND,IK,의심,amount-multi;type;owner,77.3
8221322,Ro Khanna (D-CA17),26,,SP__J|AMEREN CORPORATION CMN,,P,01/29/2026,02/03/2026,"$15,001-$50,000",STOCK/FUND,B,의심,owner,76.6
8221322,Ro Khanna (D-CA17),26,,SP__|GENERAL MILLS INC CMN,,P,01/29/2026,02/03/2026,"$15,001-$50,000",STOCK/FUND,B,의심,owner,80.3
8221322,Ro Khanna (D-CA17),26,,"5P__|AMERIPRISE FINANCIAL, INC. CMN",,P,01/29/2026,02/03/2026,"$15,001-$50,000",STOCK/FUND,B,의심,owner,85.5
8221322,Ro Khanna (D-CA17),26,,OTIS WORLDWIDE CORPORATION CMN,,P,01/29/2026,02/03/2026,"$15,001-$50,000",STOCK/FUND,B,의심,owner,62.7
8221322,Ro Khanna (D-CA17),26,SP,AMETEK INC (NEW) CMIN,,P,01/29/2026,02/03/2026,"$15,001-$50,000",STOCK/FUND,B,확인,,70.6
8221322,Ro Khanna (D-CA17),26,SP,JEL! ULLY & CO CMN,,P,01/29/2026,02/03/2026,"$15,001-$50,000",STOCK/FUND,B,확인,,72.4
8221322,Ro Khanna (D-CA17),26,SP,JAT&T INC. CMN,,P,01/29/2026,02/03/2026,"$15,001-$50,000",STOCK/FUND,B,확인,,66.2
8221322,Ro Khanna (D-CA17),26,,$P__|CIGNA GROUP/THE CMN,,P,01/29/2026,02/03/2026,"$15,001-$50,000",STOCK/FUND,B,의심,owner,75.7
8221322,Ro Khanna (D-CA17),26,,"$P__|PAYCHEX, INC. CMIN",,P,01/25/2026,02/03/2026,"$15,001-$50,000",STOCK/FUND,B,의심,owner,62.3
8221322,Ro Khanna (D-CA17),26,,AMERICAN EXPRESS CO. CMN,,P,01/29/2026,02/03/2026,"$15,001-$50,000",STOCK/FUND,B,의심,owner,91.0
8221322,Ro Khanna (D-CA17),26,,"SP__|O'REILLY AUTOMOTIVE, INC. CMN",,P,01/29/2026,02/03/2026,"$15,001-$50,000",STOCK/FUND,B,의심,owner,83.8
8221322,Ro Khanna (D-CA17),26,,"DOMINION FREIGHT LINE, INCCMN",,P,01/29/2026,02/03/2026,"$15,001-$50,000",STOCK/FUND,B,의심,owner,85.8
8221322,Ro Khanna (D-CA17),26,,SP__|CAPITAL ONE FINANCIAL CORP CMN,,P,04/29/2026,02/03/2026,"$15,001-$50,000",STOCK/FUND,B,의심,owner,76.8
8221322,Ro Khanna (D-CA17),26,SP,GILEAD SCIENCES CM N,,P,01/29/2026,02/03/2026,"$15,001-$50,000",STOCK/FUND,B,확인,,82.2
8221322,Ro Khanna (D-CA17),26,,"CHURCH & DWIGHT CO., INC. CMN",,P,01/29/2026,02/03/2026,"$15,001-$50,000",STOCK/FUND,B,의심,owner,78.8
8221322,Ro Khanna (D-CA17),26,,MONSTER BEVERAGE CORPORATION CN,,P,01/29/2026,02/03/2026,"$15,001-$50,000",STOCK/FUND,B,의심,owner;name-illegible,57.9
8221322,Ro Khanna (D-CA17),26,SP,SHERWIN-WILLIAMS CO CMN,,P,01/29/2026,02/03/2026,"$15,001-$50,000",STOCK/FUND,B,확인,,77.9
8221322,Ro Khanna (D-CA17),27,,SP__}VERTEX DECLARATION PHARMACEUTICALS OF TRUST INCORPO D,,P/E,nay29/26,02/03/2026,I/K,STOCK/FUND,IK,의심,amount-multi;type;date;owner,83.8
8221322,Ro Khanna (D-CA17),27,SP,TEXAS INSTRUMENTS INC. CMN,,P,01/29/2026,02/03/2026,"$15,001-$50,000",STOCK/FUND,B,확인,,93.1
8221322,Ro Khanna (D-CA17),27,SP,CONSTELLATION BRANDS INCCMN CLA,,P,01/29/2026,02/03/2026,"$15,001-$50,000",STOCK/FUND,B,확인,,60.3
8221322,Ro Khanna (D-CA17),27,,SP__|MEDTRONIC PUBLIC LIMITED COMPA CH,,P,01/29/2026,02/03/2026,"$15,001-$50,000",STOCK/FUND,B,의심,owner,61.1
8221322,Ro Khanna (D-CA17),27,,"HORTON, INC. CMN",,P,01/29/2026,02/03/2026,"$15,001-$50,000",STOCK/FUND,B,의심,owner,92.9
8221322,Ro Khanna (D-CA17),27,SP,VIATRIS INC CMN,,P,01/29/2026,02/03/2026,"$15,001-$50,000",STOCK/FUND,B,확인,,63.9
8221322,Ro Khanna (D-CA17),27,,"$P__|CORTEVA, INC. CMN",,P,01/29/2026,02/03/2026,"$15,001-$50,000",STOCK/FUND,B,의심,owner,67.3
8221322,Ro Khanna (D-CA17),27,SP,"MICRON TECHNOLOGY, INC. CMN",MU.O,P,02/29/2026,02/03/2026,"$15,001-$50,000",STOCK/FUND,B,확인,,82.7
8221322,Ro Khanna (D-CA17),27,,"$P__|VERISK ANALYTICS, INC. CMN",,P,01/29/2026,02/03/2026,"$15,001-$50,000",STOCK/FUND,B,의심,owner,61.5
8221322,Ro Khanna (D-CA17),27,,$P__|HAYS CNTY TEX GO 5% 02/15/33 FA,,P,01/23/2026,02/03/2026,"$15,001-$50,000",BOND,B,의심,owner,90.8
8221322,Ro Khanna (D-CA17),27,,SP__|SIMON PROPERTY GROUP INCCMN,,P,01/29/2026,02/03/2026,"$15,001-$50,000",STOCK/FUND,B,의심,owner,80.8
8221322,Ro Khanna (D-CA17),27,SP,"THE TRAVELERS COMPANIES, INCCMN",,P,01/29/2026,02/03/2026,"$15,001-$50,000",STOCK/FUND,B,확인,,82.1
8221322,Ro Khanna (D-CA17),27,SP,"DIGITAL REALTY TRUST, INC, CMN",,P,01/29/2026,02/03/2026,"$15,001-$50,000",STOCK/FUND,B,확인,,89.7
8221322,Ro Khanna (D-CA17),27,,SP__|CAMDEN PROPERTY TRUST CMN,,P,01/29/2026,02/03/2026,"$15,001-$50,000",STOCK/FUND,B,의심,owner,87.8
8221322,Ro Khanna (D-CA17),27,,"SP__|COPART, INC. CMN",,P,01/29/2026,02/03/2026,"$15,001-$50,000",STOCK/FUND,B,의심,owner,77.7
8221322,Ro Khanna (D-CA17),27,SP,BOSTON SCIENTIFIC CORP. COMMON,,P,01/29/2026,02/03/2026,"$15,001-$50,000",STOCK/FUND,B,확인,,65.8
8221322,Ro Khanna (D-CA17),27,,"SP__{ALTRIA GROUP, INC. CMIN",,P,01/29/2026,02/03/2026,"$15,001-$50,000",STOCK/FUND,B,의심,owner,66.9
8221322,Ro Khanna (D-CA17),27,SP,"CRIPOTLE MEXICAN GRILL, INC, CMN",,P,01/29/2026,02/03/2026,"$15,001-$50,000",STOCK/FUND,B,확인,,83.0
8221322,Ro Khanna (D-CA17),28,,"PRAVIDE FULL NOME, NOT UCKER SYMBOK",,P/E,Ironton,Matoosy,A/G/I/K,STOCK/FUND,AGIK,의심,amount-multi;type;date;notified;owner;name-illegible,55.6
8221322,Ro Khanna (D-CA17),28,,SP_|THEBANKOFNY DECLARATION OF MELLONCORPCMN TRUST,,P/E,,01/29/2026,A/G/I/K,STOCK/FUND,AGIK,의심,amount-multi;type;date;owner,82.9
8221322,Ro Khanna (D-CA17),28,,SP__|CADENCE DESIGN SYSTEMS INC CMN,,P,,01/29/2026,"$1,001-$15,000",STOCK/FUND,A,의심,date;owner,86.6
8221322,Ro Khanna (D-CA17),28,,SP_|ZIMMER BIOMET HOLDINGS INC,,P,,01/29/2026,"$1,001-$15,000",STOCK/FUND,A,의심,date;owner,83.1
8221322,Ro Khanna (D-CA17),28,,"SP__|AMERICAN INTL GROUP, INC. CMN",,P,,01/29/2026,"$1,001-$15,000",STOCK/FUND,A,의심,date;owner,85.0
8221322,Ro Khanna (D-CA17),28,,"SP__|WELLTOWER, INC. CMN",,P,,01/29/2026,"$1,001-$15,000",STOCK/FUND,A,의심,date;owner,83.6
8221322,Ro Khanna (D-CA17),28,SP,JROPER TECHNOLOGIES INC CMN,,P,,01/29/2026,"$1,001-$15,000",STOCK/FUND,A,의심,date,81.5
8221322,Ro Khanna (D-CA17),28,,"INDUSTRIES, INC. CIN",,P,,01/29/2026,"$1,001-$15,000",STOCK/FUND,A,의심,date;owner,83.7
8221322,Ro Khanna (D-CA17),28,,"SP__|CHARTER COMMUNICATIONS, INC",,P,,01/29/2026,"$1,001-$15,000",STOCK/FUND,A,의심,date;owner,85.4
8221322,Ro Khanna (D-CA17),28,,SP__|APPLIED MATERIALS INC CMN,,P,,01/29/2026,"$1,001-$15,000",STOCK/FUND,A,의심,date;owner,76.5
8221322,Ro Khanna (D-CA17),28,,SP__|APPLOVIN CORPORATION CMN CLASSA,,P,,01/29/2026,"$1,001-$15,000",STOCK/FUND,A,의심,date;owner,72.0
8221322,Ro Khanna (D-CA17),28,,"SP__|PARKER-HANNIFIN CORP, CMN",,P,,01/29/2026,"$1,001-$15,000",STOCK/FUND,A,의심,date;owner,65.2
8221322,Ro Khanna (D-CA17),28,,"SP__|T-MOBILE US, INC. CMIN",,P,,01/29/2026,"$1,001-$15,000",STOCK/FUND,A,의심,date;owner,73.5
8221322,Ro Khanna (D-CA17),28,,"SP__|CENCORA INC CMN""",,P,,01/29/2026,"$1,001-$15,000",STOCK/FUND,A,의심,date;owner;name-illegible,47.5
8221322,Ro Khanna (D-CA17),28,,"SP__|WORKDAY, INC. CMN CLASS A",,P,,02/29/2026,"$1,001-$15,000",STOCK/FUND,A,의심,date;owner,88.9
8221322,Ro Khanna (D-CA17),28,SP,KLACORPCMN,,P,,01/29/2026,"$1,001-$15,000",STOCK/FUND,A,의심,date;name-illegible,35.8
8221322,Ro Khanna (D-CA17),28,,JAPOLLO GLOBAL MANAGEMENT INCCN,,P,,01/29/2026,"$1,001-$15,000",STOCK/FUND,A,의심,date;owner;name-illegible,48.6
8221322,Ro Khanna (D-CA17),28,,"SP__|PRINCIPAL FINANCIAL GROUP, INCCMN",,P,,01/29/2026,"$1,001-$15,000",STOCK/FUND,A,의심,date;owner,86.1
8221322,Ro Khanna (D-CA17),28,,5P__|DEERE & COMPANY CMN,,P,,01/29/2026,"$1,001-$15,000",STOCK/FUND,A,의심,date;owner,81.1
8221322,Ro Khanna (D-CA17),29,,"PROVIDE FIT NOME, ECT TCKER SYMBO",,P/E,named,' oom,A/F/I/K,STOCK/FUND,AFIK,의심,amount-multi;type;date;notified;owner;name-illegible,47.8
8221322,Ro Khanna (D-CA17),29,,"AIRBNB, DECFARATION INC. CMN OF TRUST CLASS A",,P/E,,01/29/2026,A/F/I/K,STOCK/FUND,AFIK,의심,amount-multi;type;date;owner,82.5
8221322,Ro Khanna (D-CA17),29,,SP__|BIO-TECHNE CORPORATION CMN,,P,,01/29/2026,"$1,001-$15,000",STOCK/FUND,A,의심,date;owner,81.8
8221322,Ro Khanna (D-CA17),29,,SP__|FORTIVE CORPORATION CMN ‘,,P,,01/29/2026,"$1,001-$15,000",STOCK/FUND,A,의심,date;owner,76.5
8221322,Ro Khanna (D-CA17),29,,UDRINCCMN,,P,,03/29/2026,"$1,001-$15,000",STOCK/FUND,A,의심,date;owner;name-illegible,45.5
8221322,Ro Khanna (D-CA17),29,,SP__|CHARLES SCHWAB CORPORATION CMN]__X,,P,,01/29/2026,"$1,001-$15,000",STOCK/FUND,A,의심,date;owner,69.0
8221322,Ro Khanna (D-CA17),29,,BANCORP CMN,,P,,01/29/2026,"$1,001-$15,000",STOCK/FUND,A,의심,date;owner,92.5
8221322,Ro Khanna (D-CA17),29,SP,MCKESSON CORPORATION CMN,,P,:,01/29/2026,"$1,001-$15,000",STOCK/FUND,A,의심,date;name-illegible,56.4
8221322,Ro Khanna (D-CA17),29,,SP__|HEWLETT PACKARD ENTERPRISECO CM,,P,,01/29/2026,"$1,001-$15,000",STOCK/FUND,A,의심,date;owner;name-illegible,43.0
8221322,Ro Khanna (D-CA17),29,,SP__|TRUIST FINANCIAL CORPORATION CMN]__X,,P,,01/29/2026,"$1,001-$15,000",STOCK/FUND,A,의심,date;owner,73.2
8221322,Ro Khanna (D-CA17),29,,SP__|ELECTRONIC ARTS CMN,,P,,01/29/2026,"$1,001-$15,000",STOCK/FUND,A,의심,date;owner,82.6
8221322,Ro Khanna (D-CA17),29,,"SP__|EVERGY, INC. CMN",,P,,01/29/2026,"$1,001-$15,000",STOCK/FUND,A,의심,date;owner,82.2
8221322,Ro Khanna (D-CA17),29,,"SP__|SYNOPSYS, INC. CMIN",,P,,01/29/2026,"$1,001-$15,000",STOCK/FUND,A,의심,date;owner,72.6
8221322,Ro Khanna (D-CA17),29,,SEMICONDUCTORS N.V.CMN__}_X,,P,,01/29/2026,"$1,001-$15,000",STOCK/FUND,A,의심,date;owner;name-illegible,26.9
8221322,Ro Khanna (D-CA17),29,,SP__|COGNIZANT TECHNOLOGY SOLUTIONS,,P,,01/29/2026,"$1,001-$15,000",STOCK/FUND,A,의심,date;owner,71.6
8221322,Ro Khanna (D-CA17),29,,& CO. INC. CMN,,P,,01/29/2026,"$1,001-$15,000",STOCK/FUND,A,의심,date;owner,81.2
8221322,Ro Khanna (D-CA17),29,,SP__|WATERS CORPORATION COMMON STO|_X,,P,,01/29/2026,"$1,001-$15,000",STOCK/FUND,A,의심,date;owner,76.8
8221322,Ro Khanna (D-CA17),29,,RESEARCH CORPORATION CMN,,P,,01/29/2026,"$1,001-$15,000",STOCK/FUND,A,의심,date;owner,92.5
8221322,Ro Khanna (D-CA17),29,,DENNISON CORPORATION CMN,,P,,01/29/2026,"$1,001-$15,000",STOCK/FUND,A,의심,date;owner,70.8
8221322,Ro Khanna (D-CA17),30,,JACK DECLARATION HENRY & ASSOC OF TRUST INC CMN,,P/E,01/29/2026,02/03/2026,I/K,STOCK/FUND,IK,의심,amount-multi;type;owner,78.1
8221322,Ro Khanna (D-CA17),30,SP,POOLCORP CMN,,P,01/29/2026,02/03/2026,"$1,001-$15,000",STOCK/FUND,A,확인,,71.5
8221322,Ro Khanna (D-CA17),30,SP,FACTSET RESEARCH SYSTEMS INCCMN,,P,02/29/2026,02/03/2026,"$1,001-$15,000",STOCK/FUND,A,확인,,69.3
8221322,Ro Khanna (D-CA17),30,,"FINANCIAL SERVICES GROUP, CMN",,P,01/29/2026,02/03/2026,"$1,001-$15,000",STOCK/FUND,A,의심,owner;name-illegible,58.9
8221322,Ro Khanna (D-CA17),30,SP,KENVUE INC. CMN,,P,01/29/2026,02/03/2026,"$1,001-$15,000",STOCK/FUND,A,확인,,64.6
8221322,Ro Khanna (D-CA17),30,SP,EOWARDS LIFESCIENCES CORPORATICN,,P,01/29/2026,02/03/2026,"$1,001-$15,000",STOCK/FUND,A,확인,,65.0
8221322,Ro Khanna (D-CA17),30,SP,"BROWN & BROWN, INC, CMN",,P,01/29/2026,02/03/2026,"$1,001-$15,000",STOCK/FUND,A,확인,,87.1
8221322,Ro Khanna (D-CA17),30,,SP__|EXPEDITORS INTERNATIONAL OF WA CN,,P,01/29/2026,02/03/2026,"$1,001-$15,000",STOCK/FUND,A,의심,owner;name-illegible,39.4
8221322,Ro Khanna (D-CA17),30,,SP__|ULTA BEAUTY INCCMN,,P,01/29/2026,02/03/2026,"$1,001-$15,000",STOCK/FUND,A,의심,owner,65.2
8221322,Ro Khanna (D-CA17),30,SP,"BLOCK, INC. CMN CLASS A",,P,01/29/2026,02/03/2026,"$1,001-$15,000",STOCK/FUND,A,확인,,86.4
8221322,Ro Khanna (D-CA17),30,SP,"COSTAR GROUP, INC, CMN",,P,01/29/2026,02/03/2026,"$1,001-$15,000",STOCK/FUND,A,확인,,86.3
8221322,Ro Khanna (D-CA17),30,SP,CRH PUBLIC LIMITED COMPANY CMN,,P,01/29/2026,02/03/2026,"$1,001-$15,000",STOCK/FUND,A,의심,name-illegible,58.8
8221322,Ro Khanna (D-CA17),30,SP,B HUNT TRANS SVCS INCCMN,,P,01/29/2026,02/03/2026,"$1,001-$15,000",STOCK/FUND,A,의심,name-illegible,45.7
8221322,Ro Khanna (D-CA17),30,SP,TRIMBLE INC CMN,,P,01/29/2026,02/03/2026,"$1,001-$15,000",STOCK/FUND,A,의심,name-illegible,54.2
8221322,Ro Khanna (D-CA17),30,SP,"VENTAS, INC. CMIN",,P,01/29/2026,02/03/2026,"$1,001-$15,000",STOCK/FUND,A,의심,name-illegible,44.7
8221322,Ro Khanna (D-CA17),30,SP,PTCINC. CMN,,P,01/294 26],02/03/2026,"$1,001-$15,000",STOCK/FUND,A,의심,date,80.8
8221322,Ro Khanna (D-CA17),30,SP,EQUIFAX INC. CIN,,P,01/29/2026,02/03/2026,"$1,001-$15,000",STOCK/FUND,A,의심,name-illegible,50.1
8221322,Ro Khanna (D-CA17),30,SP,BAXTER INTERNATIONAL INC. CMN,,P,01/29/2026,02/03/2026,"$1,001-$15,000",STOCK/FUND,A,의심,name-illegible,21.5
8221322,Ro Khanna (D-CA17),31,,"PROVIDE AOE =E FULL # NAME, NOT UCKER - SYMBOL, - I *",,P/E,Excord,ti Portiat ik ey,A/B/J/K,STOCK/FUND,ABJK,의심,amount-multi;type;date;notified;owner;name-illegible,40.6
8221322,Ro Khanna (D-CA17),31,,$P__|HORMEL DECIARATION FOODS OF CORPORATION TRUST CMN,,P/E,,,A/B/K,STOCK/FUND,ABK,의심,amount-multi;type;date;notified;owner,75.6
8221322,Ro Khanna (D-CA17),31,SP,GENERAL MOTORS COMPANY CMN,,P,,,A/B,STOCK/FUND,AB,의심,amount-multi;date;notified,89.7
8221322,Ro Khanna (D-CA17),31,,CORPORATION COMMON STOCK,,P,,,A/B,STOCK/FUND,AB,의심,amount-multi;date;notified;owner,96.2
8221322,Ro Khanna (D-CA17),31,,$P__|SEAGATE TECHNOLOGY HOLDIN PLCCM,STX.O,P,,,A/B,STOCK/FUND,AB,의심,amount-multi;date;notified;owner,66.2
8221322,Ro Khanna (D-CA17),31,,SP__|ALLSTATE CORPORATION COMMON STD,,P,,,A/B,STOCK/FUND,AB,의심,amount-multi;date;notified;owner,82.8
8221322,Ro Khanna (D-CA17),31,,TECHNOLOGIES INC. CMNCLASSC,,P,,,A/B,STOCK/FUND,AB,의심,amount-multi;date;notified;owner,68.3
8221322,Ro Khanna (D-CA17),31,SP,ARCH CAPITAL GROUP LTD. CMN,,P,,,A/B,STOCK/FUND,AB,의심,amount-multi;date;notified,81.8
8221322,Ro Khanna (D-CA17),31,SP,THE HERSHEY COMPANY CMN,,P,,,A/B,STOCK/FUND,AB,의심,amount-multi;date;notified,92.3
8221322,Ro Khanna (D-CA17),31,SP,ROCKWELL AUTOMATION INC CMN,,P,,,A/B,STOCK/FUND,AB,의심,amount-multi;date;notified,86.2
8221322,Ro Khanna (D-CA17),31,SP,WESTERN DIGITALCORPORATION CMN|__X,WDC.O,P,,,A/B,STOCK/FUND,AB,의심,amount-multi;date;notified;name-illegible,41.0
8221322,Ro Khanna (D-CA17),31,SP,GENUINE PARTS CO. CMN,,P,,,A/B,STOCK/FUND,AB,의심,amount-multi;date;notified,72.8
8221322,Ro Khanna (D-CA17),31,SP,QUEST DIAGNOSTICS INCORPORATED,,P,,,A/B,STOCK/FUND,AB,의심,amount-multi;date;notified,73.8
8221322,Ro Khanna (D-CA17),31,SP,PALO ALTO NETWORKS INC. CMN,PANW.O,P,,,A/B,STOCK/FUND,AB,의심,amount-multi;date;notified,84.9
8221322,Ro Khanna (D-CA17),31,SP,SANDISK LLC CMN,SNDK.O,P,,,A/B,STOCK/FUND,AB,의심,amount-multi;date;notified,71.3
8221322,Ro Khanna (D-CA17),31,SP,BIOGENING. CMN —,,P,,,A/B,STOCK/FUND,AB,의심,amount-multi;date;notified;name-illegible,32.4
8221322,Ro Khanna (D-CA17),31,,STERIS PUBLIC LIMITED COMPANY CMN|_X,,P,,,A/B,STOCK/FUND,AB,의심,amount-multi;date;notified;owner,70.5
8221322,Ro Khanna (D-CA17),31,SP,PACTSET RESEARCH SYSTEMS INCCMN,,P,,,A/B,STOCK/FUND,AB,의심,amount-multi;date;notified;name-illegible,45.5
8221322,Ro Khanna (D-CA17),31,SP,FAIR ISAAC INC CMN,,P,,,A/B,STOCK/FUND,AB,의심,amount-multi;date;notified;name-illegible,42.3
8221322,Ro Khanna (D-CA17),32,,"DECLARATION HEALTHCARE, OF TRUST INC CIN",,P/E,01/29/2026,02/03/2026,I/K,STOCK/FUND,IK,의심,amount-multi;type;owner,85.1
8221322,Ro Khanna (D-CA17),32,,SP__|WEST PHARMACEUTICAL SERVICES,,P,01/29/2026,02/03/2026,"$1,001-$15,000",STOCK/FUND,A,의심,owner,79.8
8221322,Ro Khanna (D-CA17),32,,SP__|ORACLE CORPORATION CMN,ORCL.K,P,01/29/2026,02/03/2026,"$1,001-$15,000",STOCK/FUND,A,의심,owner,82.6
8221322,Ro Khanna (D-CA17),32,,SP_|CATERPILLAR INC (DELAWARE} CMN,,P,01/29/2026,02/03/2026,"$1,001-$15,000",STOCK/FUND,A,의심,owner,64.4
8221322,Ro Khanna (D-CA17),32,,SP__|REVVITY INCCMN,,P,01/29/2026,02/03/2026,"$1,001-$15,000",STOCK/FUND,A,의심,owner;name-illegible,55.7
8221322,Ro Khanna (D-CA17),32,,SP__|REGENCY CENTERS CORPORATION CMN,,P,01/20/2026,02/03/2026,"$1,001-$15,000",STOCK/FUND,A,의심,owner,63.4
8221322,Ro Khanna (D-CA17),32,,SP__|COOPER COS INC/THE CMN,,P,01/29/2026,02/03/2026,"$1,001-$15,000",STOCK/FUND,A,의심,owner,83.2
8221322,Ro Khanna (D-CA17),32,,"SP__|DATADOG, INC. CMN CLASS A",DDOG.O,P,01/29/2026,02/03/2026,"$1,001-$15,000",STOCK/FUND,A,의심,owner,64.5
8221322,Ro Khanna (D-CA17),32,,SP__|MICROCHIP TECHNOLOGY INCORPORA,,P,-01/29/26|,02/03/2026,"$1,001-$15,000",STOCK/FUND,A,의심,date;owner;name-illegible,56.9
8221322,Ro Khanna (D-CA17),32,,VEGAS SANDS CORP. CMN,,P,01/29/2026,02/03/2026,"$1,001-$15,000",STOCK/FUND,A,의심,owner,94.7
8221322,Ro Khanna (D-CA17),32,,SP_|ROLLINS INC. REGOFF SCTASKO796638,,P,01/29/2026,02/03/2026,"$1,001-$15,000",STOCK/FUND,A,의심,owner,75.4
8221322,Ro Khanna (D-CA17),32,SP,TELEDYNE TECHNOLOGIES INCORPOR,,P,01/29/2026,02/03/2026,"$1,001-$15,000",STOCK/FUND,A,확인,,72.8
8221322,Ro Khanna (D-CA17),32,,DIGITAL INC CMN °,,P,01/29/2026,02/03/2026,"$1,001-$15,000",STOCK/FUND,A,의심,owner,62.2
8221322,Ro Khanna (D-CA17),32,,SP__|CORNING INCORPORATED CMN,GLW,P,01/29/2026,02/03/2026,"$1,001-$15,000",STOCK/FUND,A,의심,owner,89.5
8221322,Ro Khanna (D-CA17),32,SP,NEWS CORPORATION CMN CLASS A,,P,01/29/2026,02/03/2026,"$1,001-$15,000",STOCK/FUND,A,확인,,83.0
8221322,Ro Khanna (D-CA17),32,,SP__|CENTENE CORPORATION CMN,,P,01/29/2026,02/03/2026,"$1,001-$15,000",STOCK/FUND,A,의심,owner,85.8
8221322,Ro Khanna (D-CA17),32,,"SP__|ROBINHOOD MARKETS, INC. CMN",HOOD.O,P,01/29/2026,_02/03/26/,"$1,001-$15,000",STOCK/FUND,A,의심,notified;owner,81.0
8221322,Ro Khanna (D-CA17),32,SP,ARES MANAGEMENT CORPORATION CIL,,P,01/29/2026,02/03/2026,"$1,001-$15,000",STOCK/FUND,A,확인,,78.4
8221322,Ro Khanna (D-CA17),33,,FULL ARSAT NAME,,P/S/E,Datel Transaction],Tate — Tramaction Nablied of,G/H,STOCK/FUND,GH,의심,amount-multi;type;date;notified;owner,71.5
8221322,Ro Khanna (D-CA17),33,,"PREVIDE FULL NOME, AOT UCKER SYMBOL",,P/E,,MMfOD/YY . |,I/K,STOCK/FUND,IK,의심,amount-multi;type;date;notified;owner,61.9
8221322,Ro Khanna (D-CA17),33,,SP_|FEDERAL DECLARATION REALTY OF INVESTMENT TRUST TRUS CM,,P/E,01/29/2026,02/03/2026,I/K,STOCK/FUND,IK,의심,amount-multi;type;owner,84.1
8221322,Ro Khanna (D-CA17),33,SP,HILTON WORLOWIDE HOLDINGS INC,,P,01/29/2026,02/03/2026,"$1,001-$15,000",STOCK/FUND,A,확인,,67.4
8221322,Ro Khanna (D-CA17),33,,"SP__|DARDEN RESTAURANTS, INC. CMN",,P,01/29/2026,02/03/2026,"$1,001-$15,000",STOCK/FUND,A,의심,owner,86.2
8221322,Ro Khanna (D-CA17),33,,SP__|ALLIANT ENERGY CORPORATION CMN,,P,01/29/2026,02/03/2026,"$1,001-$15,000",STOCK/FUND,A,의심,owner,76.7
8221322,Ro Khanna (D-CA17),33,,SP__|HENRY SCHEIN INC COMMON STOCK,,P,01/29/2026,02/03/2026,"$1,001-$15,000",STOCK/FUND,A,의심,owner,86.1
8221322,Ro Khanna (D-CA17),33,,SP__|LIVENATION ENTERTAINMENTINCCMN,,P,01/29/2026,02/03/2026,"$1,001-$15,000",STOCK/FUND,A,의심,owner;name-illegible,56.1
8221322,Ro Khanna (D-CA17),33,,"SP_|TESLA, INC. CMN",TSLA.O,P,01/29/2026,02/03/2026,"$1,001-$15,000",STOCK/FUND,A,의심,owner,84.0
8221322,Ro Khanna (D-CA17),33,,SP__{LULULEMON ATHLETICA INC. CMN,,P,01/29/2026,02/03/2026,"$1,001-$15,000",STOCK/FUND,A,의심,owner,80.1
8221322,Ro Khanna (D-CA17),33,SP,PINTERESTINC CMN CLASS A,,P,01/28/2026,02/03/2026,"$1,001-$15,000",STOCK/FUND,A,확인,,78.6
8221322,Ro Khanna (D-CA17),33,,"SP_|NETFLIX, INC, CMN",,P,01/29/2026,02/03/2026,"$1,001-$15,000",STOCK/FUND,A,의심,owner,74.4
8221322,Ro Khanna (D-CA17),33,SP,"TENABLE HOLDINGS, INC CMN",,P,01/30/2026,02/03/2026,"$1,001-$15,000",STOCK/FUND,A,확인,,70.6
8221322,Ro Khanna (D-CA17),33,,"SP_|FORTINET, INC. CMN",FTNT.O,P,01/29/2026,02/03/2026,"$1,001-$15,000",STOCK/FUND,A,의심,owner,82.4
8221322,Ro Khanna (D-CA17),33,,5P_|ZIMMER BIOMET HOLDINGS INC,,P,01/13/2026,02/03/2026,"$1,001-$15,000",STOCK/FUND,A,의심,owner,86.2
8221322,Ro Khanna (D-CA17),33,SP,CARVANA CO. CMN CLASS A,,P,02/29/2026,02/03/2026,"$1,001-$15,000",STOCK/FUND,A,확인,,72.9
8221322,Ro Khanna (D-CA17),33,,SP__|TRANE TECHNOLOGIES PUBLIC LIMICM,,P,01/29/2026,02/03/2026,"$1,001-$15,000",STOCK/FUND,A,의심,owner,64.7
8221322,Ro Khanna (D-CA17),33,,"SP__|DOMINO'S PIZZA, INC, CIN",,P,01/29/2026,02/03/2026,"$1,001-$15,000",STOCK/FUND,A,의심,owner,61.5
8221322,Ro Khanna (D-CA17),33,,SP__|AMRIZE AG CMN,,P,01/30/2026,02/03/2026,"$1,001-$15,000",STOCK/FUND,A,의심,owner,87.7
8221322,Ro Khanna (D-CA17),33,,SP__|ESSEX PROPERTY TRUST INC CMN,,P,01/29/2026,02/03/2026,"$1,001-$15,000",STOCK/FUND,A,의심,owner,85.0
8221322,Ro Khanna (D-CA17),34,,FULL ASSE NAME,,P/S/E,,DateofTransaction|,A/H,STOCK/FUND,AH,의심,amount-multi;type;date;notified;owner;name-illegible,49.3
8221322,Ro Khanna (D-CA17),34,,"‘PROVIDE FULL NOME, NOT TICKER SYMBOL",,P/E,| partlat k,,A/H/I/K,STOCK/FUND,AHIK,의심,amount-multi;type;date;notified;owner,86.9
8221322,Ro Khanna (D-CA17),34,,"SP__|VERISIGN, DECIARATION INC. OF CMIN TRUST",,P/E,,01/29/2026,A/H/I/K,STOCK/FUND,AHIK,의심,amount-multi;type;date;owner,84.6
8221322,Ro Khanna (D-CA17),34,,SP__|HARTFORD INSURANCE GROUP INC/TC,,P,,01/29/2026,"$1,001-$15,000",STOCK/FUND,A,의심,date;owner,61.1
8221322,Ro Khanna (D-CA17),34,,SP__|PACKAGING CORP OF AMERICA COMM,,P,,01/29/2026,"$1,001-$15,000",STOCK/FUND,A,의심,date;owner,67.8
8221322,Ro Khanna (D-CA17),34,,SP__|EVERESTGROUP LTD CMN,,P,,01/29/2026,"$1,001-$15,000",STOCK/FUND,A,의심,date;owner,74.3
8221322,Ro Khanna (D-CA17),34,,SP__|STATESTREET CORPORATION (NEW)CN,,P,,02/29/2026,"$1,001-$15,000",STOCK/FUND,A,의심,date;owner,66.0
8221322,Ro Khanna (D-CA17),34,,SP_|VISTRA CORP CMN,VST,P,,01/29/2026,"$1,001-$15,000",STOCK/FUND,A,의심,date;owner,78.0
8221322,Ro Khanna (D-CA17),34,,SP_|DAVITA INC CMN,,P,,01/29/2026,"$1,001-$15,000",STOCK/FUND,A,의심,date;owner;name-illegible,47.2
8221322,Ro Khanna (D-CA17),34,SP,CHARLES RIVER LABORATORIES INTCM,,P,,01/29/2026,"$1,001-$15,000",STOCK/FUND,A,의심,date,64.6
8221322,Ro Khanna (D-CA17),34,SP,CINCINNATI FINANCIAL CRP CMN,,P,,01/29/2026,"$1,001-$15,000",STOCK/FUND,A,의심,date,74.8
8221322,Ro Khanna (D-CA17),34,SP,JINTERNATIONAL PAPER CO. CIN,,P,,01/29/2026,"$1,001-$15,000",STOCK/FUND,A,의심,date,65.3
8221322,Ro Khanna (D-CA17),34,SP,UNITED AIRLINES HOLDINGS INC EMN,,P,,01/29/2026,"$1,001-$15,000",STOCK/FUND,A,의심,date,77.9
8221322,Ro Khanna (D-CA17),34,SP,DOORDASH INC CMN CLASS A,,P,,01/29/2026,"$1,001-$15,000",STOCK/FUND,A,의심,date,80.8
8221322,Ro Khanna (D-CA17),34,SP,FRANKLIN RESOURCES INC CMN,,P,,01/29/2026,"$1,001-$15,000",STOCK/FUND,A,의심,date,72.2
8221322,Ro Khanna (D-CA17),34,SP,"WILLIAMS-SONOMA, INC. CMN",,P,,01/29/2026,"$1,001-$15,000",STOCK/FUND,A,의심,date;name-illegible,50.2
8221322,Ro Khanna (D-CA17),34,SP,GARMIN LTD CMN,,P,,01/29/2026,"$1,001-$15,000",STOCK/FUND,A,의심,date,80.2
8221322,Ro Khanna (D-CA17),34,SP,"SKYWORKS SOLUTIONS, INC. CMIN",,P,,01/29/2026,"$1,001-$15,000",STOCK/FUND,A,의심,date,69.5
8221322,Ro Khanna (D-CA17),34,SP,MCCORMICK & CO NON VTGSHRSCMN,,P,,01/29/2026,"$1,001-$15,000",STOCK/FUND,A,의심,date,64.2
8221322,Ro Khanna (D-CA17),34,SP,INCYTE CORPORATION CMN,,P,,01/29/2026,"$1,001-$15,000",STOCK/FUND,A,의심,date,74.5
8221322,Ro Khanna (D-CA17),35,,"INTERACTIVE DECLARATION BROKERS OF TRUST GROUP, INCCM",,P/E,01/29/2026,02/03/2026,I/K,STOCK/FUND,IK,의심,amount-multi;type;owner,73.8
8221322,Ro Khanna (D-CA17),35,SP,UNIVERSAL HEALTH SVCCLBCMNCLAY,,P,01/29/2026,02/03/2026,"$1,001-$15,000",STOCK/FUND,A,의심,name-illegible,58.0
8221322,Ro Khanna (D-CA17),35,,"SP_|COINBASE GLOBAL, INC. CMNCLASSA",COIN.O,P,01/29/2026,02/03/2026,"$1,001-$15,000",STOCK/FUND,A,의심,owner;name-illegible,58.7
8221322,Ro Khanna (D-CA17),35,SP,SYNCHRONY FINANCIAL CMN,,P,01/29/2026,02/03/2026,"$1,001-$15,000",STOCK/FUND,A,확인,,85.0
8221322,Ro Khanna (D-CA17),35,SP,BXP INC COMMON STOCK,,P,01/29/2026,02/03/2026,"$1,001-$15,000",STOCK/FUND,A,확인,,80.1
8221322,Ro Khanna (D-CA17),35,SP,ICUMMINS INC COMMON STOCK,,P,91/29/26,02/03/2026,"$1,001-$15,000",STOCK/FUND,A,의심,date,76.2
8221322,Ro Khanna (D-CA17),35,SP,"C.H. ROBINSON WORLDWIDE, INC.CMN",,P,01/29/2026,02/03/2026,"$1,001-$15,000",STOCK/FUND,A,의심,name-illegible,56.0
8221322,Ro Khanna (D-CA17),35,SP,"TENABLE HOLDINGS, INC CMN",,P,01/28/2026,02/03/2026,"$1,001-$15,000",STOCK/FUND,A,확인,,76.2
8221322,Ro Khanna (D-CA17),35,SP,JERIE INDEMNITY COMPANY CL-A CMN ¢,,P,01/29/2026,02/03/2026,"$1,001-$15,000",STOCK/FUND,A,확인,,82.8
8221322,Ro Khanna (D-CA17),35,SP,GLOBE LIFE INC CMN,,P,01/29/2026,02/03/2026,"$1,001-$15,000",STOCK/FUND,A,확인,,88.3
8221322,Ro Khanna (D-CA17),35,SP,"MOLINA HEALTHCARE, INC, CMN",,P,01/29/2026,02/03/2026,"$1,001-$15,000",STOCK/FUND,A,의심,name-illegible,52.3
8221322,Ro Khanna (D-CA17),35,,"SP_|DEXCOM, INC. CMN",,P,01/29/2026,02/03/2026,"$1,001-$15,000",STOCK/FUND,A,의심,owner;name-illegible,13.2
8221322,Ro Khanna (D-CA17),35,,SP_|2IMMER BIOMET HOLDINGS INC,,P,oy1a/26|,02/03/2026,"$1,001-$15,000",STOCK/FUND,A,의심,date;owner,72.8
8221322,Ro Khanna (D-CA17),35,SP,"CROWDSTRIKE HOLDINGS, INC, CMN",CRWD.O,P,01/29/2026,02/03/2026,"$1,001-$15,000",STOCK/FUND,A,확인,,84.2
8221322,Ro Khanna (D-CA17),35,,SP_|PINTEREST INC CMN CLASS A,,P,01/27/2026,02/03/2026,"$1,001-$15,000",STOCK/FUND,A,의심,owner,76.8
8221322,Ro Khanna (D-CA17),35,,SP_|NCRVOYIX CORP CIN CLASS A,,P,o1/26y26],02/03/2026,"$1,001-$15,000",STOCK/FUND,A,의심,date;owner,75.0
8221322,Ro Khanna (D-CA17),35,SP,VISAINC. CMN CLASSA,V,S,01/29/2026,02/03/2026,"$50,001-$100,000",STOCK/FUND,C,의심,name-illegible,56.8
8221322,Ro Khanna (D-CA17),35,,"SP__|BERKSHIRE HATHAWAY INC, CLASS B",BRKb,S,01/29/2026,02/03/2026,"$15,001-$50,000",STOCK/FUND,B,의심,owner,82.1
8221322,Ro Khanna (D-CA17),36,,"PROVIDE MO FULL NOME, NOT = UCKER SYMBEH",,P/E,MM/DDAY,MM/DOAY,I/K,STOCK/FUND,IK,의심,amount-multi;type;date;notified;owner;name-illegible,50.5
8221322,Ro Khanna (D-CA17),36,,BANK DECLARATION OF AMERICA OF TRUST CORP CMN,,P/S/E,01/29/2026,02/03/2026,I/K,STOCK/FUND,IK,의심,amount-multi;type;owner,79.7
8221322,Ro Khanna (D-CA17),36,,SP__|MICROSOFT CORPORATION CMN,MSFT.O,S,01/29/2026,02/03/2026,"$15,001-$50,000",STOCK/FUND,B,의심,owner,84.8
8221322,Ro Khanna (D-CA17),36,SP,DISTRICT COLUMBIA INCOME TAX REV §,,S,01/28/2026,02/03/2026,"$15,001-$50,000",STOCK/FUND,B,확인,,78.6
8221322,Ro Khanna (D-CA17),36,SP,JOHNSON & JOHNSON CMN,,S,01/29/2026,02/03/2026,"$15,001-$50,000",STOCK/FUND,B,확인,,69.3
8221322,Ro Khanna (D-CA17),36,,SP__|ABBVIE INC. CMN,,S,01/29/2026,02/03/2026,"$15,001-$50,000",STOCK/FUND,B,의심,owner,70.2
8221322,Ro Khanna (D-CA17),36,,SP__|COCA-COLA COMPANY (THE) CMN,,S,01/29/2026,02/03/2026,"$15,001-$50,000",STOCK/FUND,B,의심,owner,70.1
8221322,Ro Khanna (D-CA17),36,SP,J|APPLE INC. CMN,,S,01/29/2026,02/03/2026,"$15,001-$50,000",STOCK/FUND,B,확인,,62.9
8221322,Ro Khanna (D-CA17),36,SP,FAIRFAX CNTY VA ECONOMIC DEV REV,,S,01/28/2026,02/03/2026,"$15,001-$50,000",STOCK/FUND,B,확인,,95.4
8221322,Ro Khanna (D-CA17),36,SP,"BLACKROCK FUNDING, INC. CM",,S,01/29/2026,02/03/2026,"$15,001-$50,000",STOCK/FUND,B,의심,name-illegible,54.6
8221322,Ro Khanna (D-CA17),36,SP,MASTERCARD INCORPORATED CMN CLA,MA,S,03/29/2026,02/03/2026,"$15,001-$50,000",STOCK/FUND,B,확인,,85.9
8221322,Ro Khanna (D-CA17),36,SP,ABBOTT LASORATORIES CMN,,S,01/29/2026,02/03/2026,"$15,001-$50,000",STOCK/FUND,B,확인,,70.0
8221322,Ro Khanna (D-CA17),36,SP,"THE HOME DEPOT, INC. CMN",,S,01/29/2026,02/03/2026,"$15,001-$50,000",STOCK/FUND,B,확인,,80.3
8221322,Ro Khanna (D-CA17),36,SP,EL PASO CNTY TEX GO 3.2660% 02/15/2,,S,01/28/2026,02/03/2026,"$15,001-$50,000",BOND,B,확인,,78.8
8221322,Ro Khanna (D-CA17),36,,CNTY N CLTD OBLIG REV 1.4910%,,S,01/28/2026,02/03/2026,"$15,001-$50,000",BOND,B,의심,owner,70.4
8221322,Ro Khanna (D-CA17),36,SP,LINDE PLCCMN,,S,01/29/2026,02/03/2026,"$15,001-$50,000",STOCK/FUND,B,확인,,66.8
8221322,Ro Khanna (D-CA17),36,,SP__INDSTFIN AUTH WASTEWATER UTI REY,,S,01/28/2026,02/03/2026,"$15,001-$50,000",STOCK/FUND,B,의심,owner;name-illegible,41.6
8221322,Ro Khanna (D-CA17),36,SP,THERMO FISHER SCIENTIFIC INC CMN,,S,01/29/2026,02/03/2026,"$15,001-$50,000",STOCK/FUND,B,확인,,71.4
8221322,Ro Khanna (D-CA17),36,,SP__JUNITEDHEALTH GROUP INCORPORATE,,S,01/29/2026,02/03/2026,"$15,001-$50,000",STOCK/FUND,B,의심,owner,79.3
8221322,Ro Khanna (D-CA17),37,,DECLARATION COMPANIES OF INC TRUST (NEW) CMN,,P/S/E,01/29/2026,02/03/2026,I/K,STOCK/FUND,IK,의심,amount-multi;type;owner,86.2
8221322,Ro Khanna (D-CA17),37,,SP_|ILLINOIS TOOL WORKS CMN,,S,01/29/2026,-02/03/26,"$15,001-$50,000",STOCK/FUND,B,의심,notified;owner,77.6
8221322,Ro Khanna (D-CA17),37,SP,PENNSYLVANIA ST HIGHER EDL REV 3%,,S,01/28/2026,02/03/2026,"$15,001-$50,000",BOND,B,확인,,74.9
8221322,Ro Khanna (D-CA17),37,,SP__|WASHINGTON ST UNIV REVS REV 1.685,,S,01/28/2026,02/03/2026,"$15,001-$50,000",STOCK/FUND,B,의심,owner,90.3
8221322,Ro Khanna (D-CA17),37,SP,REGIONAL TRANSN AUTH ILL REV 3% 06,,S,01/28/2026,02/03/2026,"$15,001-$50,000",BOND,B,확인,,85.5
8221322,Ro Khanna (D-CA17),37,,SP_|PENNSYLVANIA ST GO 1.8500% 08/02/4,,S,01/28/2026,02/03/2026,"$15,001-$50,000",BOND,B,의심,owner,73.6
8221322,Ro Khanna (D-CA17),37,,SP_|STRYKER CORPORATION CMN,,S,01/29/2026,02/03/2026,"$15,001-$50,000",STOCK/FUND,B,의심,owner,81.7
8221322,Ro Khanna (D-CA17),37,,"SP__|PEPSICO, INC, CMN",,S,01/29/2026,02/03/2026,"$15,001-$50,000",STOCK/FUND,B,의심,owner,70.3
8221322,Ro Khanna (D-CA17),37,SP,"ANALOG DEVICES, INC. CMIN",,S,01/29/2026,02/03/2026,"$15,001-$50,000",STOCK/FUND,B,확인,,68.8
8221322,Ro Khanna (D-CA17),37,,SP__|DISTRICT COLUMBIA DB 5% 12/01/32 JU,,S,01/28/2026,02/03/2026,"$15,001-$50,000",BOND,B,의심,owner,83.3
8221322,Ro Khanna (D-CA17),37,,SP__|EMERSON ELECTRIC CO. CMIN,,S,01/29/2026,02/03/2026,"$15,001-$50,000",STOCK/FUND,B,의심,owner,75.7
8221322,Ro Khanna (D-CA17),37,,SP_|DISTRICT COLUMBIA WTR & SWR REV 5,,S,01/28/2026,02/03/2026,"$15,001-$50,000",STOCK/FUND,B,의심,owner,88.6
8221322,Ro Khanna (D-CA17),37,,SP__|LOWES COMPANIES INC CMN,,S,01/29/2026,02/03/2026,"$15,001-$50,000",STOCK/FUND,B,의심,owner,89.9
8221322,Ro Khanna (D-CA17),37,SP,FLORIDA ST BRD ED PUB ED DB 5% 06/0,,S,01/28/2026,02/03/2026,"$15,001-$50,000",BOND,B,확인,,82.8
8221322,Ro Khanna (D-CA17),37,,SP__|DISTRICT COLUMBIA INCOME TAX REV 3,,S,01/28/2026,02/03/2026,"$15,001-$50,000",STOCK/FUND,B,의심,owner,84.0
8221322,Ro Khanna (D-CA17),37,,S$P__J|UNION PACIFIC CORP. JSE UNP! INT EQT,,S,01/29/2026,02/03/2026,"$15,001-$50,000",STOCK/FUND,B,의심,owner,70.4
8221322,Ro Khanna (D-CA17),37,SP,DISTRICT COLUMBIA WTR & SWR REVS,,S,01/28/2026,02/03/2026,"$15,001-$50,000",STOCK/FUND,B,확인,,74.5
8221322,Ro Khanna (D-CA17),37,SP,MCDONALDS CORP CMN,,S,01/29/2026,02/03/2026,"$15,001-$50,000",STOCK/FUND,B,확인,,62.7
8221322,Ro Khanna (D-CA17),38,,FULL ASSER MAREE,,P/S/E,Oatzaf transection],“Date = Transaction Notiied oF,G/H,STOCK/FUND,GH,의심,amount-multi;type;date;notified;owner;name-illegible,55.3
8221322,Ro Khanna (D-CA17),38,,"SP_|MERCK DECLARATION & CO., INC. OF TRUST CMN",,P/E,01/29/2026,92/03/26,I/K,STOCK/FUND,IK,의심,amount-multi;type;notified;owner,78.3
8221322,Ro Khanna (D-CA17),38,,PROCTER & GAMBLE COMPANY CM,,S,01/29/2026,02/03/2026,"$15,001-$50,000",STOCK/FUND,B,의심,owner,93.3
8221322,Ro Khanna (D-CA17),38,,SP_|METROPOLITAN WASH D CARPTS REV §,,S,01/28/2026,02/03/2026,"$15,001-$50,000",STOCK/FUND,B,의심,owner,79.8
8221322,Ro Khanna (D-CA17),38,,"SP__|NEXTERA ENERGY, INC. CMN",,S,01/29/2026,02/03/2026,"$15,001-$50,000",STOCK/FUND,B,의심,owner;name-illegible,57.0
8221322,Ro Khanna (D-CA17),38,SP,BOOKING HOLDINGS INC. CMN,,S,01/29/2026,02/03/2026,"$15,001-$50,000",STOCK/FUND,B,확인,,69.0
8221322,Ro Khanna (D-CA17),38,,CORPORATION CMIN,,S,02/29/2026,02/03/2026,"$15,001-$50,000",STOCK/FUND,B,의심,owner,81.0
8221322,Ro Khanna (D-CA17),38,,OKLA DEV FIN AUTH LEASE REV 2.43709,,S,01/28/2026,02/03/2026,"$15,001-$50,000",STOCK/FUND,B,의심,owner,81.3
8221322,Ro Khanna (D-CA17),38,SP,WASTE MANAGEMENT INC CMN,,S,01/29/2026,02/03/2026,"$15,001-$50,000",STOCK/FUND,B,확인,,65.4
8221322,Ro Khanna (D-CA17),38,SP,NASDAQ INC. CMN,,S,01/29/2026,02/03/2026,"$15,001-$50,000",STOCK/FUND,B,확인,,82.8
8221322,Ro Khanna (D-CA17),38,,SP__|BRISTOL-MYERS SQUIBB COMPANY CM,,S,01/29/2026,02/03/2026,"$15,001-$50,000",STOCK/FUND,B,의심,owner,83.5
8221322,Ro Khanna (D-CA17),38,SP,OKLA ST CAPITOL IMPT AUTH REV 1.995,,S,01/28/2026,02/03/2026,"$15,001-$50,000",STOCK/FUND,B,의심,name-illegible,55.5
8221322,Ro Khanna (D-CA17),38,,SP__|INTUITINCCMN,,S,01/29/2026,02/03/2026,"$15,001-$50,000",STOCK/FUND,B,의심,owner;name-illegible,31.4
8221322,Ro Khanna (D-CA17),38,,SP__|CHUBE LIMITED CMN,,S,01/29/2026,02/03/2026,"$15,001-$50,000",STOCK/FUND,B,의심,owner;name-illegible,37.8
8221322,Ro Khanna (D-CA17),38,SP,PROLOGIS INC CMN,,S,01/29/2026,02/03/2026,"$15,001-$50,000",STOCK/FUND,B,의심,name-illegible,56.7
8221322,Ro Khanna (D-CA17),38,,SP_|HURON VALLEY MICH SCH DIST GO 5%,,S,01/28/2026,02/03/2026,"$15,001-$50,000",BOND,B,의심,owner,86.3
8221322,Ro Khanna (D-CA17),38,,SP__|CONROE TEX INDPT SCH DIST GO 5% 02,,S,01/28/2026,02/03/2026,"$15,001-$50,000",BOND,B,의심,owner,88.3
8221322,Ro Khanna (D-CA17),38,,SP__|EATON CORP PLC CMN,ETN,S,01/29/2026,02/03/2026,"$15,001-$50,000",STOCK/FUND,B,의심,owner,69.1
8221322,Ro Khanna (D-CA17),38,,SP__]MARYLAND ST GO 5% 03/01/31 MS,,S,01/28/2026,02/03/2026,"$15,001-$50,000",BOND,B,의심,owner,81.4
8221322,Ro Khanna (D-CA17),39,,FULL ASTET MAME,,P/S/E,,,A/B/H,STOCK/FUND,ABH,의심,amount-multi;type;date;notified;owner;name-illegible,58.3
8221322,Ro Khanna (D-CA17),39,,"PROVIDE FUTI NAME, NAT TIEKER SYMBOL",,P/E,Exceed Galas $200 pHi |,Tronsocth Portlet,A/B/C/F/I/K,STOCK/FUND,ABCFIK,의심,amount-multi;type;date;notified;owner,71.5
8221322,Ro Khanna (D-CA17),39,,SP__|INDST DECLARATION FIN ATH OF WASTEWATER TRUST UTIL REV,,P/S/E,x,,A/B/C/F/I/K,STOCK/FUND,ABCFIK,의심,amount-multi;type;date;notified;owner,87.8
8221322,Ro Khanna (D-CA17),39,,SP_|HAYS CNTY TEX GO 5% 02/15/33 FA,,S,,,A/B,BOND,AB,의심,amount-multi;date;notified;owner,89.8
8221322,Ro Khanna (D-CA17),39,,SP_|SERVICENOW INCCMN,NOW,S,,,A/B,STOCK/FUND,AB,의심,amount-multi;date;notified;owner,77.4
8221322,Ro Khanna (D-CA17),39,,SP_|IDEXX LABORATORIES CMIN,,S,x,,A/B,STOCK/FUND,AB,의심,amount-multi;date;notified;owner,65.0
8221322,Ro Khanna (D-CA17),39,,SP_[ANNE ARUNDEL CNTY MD GO 5% 04/011,,S,x,,A/B,BOND,AB,의심,amount-multi;date;notified;owner,76.3
8221322,Ro Khanna (D-CA17),39,,SP_|PFIZER INC. CMN,,S,,,A/B,STOCK/FUND,AB,의심,amount-multi;date;notified;owner,76.9
8221322,Ro Khanna (D-CA17),39,SP,METROPOLITAN GOVT NASHVILLE & RE,,S,x,,A/B,STOCK/FUND,AB,의심,amount-multi;date;notified,80.7
8221322,Ro Khanna (D-CA17),39,,SP__|PRUDENTIALFINANCIALINCCMN,,S,x,,A/B,STOCK/FUND,AB,의심,amount-multi;date;notified;owner;name-illegible,0.0
8221322,Ro Khanna (D-CA17),39,SP,INTERCONTINENTAL EXCHANGE INC CM,,S,x,,A/B,STOCK/FUND,AB,의심,amount-multi;date;notified,71.0
8221322,Ro Khanna (D-CA17),39,SP,WASHINGTON D C MET AREA TRAN REV,,S,,,A/B,STOCK/FUND,AB,의심,amount-multi;date;notified,67.6
8221322,Ro Khanna (D-CA17),39,,"SP_|KEYSIGHT TECHNOLOGIES, INC. CMIN",,S,x,,A/B,STOCK/FUND,AB,의심,amount-multi;date;notified;owner,78.3
8221322,Ro Khanna (D-CA17),39,,BERKLEY CORPORATION CMIN,,S,x,,A/B,STOCK/FUND,AB,의심,amount-multi;date;notified;owner,77.8
8221322,Ro Khanna (D-CA17),39,SP,"METLIFE, INC. CMN",,S,x,,A/B,STOCK/FUND,AB,의심,amount-multi;date;notified;name-illegible,31.5
8221322,Ro Khanna (D-CA17),39,,SP_|ACCENTURE PLC CMIN CLASS A,,S,,,A/B,STOCK/FUND,AB,의심,amount-multi;date;notified;owner,83.5
8221322,Ro Khanna (D-CA17),39,SP,LQUATCOMM INC CMN,,S,x,,A/B,STOCK/FUND,AB,의심,amount-multi;date;notified,60.0
8221322,Ro Khanna (D-CA17),39,SP,"INTUITIVE SURGICAL, INC. CMIN",,S,x,,A/B,STOCK/FUND,AB,의심,amount-multi;date;notified,67.0
8221322,Ro Khanna (D-CA17),39,SP,SALESFORCE INC CMN,CRM,S,,x},A/B,STOCK/FUND,AB,의심,amount-multi;date;notified,63.1
8221322,Ro Khanna (D-CA17),39,,SP__|MOODY'S CORPORATION CMN,,S,. x,:,A/B,STOCK/FUND,AB,의심,amount-multi;date;notified;owner,77.0
8221322,Ro Khanna (D-CA17),40,,BLACKSTONE DECLARATION GROUP OF TRUST INC/THE CMN,,P/S/E,01/29/2026,02/03/2026,I/K,STOCK/FUND,IK,의심,amount-multi;type;owner,84.0
8221322,Ro Khanna (D-CA17),40,SP,CINTAS CORPORATION CMN,,S,01/29/2026,02/03/2026,"$1,001-$15,000",STOCK/FUND,A,확인,,75.7
8221322,Ro Khanna (D-CA17),40,,SP_|COAST CMNTY COLLEGE DIST CAUF 60,,S,01/28/2026,02/03/2026,"$1,001-$15,000",STOCK/FUND,A,의심,owner,83.2
8221322,Ro Khanna (D-CA17),40,SP,"UBER TECHNOLOGIES, INC. CMN",,S,01/29/2026,02/03/2026,"$1,001-$15,000",STOCK/FUND,A,확인,,78.7
8221322,Ro Khanna (D-CA17),40,SP,ADOBEINCCMN,,S,01/29/2026,02/03/2026,"$1,001-$15,000",STOCK/FUND,A,의심,name-illegible,47.6
8221322,Ro Khanna (D-CA17),40,SP,FASTENAL COMPANY CMN,,S,01/29/2026,02/03/2026,"$1,001-$15,000",STOCK/FUND,A,확인,,68.2
8221322,Ro Khanna (D-CA17),40,SP,"MARRIOTT INTERNATIONAL, INC CMN G",,S,01/29/2026,02/03/2026,"$1,001-$15,000",STOCK/FUND,A,확인,,80.8
8221322,Ro Khanna (D-CA17),40,SP,JAUTOMATIC DATA PROCESSING INC CM,,S,01/29/2026,02/03/2026,"$1,001-$15,000",STOCK/FUND,A,확인,,71.4
8221322,Ro Khanna (D-CA17),40,SP,MARSH ORD CMN,,S,01/29/2026,02/03/2026,"$1,001-$15,000",STOCK/FUND,A,확인,,64.2
8221322,Ro Khanna (D-CA17),40,,SP__{DANAHER CORPORATION CMN,,S,01/29/2026,02/03/2026,"$1,001-$15,000",STOCK/FUND,A,의심,owner,73.6
8221322,Ro Khanna (D-CA17),40,SP,"ROSS STORES,INC CMN",,S,01/29/2026,02/03/2026,"$1,001-$15,000",STOCK/FUND,A,확인,,80.7
8221322,Ro Khanna (D-CA17),40,SP,WALT DISNEY COMPANY (THE) CMN,,S,01/29/2026,02/03/2026,"$1,001-$15,000",STOCK/FUND,A,확인,,88.1
8221322,Ro Khanna (D-CA17),40,SP,RESMED INC. CMN,,S,01/29/2026,02/03/2026,"$1,001-$15,000",STOCK/FUND,A,확인,,66.8
8221322,Ro Khanna (D-CA17),40,SP,THE PROGRESSIVE CORPORATION CMN,,S,91/29/26],02/03/2026,"$1,001-$15,000",STOCK/FUND,A,의심,date,85.2
8221322,Ro Khanna (D-CA17),40,SP,OMNICOM GROUP CMN,,S,01/29/2026,02/03/2026,"$1,001-$15,000",STOCK/FUND,A,확인,,75.9
8221322,Ro Khanna (D-CA17),40,SP,CVS HEALTH CORP CMN,,S,01/29/2025,02/03/2026,"$1,001-$15,000",STOCK/FUND,A,확인,,69.2
8221322,Ro Khanna (D-CA17),40,SP,VERIZON COMMUNICATIONS INC. CON,,S,01/29/2026,02/03/2026,"$1,001-$15,000",STOCK/FUND,A,확인,,64.4
8221322,Ro Khanna (D-CA17),40,SP,HONEYWELLINTLINC CMN,,S,01/29/2026,02/03/2026,"$1,001-$15,000",STOCK/FUND,A,확인,,65.1
8221322,Ro Khanna (D-CA17),41,,NIKE DECLARATION CLASS-8 CMN OF TRUST CLASS 8,,P/E,,,I/K,STOCK/FUND,IK,의심,amount-multi;type;date;notified;owner,78.0
8221322,Ro Khanna (D-CA17),41,,"SP__|AUTOZONE, INC. CMIN",,S,01/29/2026,02/03/2026,"$1,001-$15,000",STOCK/FUND,A,의심,owner,82.4
8221322,Ro Khanna (D-CA17),41,,SP_|EXELON CORPORATION CMN,,S,61/29/26],02/03/2026,"$1,001-$15,000",STOCK/FUND,A,의심,date;owner,74.7
8221322,Ro Khanna (D-CA17),41,,SP_|KEYCORP CMN,,S,01/29/2026,02/03/2026,"$1,001-$15,000",STOCK/FUND,A,의심,owner,79.0
8221322,Ro Khanna (D-CA17),41,SP,S&P GLOBAL INC. CMN,,S,01/29/2026,02/03/2026,"$1,001-$15,000",STOCK/FUND,A,확인,,74.6
8221322,Ro Khanna (D-CA17),41,,SEMPRA ENERGY CMN,,S,01/29/2026,02/03/2026,"$1,001-$15,000",STOCK/FUND,A,의심,owner,74.2
8221322,Ro Khanna (D-CA17),41,SP,PHILIP MORRIS INTLINC CMN,,S,01/25/2026,02/03/2026,"$1,001-$15,000",STOCK/FUND,A,확인,,64.9
8221322,Ro Khanna (D-CA17),41,SP,"AUTODESK, INC. CMN",,S,01/29/2026,02/03/2026,"$1,001-$15,000",STOCK/FUND,A,확인,,73.2
8221322,Ro Khanna (D-CA17),41,SP,3MCOMPANYCMN,,S,01/29/2026,02/03/2026,"$1,001-$15,000",STOCK/FUND,A,의심,name-illegible,0.0
8221322,Ro Khanna (D-CA17),41,,SP__|DECKERSOUTDOORSCORPCMN,,S,01/28/2026,02/03/2026,"$1,001-$15,000",STOCK/FUND,A,의심,owner;name-illegible,30.6
8221322,Ro Khanna (D-CA17),41,,SP_|FEDEX CORPORATION CMN,,S,01/29/2026,02/03/2026,"$1,001-$15,000",STOCK/FUND,A,의심,owner,63.3
8221322,Ro Khanna (D-CA17),41,,SP_|RALEIGH N CLTD OBLIG REV 1.9640% 14,,S,01/28/2026,02/03/2026,"$1,001-$15,000",BOND,A,의심,owner,71.5
8221322,Ro Khanna (D-CA17),41,,"SP_|AGILENT TECHNOLOGIES, INC. CMN",,S,01/29/2026,_92/03/26|,"$1,001-$15,000",STOCK/FUND,A,의심,notified;owner,82.8
8221322,Ro Khanna (D-CA17),41,,SP__|AMERICAN TOWER CORPORATION CMN,,S,01/29/2026,02/03/2026,"$1,001-$15,000",STOCK/FUND,A,의심,owner,85.9
8221322,Ro Khanna (D-CA17),41,SP,MOTOROLA SOLUTIONS INC CMN,,S,01/29/2026,02/03/2026,"$1,001-$15,000",STOCK/FUND,A,확인,,71.3
8221322,Ro Khanna (D-CA17),41,,SP__|COMCAST CORPORATION CMN CLASS,,S,01/29/2026,02/03/2026,"$1,001-$15,000",STOCK/FUND,A,의심,owner,75.2
8221322,Ro Khanna (D-CA17),41,,SE__|W.W. GRAINGER INCCMN,,S,01/29/2026,02/03/2026,"$1,001-$15,000",STOCK/FUND,A,의심,owner;name-illegible,55.6
8221322,Ro Khanna (D-CA17),41,SP,DECKERS OUTDOORS CORP CMIN,,S,01/26/2026,02/03/2026,"$1,001-$15,000",STOCK/FUND,A,의심,name-illegible,59.7
8221322,Ro Khanna (D-CA17),42,,CONSTELLATION DECLARATION OF ENERGY TRUST CORP CMN,,P/S/E,01/29/2026,02/03/2026,I/K,STOCK/FUND,IK,의심,amount-multi;type;owner,80.7
8221322,Ro Khanna (D-CA17),42,,SP_|XYLEM INC. CMN,,S,01/29/2026,02/03/2026,"$1,001-$15,000",STOCK/FUND,A,의심,owner;name-illegible,49.1
8221322,Ro Khanna (D-CA17),42,,SP__J|ENTERGY CORPORATION CMN,,S,01/29/2026,02/03/2026,"$1,001-$15,000",STOCK/FUND,A,의심,owner,67.6
8221322,Ro Khanna (D-CA17),42,,SP__|INSULET CORPORATION CMIN,,S,01/29/2026,02/03/2026,"$1,001-$15,000",STOCK/FUND,A,의심,owner,63.0
8221322,Ro Khanna (D-CA17),42,,SP__|ELEVANCE HEALTH INC CMN,,S,01/29/2026,02/03/2026,"$1,001-$15,000",STOCK/FUND,A,의심,owner,80.5
8221322,Ro Khanna (D-CA17),42,,SP_INVR INC CMN,,S,01/29/2026,02/03/2026,"$1,001-$15,000",STOCK/FUND,A,의심,owner,60.9
8221322,Ro Khanna (D-CA17),42,,PUBLIC LIMITED COMPANY CMN G,,S,01/29/2026,02/03/2026,"$1,001-$15,000",STOCK/FUND,A,의심,owner,82.0
8221322,Ro Khanna (D-CA17),42,,SP__|M&T BANK CORPORATION CMN,,S,01/29/2026,02/03/2026,"$1,001-$15,000",STOCK/FUND,A,의심,owner,79.0
8221322,Ro Khanna (D-CA17),42,SP,TARGET CORPORATION CMN,,S,01/29/2026,02/03/2026,"$1,001-$15,000",STOCK/FUND,A,의심,name-illegible,53.9
8221322,Ro Khanna (D-CA17),42,,ENERGY CORPORATION CMN,,S,01/29/2026,02/03/2026,"$1,001-$15,000",STOCK/FUND,A,의심,owner,93.8
8221322,Ro Khanna (D-CA17),42,,"SP__[EQUINIX, INC. REIT",,S,01/29/2026,02/03/2026,"$1,001-$15,000",STOCK/FUND,A,의심,owner,77.1
8221322,Ro Khanna (D-CA17),42,,PRODUCTS & CHEMICALS INC CMN,,S,01/29/2026,02/03/2026,"$1,001-$15,000",STOCK/FUND,A,의심,owner,93.4
8221322,Ro Khanna (D-CA17),42,,5P__|SYSCO CORPORATION CMN,,S,01/29/2026,02/03/2026,"$1,001-$15,000",STOCK/FUND,A,의심,owner,72.9
8221322,Ro Khanna (D-CA17),42,,"§P__|ULTRA CLEAN HOLDINGS, INC. CIN",,S,01/13/2026,02/03/2026,"$1,001-$15,000",STOCK/FUND,A,의심,owner,64.1
8221322,Ro Khanna (D-CA17),42,,"SP__]|NETAPP, INC. CMN",,S,01/29/2026,02/03/2026,"$1,001-$15,000",STOCK/FUND,A,의심,owner,65.6
8221322,Ro Khanna (D-CA17),42,,"$P__|ULTRA CLEAN HOLDINGS, INC. CMN",,S,01/06/2026,02/03/2026,"$1,001-$15,000",STOCK/FUND,A,의심,owner,73.6
8221322,Ro Khanna (D-CA17),42,,$P__|REALTY INCOME CORPORATION CMN,,S,03/29/2026,02/03/2026,"$1,001-$15,000",STOCK/FUND,A,의심,owner,84.2
8221322,Ro Khanna (D-CA17),42,,$P__|STARBUCKS CORP. CIMN,,S,01/29/2026,02/03/2026,"$1,001-$15,000",STOCK/FUND,A,의심,owner;name-illegible,59.6
8221322,Ro Khanna (D-CA17),43,,SP__|METTLER-TOLEDO DECLARATION OF TRUST INTL CMN,,P/S/E,01/29/2026,02/03/2026,I/K,STOCK/FUND,IK,의심,amount-multi;type;owner,81.9
8221322,Ro Khanna (D-CA17),43,SP,ZOETIS INC. CMN CLASS A,,S,01/29/2026,02/03/2026,"$1,001-$15,000",STOCK/FUND,A,의심,name-illegible,59.5
8221322,Ro Khanna (D-CA17),43,,"SP__|CBRE GROUP, INC. CIN CLASS A",,S,01/29/2026,02/03/2026,"$1,001-$15,000",STOCK/FUND,A,의심,owner;name-illegible,56.5
8221322,Ro Khanna (D-CA17),43,,SP__}BORGWARNER INC. CMIN,,S,01/29/2026,02/03/2026,"$1,001-$15,000",STOCK/FUND,A,의심,owner;name-illegible,47.8
8221322,Ro Khanna (D-CA17),43,SP,HP INC. CMN,,S,01/29/2026,02/03/2026,"$1,001-$15,000",STOCK/FUND,A,확인,,61.4
8221322,Ro Khanna (D-CA17),43,,"SP_|YUM BRANDS, INC. CMN",,S,01/29/2026,02/03/2026,"$1,001-$15,000",STOCK/FUND,A,의심,owner,78.4
8221322,Ro Khanna (D-CA17),43,SP,THE SOUTHERN CO. CMN,,S,01/29/2026,02/03/2026,"$1,001-$15,000",STOCK/FUND,A,확인,,66.4
8221322,Ro Khanna (D-CA17),43,,CONNECTIVITY CORPORATION CMN,,S,01/29/2026,02/03/2026,"$1,001-$15,000",STOCK/FUND,A,의심,owner,94.1
8221322,Ro Khanna (D-CA17),43,SP,RAYMOND JAMES FINANCIAL INC. CMN,,S,01/29/2026,02/03/2026,"$1,001-$15,000",STOCK/FUND,A,확인,,88.2
8221322,Ro Khanna (D-CA17),43,SP,"UNITED PARCEL SERVICE, INC. CLASS B ¢",,S,01/29/2026,02/03/2026,"$1,001-$15,000",STOCK/FUND,A,확인,,81.4
8221322,Ro Khanna (D-CA17),43,,"SP__|HASBRO, INC. CMIN",,S,01/29/2026,02/03/2026,"$1,001-$15,000",STOCK/FUND,A,의심,owner,78.6
8221322,Ro Khanna (D-CA17),43,SP,WILLIS TOWERS WATSON PLC CMN,,S,01/29/2026,02/03/2026,"$1,001-$15,000",STOCK/FUND,A,확인,,82.6
8221322,Ro Khanna (D-CA17),43,,SP__|PACCAR INC CMN,,S,01/25/2026,02/03/2026,"$1,001-$15,000",STOCK/FUND,A,의심,owner;name-illegible,55.7
8221322,Ro Khanna (D-CA17),43,,"S5P__|MONDELEZ INTERNATIONAL, INC, CMN",,S,01/29/2026,02/03/2026,"$1,001-$15,000",STOCK/FUND,A,의심,owner,72.4
8221322,Ro Khanna (D-CA17),43,SP,PUBLIC STORAGE CMN Z,,S,02/29/2026,02/03/2026,"$1,001-$15,000",STOCK/FUND,A,확인,,67.9
8221322,Ro Khanna (D-CA17),43,,5P__|MSCIINC.CMN,,S,01/29/2026,02/03/2026,"$1,001-$15,000",STOCK/FUND,A,의심,owner;name-illegible,20.6
8221322,Ro Khanna (D-CA17),43,SP,HOLOGIC INCORPORATED CMN,,S,01/29/2026,02/03/2026,"$1,001-$15,000",STOCK/FUND,A,확인,,73.0
8221322,Ro Khanna (D-CA17),43,,$P__|ALASKA AIR GROUP INC(DEL HLDG) COT,,S,01/29/2026,02/03/2026,"$1,001-$15,000",STOCK/FUND,A,의심,owner,76.8
8221322,Ro Khanna (D-CA17),44,,"PROVIDE FILL NAME, POT TICKER SYMBOL",,P/E,ssocdon,,A/G/H/I/J/K,STOCK/FUND,AGHIJK,의심,amount-multi;type;date;notified;owner,79.7
8221322,Ro Khanna (D-CA17),44,,"SP__|MONOLITHIC DECTARATION POWER OF TRUST SYSTEMS, INC. CM",,P/E,|,01/29/2026,A/I/J/K,STOCK/FUND,AIJK,의심,amount-multi;type;date;owner,91.2
8221322,Ro Khanna (D-CA17),44,SP,TOPGOLF CALLAWAY BRANDS CORP CM,,S,x,01/15/2026,"$1,001-$15,000",STOCK/FUND,A,의심,date,82.3
8221322,Ro Khanna (D-CA17),44,,SP__|NORFOLK SOUTHERN CORP CMN,,S,,01/29/2026,"$1,001-$15,000",STOCK/FUND,A,의심,date;owner,91.8
8221322,Ro Khanna (D-CA17),44,SP,ESTEE LAUDER COS INC CL-A CMN CLAS$,,S,,01/29/2026,"$1,001-$15,000",STOCK/FUND,A,의심,date,81.6
8221322,Ro Khanna (D-CA17),44,SP,ECOLAB INC. CMN,,S,,01/29/2026,"$1,001-$15,000",STOCK/FUND,A,의심,date;name-illegible,55.9
8221322,Ro Khanna (D-CA17),44,SP,HEMPST EAD TOWN N Y GO 5% 03/01/2!,,S,,01/28/2026,"$1,001-$15,000",BOND,A,의심,date,80.2
8221322,Ro Khanna (D-CA17),44,,APTIV PLCCMN,,S,,- 01/29/26\__,"$1,001-$15,000",STOCK/FUND,A,의심,date;notified;owner;name-illegible,40.4
8221322,Ro Khanna (D-CA17),44,,SP__|NYS ENV FACS CORP REV 5% 10/15/28,,S,,01/28/2026,"$1,001-$15,000",BOND,A,의심,date;owner,87.1
8221322,Ro Khanna (D-CA17),44,,"SP__|PAYPAL HOLDINGS, (NC. CMN",,S,,01/29/2026,"$1,001-$15,000",STOCK/FUND,A,의심,date;owner,73.1
8221322,Ro Khanna (D-CA17),44,,ENERGY COMPANY CMN,,S,,01/29/2026,"$1,001-$15,000",STOCK/FUND,A,의심,date;owner,68.3
8221322,Ro Khanna (D-CA17),44,,SP__|TRIBOROUGH BRDG & TUNLAUTH N R,,S,,- 01/28/26),"$1,001-$15,000",STOCK/FUND,A,의심,date;notified;owner,83.5
8221322,Ro Khanna (D-CA17),44,,SP__|NEW YORK NY CITY TRANSITIONAL REV,,S,,01/28/2026,"$1,001-$15,000",STOCK/FUND,A,의심,date;owner,81.9
8221322,Ro Khanna (D-CA17),44,SP,TRIBOROUGH BRDG & TUNLAUTH NY,,S,,01/28/2026,"$1,001-$15,000",STOCK/FUND,A,의심,date,79.3
8221322,Ro Khanna (D-CA17),44,SP,BLIND BROOK-RYE N Y UN FREE GO 5%,,S,,01/28/2026,"$1,001-$15,000",BOND,A,의심,date,80.4
8221322,Ro Khanna (D-CA17),44,SP,CROWN CASTLE INTL CORP CMN,,S,,01/29/2026,"$1,001-$15,000",STOCK/FUND,A,의심,date,89.2
8221322,Ro Khanna (D-CA17),44,SP,NYNYCTY TRNSTNLFIN AUTH REV 5.0,,S,,03/28/2026,"$1,001-$15,000",STOCK/FUND,A,의심,date,66.4
8221322,Ro Khanna (D-CA17),44,SP,NEW YORK N Y GO 5% 08/01/26 FA,,S,,01/28/2026,"$1,001-$15,000",BOND,A,의심,date,76.4
8221322,Ro Khanna (D-CA17),44,SP,TRACTOR SUPPLY COMPANY CMN,,S,,01/29/2026,"$1,001-$15,000",STOCK/FUND,A,의심,date,70.3
8221322,Ro Khanna (D-CA17),45,,BUILD DECFARATION NYC RESOURCE OF TRUST CORP NY REV 4.6,,P/S/E,01/28/2026,02/03/2026,I/K,STOCK/FUND,IK,의심,amount-multi;type;owner,77.0
8221322,Ro Khanna (D-CA17),45,,SP__|NEW YORK ST DORM AUTH REVS NON F,,S,01/28/2026,_02/03/265|,"$1,001-$15,000",STOCK/FUND,A,의심,notified;owner,76.8
8221322,Ro Khanna (D-CA17),45,SP,"ILLUMINA, INC CMN",,S,01/29/2026,02/03/2026,"$1,001-$15,000",STOCK/FUND,A,확인,,73.1
8221322,Ro Khanna (D-CA17),45,,SP__|GRANDIS NY CENT SCH DIST GO 4% 12,,S,01/28/2026,02/03/2026,"$1,001-$15,000",BOND,A,의심,owner,85.1
8221322,Ro Khanna (D-CA17),45,,DE8T SECURTZTION AUTH NY REV,,S,01/28/2026,02/03/2026,"$1,001-$15,000",STOCK/FUND,A,의심,owner,83.7
8221322,Ro Khanna (D-CA17),45,,SP__|FORD MOTOR COMPANY CMN,,S,91/29/26],02/03/2026,"$1,001-$15,000",STOCK/FUND,A,의심,date;owner,87.0
8221322,Ro Khanna (D-CA17),45,,SP__|NYSTDORM AUTH REVS REV 1.1800% D,,S,01/28/2026,02/03/2026,"$1,001-$15,000",BOND,A,의심,owner,88.8
8221322,Ro Khanna (D-CA17),45,,SP__|PUBLIC-SVC ENTERPRISE GROUP HOLD!,,S,01/29/2026,02/03/2026,"$1,001-$15,000",STOCK/FUND,A,의심,owner,82.6
8221322,Ro Khanna (D-CA17),45,,SP__|DOMINION ENERGY INC CMN,,S,01/29/2026,02/03/2026,"$1,001-$15,000",STOCK/FUND,A,의심,owner,76.6
8221322,Ro Khanna (D-CA17),45,,SP__|MASCO CORPORATION CMN,,S,01/29/2026,02/03/2026,"$1,001-$15,000",STOCK/FUND,A,의심,owner,77.7
8221322,Ro Khanna (D-CA17),45,,SP__|DUKE ENERGY CORPORATION CMN,,S,01/29/2026,02/03/2026,"$1,001-$15,000",STOCK/FUND,A,의심,owner,85.7
8221322,Ro Khanna (D-CA17),45,,SP__}IQVIA HOLDINGS INC CMN,,S,01/29/2026,02/03/2026,"$1,001-$15,000",STOCK/FUND,A,의심,owner,73.1
8221322,Ro Khanna (D-CA17),45,,SP_|INGERSOLL RAND INC CMN,,S,01/29/2026,02/03/2026,"$1,001-$15,000",STOCK/FUND,A,의심,owner,81.0
8221322,Ro Khanna (D-CA17),45,,SEMICONDUCTOR CORPORATION C,,S,01/29/2026,02/03/2026,"$1,001-$15,000",STOCK/FUND,A,의심,owner,80.9
8221322,Ro Khanna (D-CA17),45,SP,FOX CORPORATION CMN,,S,01/29/2026,02/03/2026,"$1,001-$15,000",STOCK/FUND,A,확인,,67.9
8221322,Ro Khanna (D-CA17),45,SP,VICI PROPERTIES INC. CMIN,,S,01/25/2026,02/03/2026,"$1,001-$15,000",STOCK/FUND,A,의심,name-illegible,57.8
8221322,Ro Khanna (D-CA17),45,,SP__|DOLLAR GENERAL CORPORATION CMN,,S,01/29/2026,02/03/2026,"$1,001-$15,000",STOCK/FUND,A,의심,owner,78.7
8221322,Ro Khanna (D-CA17),45,,SP__|CARRIER GLOBAL CORPORATION CMN,,S,01/29/2026,02/03/2026,A/I,STOCK/FUND,AI,의심,amount-multi;owner,87.9
8221322,Ro Khanna (D-CA17),46,,COLGATE-PALMOLIVE DECFARATION OF TRUST CO CMN,,P/S/E,01/29/2026,02/03/2026,I/K,STOCK/FUND,IK,의심,amount-multi;type;owner,83.2
8221322,Ro Khanna (D-CA17),46,,HEALTHCARE TECHNOLOGIES INC CN,,S,01/29/2026,02/03/2026,"$1,001-$15,000",STOCK/FUND,A,의심,owner,95.5
8221322,Ro Khanna (D-CA17),46,SP,FIDELITY NATLINFO SVCS INCCMN,,S,01/29/2026,02/03/2026,"$1,001-$15,000",STOCK/FUND,A,확인,,65.0
8221322,Ro Khanna (D-CA17),46,SP,"UNITED RENTALS, INC. CMN",,S,01/29/2026,02/03/2026,"$1,001-$15,000",STOCK/FUND,A,확인,,70.2
8221322,Ro Khanna (D-CA17),46,,SP__|BROADRIDGE FINANCIAL SOLUTIONS IN,,S,01/29/2026,02/03/2026,"$1,001-$15,000",STOCK/FUND,A,의심,owner,74.4
8221322,Ro Khanna (D-CA17),46,SP,JEQUITY RESIDENTIAL CMN,,S,,01/29/26|__02/03/26|_—,"$1,001-$15,000",STOCK/FUND,A,의심,date;notified,81.1
8221322,Ro Khanna (D-CA17),46,SP,"TYLER TECHNOLOGIES, INC. CMN",,S,01/25/2026,02/03/2026,"$1,001-$15,000",STOCK/FUND,A,의심,name-illegible,58.0
8221322,Ro Khanna (D-CA17),46,SP,JPG &E CORPORATION CMN,,S,01/29/2026,02/03/2026,"$1,001-$15,000",STOCK/FUND,A,확인,,62.8
8221322,Ro Khanna (D-CA17),46,,SP__|INTLFLAVORS & FRAGRANCE CMN,,S,01/29/2026,02/03/2026,"$1,001-$15,000",STOCK/FUND,A,의심,owner,74.9
8221322,Ro Khanna (D-CA17),46,,SP__|REGENERON PHARMACEUTICAL INC CM,,S,01/29/2026,02/03/2026,"$1,001-$15,000",STOCK/FUND,A,의심,owner,90.9
8221322,Ro Khanna (D-CA17),46,SP,EDISON INTERNATIONAL CMN,,S,01/29/2026,02/03/2026,"$1,001-$15,000",STOCK/FUND,A,확인,,81.6
8221322,Ro Khanna (D-CA17),46,,SP__|META PLATFORMS INC-CLASS A CMN CL,META.O,S,01/29/2026,02/03/2026,"$1,001-$15,000",STOCK/FUND,A,의심,owner,81.7
8221322,Ro Khanna (D-CA17),46,,"SP__|HEALTHPEAK PROPERTIES, INC. CMN",,S,01/29/2026,02/03/2026,"$1,001-$15,000",STOCK/FUND,A,의심,owner,91.2
8221322,Ro Khanna (D-CA17),46,,"SP__|ASSURANT, INC. CMIN",,S,01/29/2026,02/03/2026,"$1,001-$15,000",STOCK/FUND,A,의심,owner,67.5
8221322,Ro Khanna (D-CA17),46,,SP__|GLOBAL PAYMENTS INC. CMN,,S,01/25/2026,02/03/2026,"$1,001-$15,000",STOCK/FUND,A,의심,owner,83.3
8221322,Ro Khanna (D-CA17),46,SP,KEURIG DR PEPPER INC CMN,,S,01/29/2026,02/03/2026,"$1,001-$15,000",STOCK/FUND,A,확인,,80.3
8221322,Ro Khanna (D-CA17),46,,SP__|AMCOR PLC CMN,,S,01/29/2026,02/03/2026,"$1,001-$15,000",STOCK/FUND,A,의심,owner,79.8
8221322,Ro Khanna (D-CA17),46,,"SP_|CENTERPOINT ENERGY, INC CMIN",,S,03/29/2026,02/03/2026,"$1,001-$15,000",STOCK/FUND,A,의심,owner,73.5
8221322,Ro Khanna (D-CA17),47,,SP__|NORWEGIAN DECLARATION CRUISE OF TRUST LINE HLOG LTD CM,,P/S/E,01/29/2026,02/03/2026,I/K,STOCK/FUND,IK,의심,amount-multi;type;owner,88.3
8221322,Ro Khanna (D-CA17),47,SP,ATMOS ENERGY CORPORATION CMN,,S,01/29/2026,02/03/2026,"$1,001-$15,000",STOCK/FUND,A,확인,,85.1
8221322,Ro Khanna (D-CA17),47,SP,MARTIN MARIETTA MATERIALS INCCM,,S,01/29/2026,02/03/2026,"$1,001-$15,000",STOCK/FUND,A,의심,name-illegible,44.8
8221322,Ro Khanna (D-CA17),47,SP,"ULTRA CLEAN HOLDINGS, INC. CMN",,S,01/09/2026,02/03/2026,"$1,001-$15,000",STOCK/FUND,A,확인,,74.5
8221322,Ro Khanna (D-CA17),47,SP,CORPAY INC CMN,,S,91/25/26],02/03/2026,"$1,001-$15,000",STOCK/FUND,A,의심,date,70.8
8221322,Ro Khanna (D-CA17),47,SP,CALLAWAY GOLF COMPANY CMN,,S,03/26/2026,02/03/2026,"$1,001-$15,000",STOCK/FUND,A,확인,,78.1
8221322,Ro Khanna (D-CA17),47,SP,WEYERHAEUSER COMPANY CMN,,S,01/29/2026,02/03/2026,"$1,001-$15,000",STOCK/FUND,A,의심,name-illegible,57.9
8221322,Ro Khanna (D-CA17),47,SP,DAYFORCE INC CMN,,S,01/29/2026,02/03/2026,"$1,001-$15,000",STOCK/FUND,A,확인,,80.7
8221322,Ro Khanna (D-CA17),47,SP,"ONITY ELECTRONICS, INC. CMN",,S,-_ 01/29/26],02/03/2026,"$1,001-$15,000",STOCK/FUND,A,의심,date,66.1
8221322,Ro Khanna (D-CA17),47,SP,VULCAN MATERIALS CO CMN,VMC,S,01/29/2026,02/03/2026,"$1,001-$15,000",STOCK/FUND,A,확인,,84.3
8221322,Ro Khanna (D-CA17),47,SP,FIFTH THIRD BANCORP CMN,,S,01/29/2026,02/03/2026,"$1,001-$15,000",STOCK/FUND,A,확인,,78.5
8221322,Ro Khanna (D-CA17),47,,SP__|HUMANA INC. CMN,,S,01/29/2026,02/03/2026,"$1,001-$15,000",STOCK/FUND,A,의심,owner,87.1
8221322,Ro Khanna (D-CA17),47,SP,BUNGE GLOBAL SA CMN,,S,01/29/2026,02/03/2026,"$1,001-$15,000",STOCK/FUND,A,확인,,94.2
8221322,Ro Khanna (D-CA17),47,SP,KIMBERLY-CLARK CORPORATION CMIN,,S,01/25/2026,02/03/2026,"$1,001-$15,000",STOCK/FUND,A,확인,,65.0
8221322,Ro Khanna (D-CA17),47,,"SP_|FISERV, INC. CMN",,S,01/29/2026,02/03/2026,"$1,001-$15,000",STOCK/FUND,A,의심,owner,69.9
8221322,Ro Khanna (D-CA17),47,SP,AFLAC INCORPORATED CMN,,S,01/29/2026,02/03/2026,"$1,001-$15,000",STOCK/FUND,A,확인,,61.5
8221322,Ro Khanna (D-CA17),47,SP,"WEC ENERGY GROUP, INC, CMN",,S,01/29/2026,02/03/2026,"$1,001-$15,000",STOCK/FUND,A,확인,,86.5
8221322,Ro Khanna (D-CA17),47,SP,TYSON FOOOS INC CL-A CMN CLASS A,,S,02/29/2026,02/03/2026,"$1,001-$15,000",STOCK/FUND,A,확인,,83.2
8221322,Ro Khanna (D-CA17),48,,SP__|PPLCORPORATION DECLARATION OF TRUST CMN,,P/S/E,01/29/2026,02/03/2026,I/K,STOCK/FUND,IK,의심,amount-multi;type;owner,71.0
8221322,Ro Khanna (D-CA17),48,SP,DUPONT DE NEMOURS INC CMN,,S,01/29/2026,02/03/2026,"$1,001-$15,000",STOCK/FUND,A,확인,,80.6
8221322,Ro Khanna (D-CA17),48,,SP__{LABCORP HOLDINGS INC CMN,,S,01/29/2026,02/03/2026,"$1,001-$15,000",STOCK/FUND,A,의심,owner,75.8
8221322,Ro Khanna (D-CA17),48,SP,BROWN FORMAN CORP CL:B CMN CLAS,,S,01/29/2026,02/03/2026,"$1,001-$15,000",STOCK/FUND,A,확인,,68.4
8221322,Ro Khanna (D-CA17),48,SP,"FIRST SOLAR, INC. CMN",FSLR.O,S,01/29/2026,02/03/2026,"$1,001-$15,000",STOCK/FUND,A,확인,,74.1
8221322,Ro Khanna (D-CA17),48,,SP__|HOST HOTELS & RESORTS INC CMN,,S,01/29/2026,02/03/2026,"$1,001-$15,000",STOCK/FUND,A,의심,owner,83.3
8221322,Ro Khanna (D-CA17),48,,SP__|FIRSTENERGY CORP. CMN,,S,01/29/2026,02/03/2026,"$1,001-$15,000",STOCK/FUND,A,의심,owner,74.0
8221322,Ro Khanna (D-CA17),48,SP,"AKAMA! TECHNOLOGIES, INC. CMN",,S,01/29/2026,02/03/2026,"$1,001-$15,000",STOCK/FUND,A,확인,,80.9
8221322,Ro Khanna (D-CA17),48,,SP__|VERALTO CORPORATION CMN,,S,01/25/2026,02/03/2026,"$1,001-$15,000",STOCK/FUND,A,의심,owner,83.4
8221322,Ro Khanna (D-CA17),48,SP,EVERSOURCE ENERGY CMN,,S,01/29/2026,02/03/2026,"$1,001-$15,000",STOCK/FUND,A,확인,,76.9
8221322,Ro Khanna (D-CA17),48,SP,MOSAIC COMPANY (THE} CMN,,S,01/29/2026,92/03/26,"$1,001-$15,000",STOCK/FUND,A,의심,notified,62.3
8221322,Ro Khanna (D-CA17),48,,SP__|ARCHER-DANIELS-MIDLAND COMPANY,,S,01/29/2026,02/03/2026,"$1,001-$15,000",STOCK/FUND,A,의심,owner,84.6
8221322,Ro Khanna (D-CA17),48,SP,"EXTRA SPACE STORAGE INC, CMN",,S,01/29/2026,02/03/2025,"$1,001-$15,000",STOCK/FUND,A,확인,,93.4
8221322,Ro Khanna (D-CA17),48,,"SP__|KIMCO REALTY OP, LLC CMN",,S,01/29/2026,02/03/2026,"$1,001-$15,000",STOCK/FUND,A,의심,owner,73.0
8221322,Ro Khanna (D-CA17),48,SP,"ALEXANDRIA REAL ESTATE EQUITIES, IN",,S,01/29/2026,02/03/2026,A/J,STOCK/FUND,AJ,의심,amount-multi,84.2
8221322,Ro Khanna (D-CA17),48,,"SP__|EPAM SYSTEMS, INC. CMIN",,S,01/29/2026,02/03/2026,"$1,001-$15,000",STOCK/FUND,A,의심,owner,70.0
8221322,Ro Khanna (D-CA17),48,,"SP__|PAYCOM SOFTWARE, INC. CMIN",,S,01/29/2026,02/03/2026,"$1,001-$15,000",STOCK/FUND,A,의심,owner,60.1
8221322,Ro Khanna (D-CA17),48,SP,MID-AMERICA APT CMNTYS INC CMN,,S,01/29/2026,02/03/2026,"$1,001-$15,000",STOCK/FUND,A,확인,,77.1
8221322,Ro Khanna (D-CA17),49,,FULL ASSE NAME,,P/S/E,OstecfTraniaction|,Date — Treazaction Hater oT,G/H,STOCK/FUND,GH,의심,amount-multi;type;date;notified;owner;name-illegible,45.8
8221322,Ro Khanna (D-CA17),49,,"PROVIDE FAIT NEME, NOT TICKER SYMBOL",,P/S/E,MMyoostY,MM/DDIYT,I/K,STOCK/FUND,IK,의심,amount-multi;type;date;notified;owner,73.3
8221322,Ro Khanna (D-CA17),49,,SP__|BALL DECLARATION CORPORATION OF TRUST CMN,,P/S/E,01/29/2026,02/03/2026,I/K,STOCK/FUND,IK,의심,amount-multi;type;owner,89.4
8221322,Ro Khanna (D-CA17),49,,"AMERICAN WATER WORKS CO, INC. CM",,S,01/29/2026,02/03/2026,"$1,001-$15,000",STOCK/FUND,A,의심,owner,74.1
8221322,Ro Khanna (D-CA17),49,,SP__|BEST BUY CO INC CMN,,S,01/29/2026,02/03/2026,"$1,001-$15,000",STOCK/FUND,A,의심,owner,71.9
8221322,Ro Khanna (D-CA17),49,,COMMUNICATIONS CORPORATION,,S,01/29/2026,02/03/2026,"$1,001-$15,000",STOCK/FUND,A,의심,owner,86.6
8221322,Ro Khanna (D-CA17),49,,SP__|IRON MOUNTAIN INCORPORATED CIN,,S,01/29/2026,02/03/2026,"$1,001-$15,000",STOCK/FUND,A,의심,owner,68.0
8221322,Ro Khanna (D-CA17),49,,"SP_|LAMB WESTON HOLDINGS, INC. CMN",,S,01/29/2026,02/03/2026,"$1,001-$15,000",STOCK/FUND,A,의심,owner,86.1
8221322,Ro Khanna (D-CA17),49,,"SP_|MODERNA, INC. CMN",MRNA.O,S,01/29/2026,02/03/2026,"$1,001-$15,000",STOCK/FUND,A,의심,owner,76.9
8221322,Ro Khanna (D-CA17),49,,SP__|AVALONBAY COMMUNITIES INC CMN,,S,01/29/2026,02/03/2026,"$1,001-$15,000",STOCK/FUND,A,의심,owner,70.9
8221322,Ro Khanna (D-CA17),49,,SP__|LENNAR CORPORATION CMN CLASS A,,S,03/29/2026,02/03/2026,"$1,001-$15,000",STOCK/FUND,A,의심,owner,84.0
8221322,Ro Khanna (D-CA17),49,,"SP__|MICRON TECHNOLOGY, INC. CMN",MU.O,S,01/05/2026,02/03/2026,"$1,001-$15,000",STOCK/FUND,A,의심,owner,80.5
8221322,Ro Khanna (D-CA17),49,SP,CLOROX CO (THE) (DELAWARE) CMIN,,S,01/29/2026,02/03/2026,"$1,001-$15,000",STOCK/FUND,A,확인,,63.4
8221322,Ro Khanna (D-CA17),49,,"SP__|ALIGN TECHNOLOGY, INCCMN",,S,01/29/2026,02/03/2026,"$1,001-$15,000",STOCK/FUND,A,의심,owner;name-illegible,54.7
8221322,Ro Khanna (D-CA17),49,,SP_{INVITATION HOMES INC. CMN°,,S,01/29/2026,02/03/2026,"$1,001-$15,000",STOCK/FUND,A,의심,owner,63.4
8221322,Ro Khanna (D-CA17),49,SP,J. M. SMUCKER COMPANY (THE) CMN,,S,01/29/2026,02/03/2026,"$1,001-$15,000",STOCK/FUND,A,확인,,77.6
8221322,Ro Khanna (D-CA17),49,SP,THE KRAFT HEINZ CO CMN,,S,01/29/2026,02/03/2026,"$1,001-$15,000",STOCK/FUND,A,확인,,73.0
8221322,Ro Khanna (D-CA17),49,,"CARMAX, INC. CMN",,S,01/29/2026,02/03/2026,"$1,001-$15,000",STOCK/FUND,A,의심,owner,85.0
8221322,Ro Khanna (D-CA17),49,,"SP__|BATH & BODY WORKS, INC. CMN",,S,01/29/2026,02/03/2026,"$1,001-$15,000",STOCK/FUND,A,의심,owner,79.5
8221322,Ro Khanna (D-CA17),49,SP,CAESARS ENTERTAINMENT INC CMN,,S,01/29/2026,02/03/2026,"$1,001-$15,000",STOCK/FUND,A,확인,,75.1
8221322,Ro Khanna (D-CA17),50,,CORPORATION DECLARATION OF TRUST CMN,,P/S/E,02/29/2026,02/03/2026,I/K,STOCK/FUND,IK,의심,amount-multi;type;owner,87.3
8221322,Ro Khanna (D-CA17),50,SP,LYONDELLBASELL INDUSTRIES N.V. CM,,S,01/29/2026,02/03/2026,"$1,001-$15,000",STOCK/FUND,A,확인,,86.5
8221322,Ro Khanna (D-CA17),50,SP,JCONAGRA BRANDS INC CMN,,S,01/29/2025,02/03/2026,"$1,001-$15,000",STOCK/FUND,A,의심,name-illegible,40.7
8221322,Ro Khanna (D-CA17),50,SP,DOWINCCMN,,S,01/29/2026,02/03/2026,"$1,001-$15,000",STOCK/FUND,A,확인,,69.4
8221322,Ro Khanna (D-CA17),51,,FULL ASCET RAMA N,,P/S/E,Date of Transacvion,Tracsaction outed of,G/H,STOCK/FUND,GH,의심,amount-multi;type;date;notified;owner;name-illegible,34.9
8221322,Ro Khanna (D-CA17),51,,"PROVIDE FALL NENTE, ANT TICKER SYMBOL",,P/E,MM/D0/YY,MMvoonY .,I/K,STOCK/FUND,IK,의심,amount-multi;type;date;notified;owner;name-illegible,56.9
8221322,Ro Khanna (D-CA17),51,,COSTCO |CMN 1994 TRUST WHOLESALE CORPORATION,,P/E,01/13/2026,02/03/2026,I/K,STOCK/FUND,IK,의심,amount-multi;type;owner,85.9
8221322,Ro Khanna (D-CA17),51,,SP__|MARSH & MCLENNAN CO INC CMN,,P,01/13/2026,02/03/2026,"$15,001-$50,000",STOCK/FUND,B,의심,owner,87.7
8221322,Ro Khanna (D-CA17),51,SP,PHILIP MORRIS INTLINC CMN,,P,01/13/2026,02/03/2026,"$15,001-$50,000",STOCK/FUND,B,확인,,68.9
8221322,Ro Khanna (D-CA17),51,SP,"JINTUITIVE SURGICAL, INC. CMN",,P,01/13/2026,02/03/2026,"$15,001-$50,000",STOCK/FUND,B,확인,,70.6
8221322,Ro Khanna (D-CA17),51,,"SP__[VERISK ANALYTICS, INC. CIN",,P,01/13/2026,02/03/2026,"$15,001-$50,000",STOCK/FUND,B,의심,owner,73.2
8221322,Ro Khanna (D-CA17),51,,SP__|ARTHURJ GALLAGHER & COCMN,,P,01/13/2026,02/03/2026,"$15,001-$50,000",STOCK/FUND,B,의심,owner,70.6
8221322,Ro Khanna (D-CA17),51,SP,REPUBLIC SERVICES INC CMN,,P,01/13/2026,02/03/2026,"$1,001-$15,000",STOCK/FUND,A,확인,,81.2
8221322,Ro Khanna (D-CA17),51,,"SP__|MONDELEZ INTERNATIONAL, INC.CMNI",,P,01/13/2026,02/03/2026,"$1,001-$15,000",STOCK/FUND,A,의심,owner;name-illegible,48.6
8221322,Ro Khanna (D-CA17),51,SP,LINDE PLC CMN,,P,01/13/2026,02/03/2026,"$1,001-$15,000",STOCK/FUND,A,확인,,74.6
8221322,Ro Khanna (D-CA17),51,SP,WASTE MANAGEMENT INC CMN,,P,01/13/2026,02/03/2026,"$1,001-$15,000",STOCK/FUND,A,의심,name-illegible,54.6
8221322,Ro Khanna (D-CA17),51,SP,"COPART, INC. CMN",,P,01/13/2026,02/03/2026,"$1,001-$15,000",STOCK/FUND,A,확인,,75.4
8221322,Ro Khanna (D-CA17),51,SP,ROPER TECHNOLOGIES INC CMN,,P,01/13/2026,02/03/2026,"$1,001-$15,000",STOCK/FUND,A,확인,,76.7
8221322,Ro Khanna (D-CA17),51,SP,PALO ALTO NETWORKS INC. CMN,PANW.O,P,01/13/2026,02/03/2026,"$1,001-$15,000",STOCK/FUND,A,확인,,80.4
8221322,Ro Khanna (D-CA17),51,SP,"JO‘REILLY AUTOMOTIVE, INC. CMN",,P,01/13/2026,02/03/2025,"$1,001-$15,000",STOCK/FUND,A,확인,,70.7
8221322,Ro Khanna (D-CA17),51,SP,"PAYPAL HOLDINGS, INC. CMIN",,P,01/13/2026,02/03/2026,"$1,001-$15,000",STOCK/FUND,A,확인,,83.0
8221322,Ro Khanna (D-CA17),51,,"SP__|T-MOBILE US, INC. CMN",,P,01/13/2026,02/03/2026,"$1,001-$15,000",STOCK/FUND,A,의심,owner,76.5
8221322,Ro Khanna (D-CA17),51,SP,SHELL PLC SPONSORED ADR CMIN,,P,01/09/2026,02/03/2026,"$1,001-$15,000",STOCK/FUND,A,확인,,74.6
8221322,Ro Khanna (D-CA17),51,,AMERICAN TOWER CORPORATION,,P,01/13/2026,02/03/2026,"$1,001-$15,000",STOCK/FUND,A,의심,owner,79.2
8221322,Ro Khanna (D-CA17),51,SP,COLGATE-PALMOLIVE CO CMN,,P,01/13/2026,02/03/2026,"$1,001-$15,000",STOCK/FUND,A,확인,,81.8
8221322,Ro Khanna (D-CA17),52,,"PROVIDE FAIL NAME, CT TICKER TYMBO!",,P/S/E,,,I/K,STOCK/FUND,IK,의심,amount-multi;type;date;notified;owner,70.2
8221322,Ro Khanna (D-CA17),52,,"SP__|GLOBAL 1994 TRUST PAYMENTS INC, CMN",,P/S/E,01/13/2026,02/03/2026,I/K,STOCK/FUND,IK,의심,amount-multi;type;owner,85.1
8221322,Ro Khanna (D-CA17),52,SP,"BLOCK, INC. CMIN CLASS A",,P/S,01/13/2026,02/03/2026,"$1,001-$15,000",STOCK/FUND,A,의심,type,72.2
8221322,Ro Khanna (D-CA17),52,,"SP__|WORKDAY, INC. CMIN CLASS A",,P/S,01/13/2026,02/03/2026,"$1,001-$15,000",STOCK/FUND,A,의심,type;owner,80.7
8221322,Ro Khanna (D-CA17),52,,CLASS-B CMN CLASS 8,,P/S,01/13/2026,02/03/2026,"$1,001-$15,000",STOCK/FUND,A,의심,type;owner,85.3
8221322,Ro Khanna (D-CA17),52,SP,KIMBERLY-CLARK CORPORATION CMN,,P/S,01/13/2026,02/03/2026,"$1,001-$15,000",STOCK/FUND,A,의심,type,71.9
8221322,Ro Khanna (D-CA17),52,,SP__|MICROSOFT CORPORATION CMIN,MSFT.O,P/S,01/13/2026,02/03/2026,"$1,001-$15,000",STOCK/FUND,A,의심,type;owner,71.5
8221322,Ro Khanna (D-CA17),52,SP,LOWES COMPANIES INC CMN,,P/S,01/13/2026,02/03/2026,"$1,001-$15,000",STOCK/FUND,A,의심,type,81.8
8221322,Ro Khanna (D-CA17),52,SP,CARVANA CO. CMN CLASS A,,P/S,01/13/2026,02/03/2026,"$1,001-$15,000",STOCK/FUND,A,의심,type,62.9
8221322,Ro Khanna (D-CA17),52,SP,"TYLER TECHNOLOGIES, INC. CMN",,P/S,01/13/2026,02/03/2026,"$1,001-$15,000",STOCK/FUND,A,의심,type,83.8
8221322,Ro Khanna (D-CA17),52,,PRODUCTS & CHEMICALS INCCMN,,P/S,01/13/2026,02/03/2026,"$1,001-$15,000",STOCK/FUND,A,의심,type;owner,79.5
8221322,Ro Khanna (D-CA17),52,,SP__|POOLCORP CMN,,P/S,01/13/2026,02/03/2026,"$1,001-$15,000",STOCK/FUND,A,의심,type;owner,60.2
8221322,Ro Khanna (D-CA17),52,,VERIZON COMMUNICATIONS INC,,P/S,01/13/2026,02/03/2026,"$1,001-$15,000",STOCK/FUND,A,의심,type;owner,93.5
8221322,Ro Khanna (D-CA17),52,SP,EXTRA SPACE STORAGE INC. CMIN,,P/S,01/13/2026,02/03/2026,"$1,001-$15,000",STOCK/FUND,A,의심,type,72.7
8221322,Ro Khanna (D-CA17),52,SP,AON |CLASSA PUBLIC LIMITED COMPANY CMN,,P/S,01/13/2026,02/03/2026,"$1,001-$15,000",STOCK/FUND,A,의심,type,66.0
8221322,Ro Khanna (D-CA17),52,,SP__|PTCINC. CMN,,P/S,01/13/2026,02/03/2026,"$1,001-$15,000",STOCK/FUND,A,의심,type;owner,78.1
8221322,Ro Khanna (D-CA17),52,,SP__|KROGER COMPANY CMN,,P/S,01/13/2026,02/03/2026,"$1,001-$15,000",STOCK/FUND,A,의심,type;owner,82.2
8221322,Ro Khanna (D-CA17),52,SP,TRACTOR SUPPLY COMPANY CMN,,S,01/13/2026,02/03/2026,"$1,001-$15,000",STOCK/FUND,A,의심,name-illegible,56.0
8221322,Ro Khanna (D-CA17),52,,"SP__|FISERV, INC. CMN",,P/S,01/13/2026,02/03/2026,"$1,001-$15,000",STOCK/FUND,A,의심,type;owner,76.8
8221322,Ro Khanna (D-CA17),52,SP,BROADRIDGE |INCMN FINANCIAL SOLUTIONS,,P/S,01/13/2026,02/03/2026,"$1,001-$15,000",STOCK/FUND,A,의심,type,87.7
8221322,Ro Khanna (D-CA17),53,,ALEXANDRIA INC. 1994 TRUST REAL ; ESTATE EQUITIES,,P/E,,01/13/2026,A/B/I/K,STOCK/FUND,ABIK,의심,amount-multi;type;date;owner,70.2
8221322,Ro Khanna (D-CA17),53,SP,GARMIN LTD CMN,,P,,01/13/2026,"$1,001-$15,000",STOCK/FUND,A,의심,date,73.1
8221322,Ro Khanna (D-CA17),53,,"SP__|BROWN & BROWN, INC. CMN",,P,,01/13/2026,"$1,001-$15,000",STOCK/FUND,A,의심,date;owner,82.4
8221322,Ro Khanna (D-CA17),53,SP,"WILLIAMS-SONOMA, INC, CMN",,P,,01/13/2026,"$1,001-$15,000",STOCK/FUND,A,의심,date,71.6
8221322,Ro Khanna (D-CA17),53,SP,"FORTINET, INC CMN",FTNT.O,P,,01/13/2026,"$1,001-$15,000",STOCK/FUND,A,의심,date,76.2
8221322,Ro Khanna (D-CA17),53,SP,"DATAOOG, INC. CMN CLASS A",,P,,01/13/2026,"$1,001-$15,000",STOCK/FUND,A,의심,date,85.9
8221322,Ro Khanna (D-CA17),53,SP,"DARDEN RESTAURANTS, INC. CMN",,P,,01/13/2026,"$1,001-$15,000",STOCK/FUND,A,의심,date,85.5
8221322,Ro Khanna (D-CA17),53,SP,"METLIFE, INC. CMN",,P,,01/13/2026,"$1,001-$15,000",STOCK/FUND,A,의심,date,79.6
8221322,Ro Khanna (D-CA17),53,SP,MC DONALDS CORP CMN,,P,,01/13/2026,"$1,001-$15,000",STOCK/FUND,A,의심,date,77.7
8221322,Ro Khanna (D-CA17),53,SP,JMSCIINC. CVIN,,P,,01/13/2026,"$1,001-$15,000",STOCK/FUND,A,의심,date;name-illegible,25.0
8221322,Ro Khanna (D-CA17),53,SP,CINTAS CORPORATION CMN,,P,,01/13/2026,"$1,001-$15,000",STOCK/FUND,A,의심,date,75.2
8221322,Ro Khanna (D-CA17),53,SP,JAVOTING COMCAST CORPORATION CMN CLASS,,P,-,01/13/2026,"$1,001-$15,000",STOCK/FUND,A,의심,date,79.4
8221322,Ro Khanna (D-CA17),53,SP,PUBLICSTORAGE CMN,,P,,01/13/2026,"$1,001-$15,000",STOCK/FUND,A,의심,date,79.7
8221322,Ro Khanna (D-CA17),53,SP,CIGNA GROUP/THE CMN,,P,,01/13/2026,"$1,001-$15,000",STOCK/FUND,A,의심,date,70.6
8221322,Ro Khanna (D-CA17),53,SP,MOODY'S CORPORATION CMN,,P,,01/13/2026,"$1,001-$15,000",STOCK/FUND,A,의심,date,70.1
8221322,Ro Khanna (D-CA17),53,,"SP_|SYNOPSYS,INC.CMN",,P,,02/13/2026,"$1,001-$15,000",STOCK/FUND,A,의심,date;owner;name-illegible,1.7
8221322,Ro Khanna (D-CA17),53,SP,"ALTRIA GROUP, INC. CMN",,P,,01/13/2026,"$1,001-$15,000",STOCK/FUND,A,의심,date,74.2
8221322,Ro Khanna (D-CA17),53,SP,JORACLE CORPORATION CMN,,P,,01/13/2026,"$1,001-$15,000",STOCK/FUND,A,의심,date,81.1
8221322,Ro Khanna (D-CA17),53,,SP__|ZOETISINC. CMNCLASSA,,P,,01/13/2026,"$1,001-$15,000",STOCK/FUND,A,의심,date;owner;name-illegible,27.4
8221322,Ro Khanna (D-CA17),54,,"PROVIDE FLL ACME, AOT TICKER SYMBOL",,E,Os,MM/DD/YY .,I/K,STOCK/FUND,IK,의심,amount-multi;date;notified;owner,64.0
8221322,Ro Khanna (D-CA17),54,,ASML 1994 HOLDING TRUST N.V. ADR CMN,ASML.O,E,01/09/2026,02/03/2026,I/K,STOCK/FUND,IK,의심,amount-multi;owner,79.7
8221322,Ro Khanna (D-CA17),54,SP,01/09/2026 CALL/UBS FLEX EURO PM @ 42 EXP,,E,01/09/2026,02/03/2026,"$1,001-$15,000",OPTION,A,확인,,88.5
8221322,Ro Khanna (D-CA17),54,,SP__]01/09/2026 CALL/CRH FLEX EURO PM @ 120 EXP,,E,01/09/2026,02/03/2026,"$1,001-$15,000",OPTION,A,의심,owner,75.3
8221322,Ro Khanna (D-CA17),54,SP,01/09/2026 CALL/SMFG FLEX EURO - PM 19.5 EXP,,E,01/09/2026,02/03/2026,"$1,001-$15,000",OPTION,A,확인,,85.6
8221322,Ro Khanna (D-CA17),54,,SP__|01/09/2026 CALL/HSBC FLEX EURO PM 78 EXP,,E,01/09/2026,02/03/2026,"$1,001-$15,000",OPTION,A,의심,owner,89.1
8221322,Ro Khanna (D-CA17),54,SP,04/17/2026 PUT/XSP @ 650 €XP,,E,01/30/2026,02/03/2026,"$1,001-$15,000",OPTION,A,확인,,78.5
8221322,Ro Khanna (D-CA17),54,SP,03/31/2026 PUT/XSP @ 65S EXP,,E,01/23/2026,02/03/2026,"$1,001-$15,000",OPTION,A,확인,,83.3
8221322,Ro Khanna (D-CA17),54,SP,PUT/XSP __|03/20/2026 @ 660 EXP,,E,01/09/2026,02/03/2026,"$1,001-$15,000",OPTION,A,확인,,75.8
8221322,Ro Khanna (D-CA17),54,SP,03/06/2026 PUT/XSP @ 669 EXP,,E,01/16/2026,02/03/2026,"$1,001-$15,000",OPTION,A,확인,,74.5
8221322,Ro Khanna (D-CA17),54,,SP__|02/13/2026 PUT/XSP @ 665 EXP,,E,01/05/2026,02/03/2026,"$1,001-$15,000",OPTION,A,의심,owner,87.3
8221322,Ro Khanna (D-CA17),54,SP,VISA INC. CMN CLASS A,V,E,01/13/2026,02/03/2026,"$50,001-$100,000",STOCK/FUND,C,확인,,75.9
8221322,Ro Khanna (D-CA17),54,SP,"THE HOME OFPOT, INC. CMIN",,E,01/13/2026,02/03/2026,"$15,001-$50,000",STOCK/FUND,B,확인,,72.6
8221322,Ro Khanna (D-CA17),54,SP,MASTERCARD {CLASSA INCORPORATED . CMN,MA,E,01/13/2026,02/03/2026,"$15,001-$50,000",STOCK/FUND,B,확인,,63.0
8221322,Ro Khanna (D-CA17),54,SP,AT&T INC. CMN,,E,01/13/2026,02/03/2026,"$15,001-$50,000",STOCK/FUND,B,확인,,74.4
8221322,Ro Khanna (D-CA17),54,,SP__|COCA-COLA COMPANY (THE) CMN,,E,01/13/2026,02/03/2026,"$15,001-$50,000",STOCK/FUND,B,의심,owner,79.8
8221322,Ro Khanna (D-CA17),54,SP,THE PROGRESSIVE CORPORATION CMN,,E,03/13/2026,02/03/2026,"$15,001-$50,000",STOCK/FUND,B,확인,,84.7
8221322,Ro Khanna (D-CA17),54,SP,JINTUITINCCMN,,E,01/13/2026,02/03/2026,"$15,001-$50,000",STOCK/FUND,B,의심,name-illegible,0.0
8221322,Ro Khanna (D-CA17),54,SP,SERVICENOW INCCMN,NOW,E,01/13/2026,02/03/2026,"$15,001-$50,000",STOCK/FUND,B,확인,,79.8
8221322,Ro Khanna (D-CA17),54,,"SP__|PAYCHEX, INC. CMN",,E,01/13/2026,02/03/2026,"$1,001-$15,000",STOCK/FUND,A,의심,owner,79.3
8221322,Ro Khanna (D-CA17),55,,ADOBE 1984 INCCMN TRUST,,P/E,01/13/2026,02/03/2026,I/K,STOCK/FUND,IK,의심,amount-multi;type;owner,78.6
8221322,Ro Khanna (D-CA17),55,,LOEWS CORPORATION CMN,,S,01/13/2026,02/03/2026,"$1,001-$15,000",STOCK/FUND,A,의심,owner,74.5
8221322,Ro Khanna (D-CA17),55,SP,"AUTOZONE, INC. CMN",,S,01/13/2026,02/03/2026,"$1,001-$15,000",STOCK/FUND,A,확인,,75.3
8221322,Ro Khanna (D-CA17),55,SP,CMN EDWARDS LIFESCIENCES : CORPORATI,,S,01/43/26],02/03/2026,"$1,001-$15,000",STOCK/FUND,A,의심,date;name-illegible,52.7
8221322,Ro Khanna (D-CA17),55,SP,"THE TRAVELERS COMPANIES, INC CMN",,S,01/13/2026,02/03/2026,"$1,001-$15,000",STOCK/FUND,A,확인,,82.8
8221322,Ro Khanna (D-CA17),55,SP,"EQUINIX, INC. REIT",,S,01/13/2026,02/03/2026,"$1,001-$15,000",STOCK/FUND,A,확인,,85.0
8221322,Ro Khanna (D-CA17),55,SP,AUTOMATIC ICMN DATA PROCESSING INC,,S,01/13/2025,02/03/2026,"$1,001-$15,000",STOCK/FUND,A,확인,,72.0
8221322,Ro Khanna (D-CA17),55,SP,"AMERICAN INTL GROUP, INC. CMN",,S,01/13/2026,02/03/2026,"$1,001-$15,000",STOCK/FUND,A,확인,,80.8
8221322,Ro Khanna (D-CA17),55,,"SP__|CROWOSTRIKE HOLOINGS, INC. CMN",,S,01/13/2026,02/03/2026,"$1,001-$15,000",STOCK/FUND,A,의심,owner,82.4
8221322,Ro Khanna (D-CA17),55,SP,HORMEL FOODS CORPORATION CMN,,S,01/13/2026,02/03/2026,"$1,001-$15,000",STOCK/FUND,A,확인,,70.4
8221322,Ro Khanna (D-CA17),55,SP,CONAGRA BRANDS INC CMN,,S,01/13/2026,02/03/2026,"$1,001-$15,000",STOCK/FUND,A,확인,,85.4
8221322,Ro Khanna (D-CA17),55,SP,GENERAL MILLS INCCMN,,S,01/13/2026,02/03/2026,"$1,001-$15,000",STOCK/FUND,A,확인,,61.7
8221322,Ro Khanna (D-CA17),55,SP,ESSEX PROPERTY TRUST INC CMN,,S,01/13/2026,02/03/2026,"$1,001-$15,000",STOCK/FUND,A,확인,,81.5
8221322,Ro Khanna (D-CA17),55,SP,GLOBE LIFE INC CMN,,S,01/13/2026,02/03/2026,"$1,001-$15,000",STOCK/FUND,A,확인,,79.1
8221322,Ro Khanna (D-CA17),55,SP,"PAYCOM SOFTWARE, INC. CMN",,S,01/13/2026,02/03/2026,"$1,001-$15,000",STOCK/FUND,A,확인,,81.7
8221322,Ro Khanna (D-CA17),55,SP,DECKERS OUTDOORS CORP CMN,,S,01/13/2026,02/03/2026,"$1,001-$15,000",STOCK/FUND,A,확인,,70.4
8221322,Ro Khanna (D-CA17),55,SP,"COSTAR GROUP, INC. CMN",,S,01/13/2026,02/03/2026,"$1,001-$15,000",STOCK/FUND,A,확인,,83.0
8221322,Ro Khanna (D-CA17),55,SP,CMN UNITEDHEALTH GROUP INCORPORATE,,S,01/13/2026,02/03/2026,"$1,001-$15,000",STOCK/FUND,A,확인,,90.5
8221322,Ro Khanna (D-CA17),55,SP,"CHARTER |CMN COMMUNICATIONS, . INC",,S,01/13/2026,02/03/2026,"$1,001-$15,000",STOCK/FUND,A,확인,,70.9
8221322,Ro Khanna (D-CA17),56,,FULL ATT NAME,,P/S/E,Dateof Transact),§ — Transaction te,G/H,STOCK/FUND,GH,의심,amount-multi;type;date;notified;owner;name-illegible,41.6
8221322,Ro Khanna (D-CA17),56,,REALTY 1994 INCOME TRUST CORPORATION CMN,,P/S/E,03/13/2026,02/03/2026,I/K,STOCK/FUND,IK,의심,amount-multi;type;owner,89.6
8221322,Ro Khanna (D-CA17),56,,SP__|CORPORATION SBA COMMUNICATIONS CMN,,S,01/13/2026,02/03/2026,"$1,001-$15,000",STOCK/FUND,A,의심,owner,83.6
8221322,Ro Khanna (D-CA17),56,,SP__|GODADDY INC. CMN CLASSA,,S,01/13/2026,02/03/2026,"$1,001-$15,000",STOCK/FUND,A,의심,owner,85.6
8221322,Ro Khanna (D-CA17),56,,"SP__|SUPER MICRO COMPUTER, INC. CMIN",,S,01/13/2026,02/03/2026,"$1,001-$15,000",STOCK/FUND,A,의심,owner,74.6
8221322,Ro Khanna (D-CA17),56,SP,"SKYWORKS SOLUTIONS, INC. CMN",,S,01/13/2026,02/03/2026,"$1,001-$15,000",STOCK/FUND,A,확인,,62.0
8221322,Ro Khanna (D-CA17),56,,NATIONAL GRID PLC SPONSORED ADR,,S,01/09/26]-,02/03/2026,"$1,001-$15,000",STOCK/FUND,A,의심,date;owner,96.3
8221326,Michael McCaul (R-TX10),1,SP,FTI CONSULTING INC,,P,01/21/2026,02/05/2026,"$100,001-$250,000",STOCK/FUND,D,확인,,71.5
8221326,Michael McCaul (R-TX10),1,SP,LINDEN STRUCTURED CAPITAL FD IL,,P,01/29/2026,02/05/2026,"$50,001-$100,000",STOCK/FUND,C,확인,,91.4
8221326,Michael McCaul (R-TX10),1,SP,LEVINE LEICHTMAN CAPITAL PARTNERS VI! LP,,P,01/15/2026,02/05/2026,"$50,001-$100,000",STOCK/FUND,C,확인,,85.8
8221326,Michael McCaul (R-TX10),1,SP,MERCADOLIBRE INC,,P,01/13/2026,02/05/2026,"$15,001-$50,000",STOCK/FUND,B,의심,name-illegible,57.3
8221326,Michael McCaul (R-TX10),1,SP,HPS SPECIAL OPP FUND TI LP,,P,01/22/2026,02/05/2026,"$15,001-$50,000",STOCK/FUND,B,확인,,88.9
8221326,Michael McCaul (R-TX10),1,SP,INSIGHT ENTERPRISES INC,,P,01/28/2026,02/05/2026,"$15,001-$50,000",STOCK/FUND,B,확인,,82.1
8221326,Michael McCaul (R-TX10),1,SP,BDT CAPITAL PARTNERS FUND 3 LP,,P,01/21/2026,02/05/2026,"$15,001-$50,000",STOCK/FUND,B,확인,,95.3
8221326,Michael McCaul (R-TX10),1,SP,NETFLIX INC,,P,01/30/2026,02/05/2026,"$15,001-$50,000",STOCK/FUND,B,확인,,94.3
8221326,Michael McCaul (R-TX10),1,SP,MAYS-ALLOCATE LP —,,P,01/30/2026,02/05/2026,"$15,001-$50,000",STOCK/FUND,B,의심,name-illegible,44.8
8221326,Michael McCaul (R-TX10),1,SP,MAYS-ALLOCATE 2025 LP,,P,01/22/2026,02/05/2026,"$15,001-$50,000",STOCK/FUND,B,확인,,95.0
8221326,Michael McCaul (R-TX10),1,SP,BDT CAPITAL PARTNERS FUND 4 LP,,P,01/21/2026,02/05/2026,"$15,001-$50,000",STOCK/FUND,B,확인,,95.5
8221326,Michael McCaul (R-TX10),1,SP,PURE STORAGE INC CLA,,P,01/29/2026,02/05/2026,"$15,001-$50,000",STOCK/FUND,B,확인,,95.8
8221326,Michael McCaul (R-TX10),1,SP,SAP ADR,,P,01/30/2026,02/05/2026,"$1,001-$15,000",STOCK/FUND,A,확인,,64.4
8221326,Michael McCaul (R-TX10),1,SP,MAYS-ALLOCATE LP,,P,01/14/2026,02/05/2026,"$1,001-$15,000",STOCK/FUND,A,확인,,83.6
8221326,Michael McCaul (R-TX10),1,SP,INTUIT INC,,P,01/30/2026,02/05/2026,"$1,001-$15,000",STOCK/FUND,A,확인,,92.9
8221326,Michael McCaul (R-TX10),1,SP,WORKDAY INC . EN,,P,01/30/2026,02/05/2026,"$1,001-$15,000",STOCK/FUND,A,의심,name-illegible,58.0
8221326,Michael McCaul (R-TX10),1,SP,MAYS-ALLOCATE LP,,P,01/09/2026,02/05/2026,"$1,001-$15,000",STOCK/FUND,A,확인,,93.8
8221326,Michael McCaul (R-TX10),1,SP,SAP ADR,,P,01/13/2026,02/05/2026,"$1,001-$15,000",STOCK/FUND,A,확인,,63.7
8221326,Michael McCaul (R-TX10),1,SP,MERCADOLIBRE INC,,P,01/26/2026,02/05/2026,"$1,001-$15,000",STOCK/FUND,A,확인,,93.3
8221326,Michael McCaul (R-TX10),1,SP,MICROSOFT CORP,MSFT.O,P,01/30/2026,02/05/2026,"$1,001-$15,000",STOCK/FUND,A,의심,name-illegible,52.7
8221326,Michael McCaul (R-TX10),1,SP,MAYS-ALLOCATE 2025 LP,,P,01/14/2026,02/05/2026,"$1,001-$15,000",STOCK/FUND,A,확인,,95.1
8221326,Michael McCaul (R-TX10),1,,FF MERCADOLIBRE INC —,,P,01/30/2026,02/05/2026,"$1,001-$15,000",STOCK/FUND,A,의심,owner,71.9
8221326,Michael McCaul (R-TX10),1,SP,COMCAST CORP,,P,01/13/2026,2sfoze,"$1,001-$15,000",STOCK/FUND,A,의심,notified,87.6
8221326,Michael McCaul (R-TX10),1,SP,HPS SPECIAL OPP FUND [I LP,,P,01/22/2026,02/05/2026,"$1,001-$15,000",STOCK/FUND,A,확인,,91.2
8221326,Michael McCaul (R-TX10),2,SP,BDT SUNRISE HOLDINGS LLC,,P,01/21/2026,02/05/2026,"$1,001-$15,000",STOCK/FUND,A,확인,,95.9
8221326,Michael McCaul (R-TX10),2,SP,VERSANT MEDIA GROUP INC COM CLA,,S,01/13/2026,02/05/2026,"$1,001-$15,000",STOCK/FUND,A,확인,,95.5
8221326,Michael McCaul (R-TX10),2,SP,ASML HOLDING NV,ASML.O,S,01/30/2026,02/05/2026,"$1,001-$15,000",STOCK/FUND,A,확인,,95.5
8221326,Michael McCaul (R-TX10),2,SP,AERCAP HOLDINGS,,S,01/13/2026,02/05/2026,"$1,001-$15,000",STOCK/FUND,A,확인,,94.2
8221326,Michael McCaul (R-TX10),2,SP,WOODWARD INC,,S,01/14/2026,02/05/2026,"$1,001-$15,000",STOCK/FUND,A,확인,,96.3
8221326,Michael McCaul (R-TX10),2,SP,ASML HOLDING NV,ASML.O,S,01/26/2026,02/05/2026,"$1,001-$15,000",STOCK/FUND,A,확인,,95.2
8221326,Michael McCaul (R-TX10),2,SP,ASML HOLDING NV,ASML.O,S,01/15/2026,02/05/2026,"$1,001-$15,000",STOCK/FUND,A,확인,,93.3
8221326,Michael McCaul (R-TX10),2,SP,ALCOA CORP COM,,S,01/13/2026,02/05/2026,"$1,001-$15,000",STOCK/FUND,A,확인,,96.3
8221326,Michael McCaul (R-TX10),2,SP,ASML HOLDING NV,ASML.O,S,01/13/2026,02/05/2026,"$1,001-$15,000",STOCK/FUND,A,확인,,95.7
8221326,Michael McCaul (R-TX10),2,SP,PINTEREST INC CLA,,S,01/29/2026,02/05/2026,"$15,001-$50,000",STOCK/FUND,B,확인,,93.4
8221326,Michael McCaul (R-TX10),2,SP,HENRY SCHEIN INC,,S,01/09/2026,02/05/2026,"$15,001-$50,000",STOCK/FUND,B,확인,,95.5
8221326,Michael McCaul (R-TX10),2,SP,ARROW ELECTRONICS INC,,S,01/27/2026,02/05/2026,"$50,001-$100,000",STOCK/FUND,C,확인,,96.6
8221326,Michael McCaul (R-TX10),2,SP,PLEXUS CORP,,S,01/21/2026,02/05/2026,"$50,001-$100,000",STOCK/FUND,C,확인,,64.5
8221326,Michael McCaul (R-TX10),2,SP,NC TPK AT TRIANGLE EXPWY,,S,01/02/2026,02/05/2026,"$100,001-$250,000",STOCK/FUND,D,확인,,86.0
8221326,Michael McCaul (R-TX10),2,SP,SAN ANTONIO TEX TAX NTS,,S,01/05/2026,02/05/2026,"$100,001-$250,000",STOCK/FUND,D,확인,,95.9
8221326,Michael McCaul (R-TX10),2,SP,AUSTIN TEX ARPT SYS REV,,S,01/06/2026,02/05/2026,"$250,001-$500,000",STOCK/FUND,E,확인,,65.3
8221326,Michael McCaul (R-TX10),2,SP,NORTHERN INTERMED TAX EXEMPT FUND,,S,01/20/2026,02/05/2026,"$250,001-$500,000",STOCK/FUND,E,확인,,96.5
8221326,Michael McCaul (R-TX10),2,SP,INTERNATIONAL FLAVORS &FRAGRANCES,,P,01/13/2026,02/05/2026,"$100,001-$250,000",STOCK/FUND,D,확인,,93.8
8221326,Michael McCaul (R-TX10),2,SP,BAXTER INTERNATIONAL INC,,P,01/13/2026,02/05/2026,"$50,001-$100,000",STOCK/FUND,C,확인,,96.5
8221326,Michael McCaul (R-TX10),2,SP,GENUINE PARTS CO,,P,01/08/2026,02/05/2026,"$15,001-$50,000",STOCK/FUND,B,확인,,96.1
8221326,Michael McCaul (R-TX10),2,SP,CVS HEALTH CORPORATION,,S,01/13/2026,02/05/2026,"$15,001-$50,000",STOCK/FUND,B,확인,,96.5
8221326,Michael McCaul (R-TX10),2,SP,MERCK &CO. INC,,S,01/13/2026,02/05/2026,"$15,001-$50,000",STOCK/FUND,B,확인,,92.5
8221326,Michael McCaul (R-TX10),2,SP,DOLLAR TREE INC,,S,01/13/2026,02/05/2026,"$100,001-$250,000",STOCK/FUND,D,확인,,92.8
8221326,Michael McCaul (R-TX10),3,SP,VANGUARD INDEX FDS S&P 500 ETF,,S,01/26/2026,02/05/2026,"$1,001-$15,000",STOCK/FUND,A,확인,,87.3
8221326,Michael McCaul (R-TX10),3,SP,VANGUARD INDEX FDS S&P 500 ETF,,S,01/23/2026,02/05/2026,"$1,001-$15,000",STOCK/FUND,A,확인,,86.0
8221326,Michael McCaul (R-TX10),3,SP,VANGUARD LONG TERM TAX,,P,01/02/2026,- * 2/5/2026,"$1,001-$15,000",STOCK/FUND,A,의심,notified,76.7
8221326,Michael McCaul (R-TX10),3,SP,VANGUARD INDEX FDS S&P 500 ETF,,S,01/16/2026,02/05/2026,"$1,001-$15,000",STOCK/FUND,A,확인,,95.4
8221358,Ro Khanna (D-CA17),02,,"PROWDE - FULL 2010 NOME, NOT TICKER SYMBOL",,P/S/E,,MA/DO/TE,I/K,STOCK/FUND,IK,의심,amount-multi;type;date;notified;owner,77.8
8221358,Ro Khanna (D-CA17),02,,"CANADIAN _|LINKED |UNITED TC RENTALS, BASKET IMPERIAL INC. OF BANK INDICES CMN OF COMM",,P,02/10/26} 02/06/26|,03/02/26 03/02/26,C/I/K,STOCK/FUND,CIK,의심,amount-multi;date;notified;owner,84.1
8221358,Ro Khanna (D-CA17),02,,02/06/2026 CAUL/ODFL |GE VERNOVA FLEX LLC EURO CMN PM 180 EXP,GEV,P/S,02/06/26| 02/06/26],03/02/26 03/02/26|,A/B/H/I/K,OPTION,ABHIK,의심,amount-multi;type;date;notified;owner,79.7
8221358,Ro Khanna (D-CA17),02,DC,ROCKWELL AUTOMATION INC CMN,,S,02/06/2026,03/02/2026,"$1,001-$15,000",STOCK/FUND,A,확인,,82.9
8221358,Ro Khanna (D-CA17),03,,FOL AMAT NAME,,P/S/E,Date of Transaction},= Transaction ‘ov,G/H,STOCK/FUND,GH,의심,amount-multi;type;date;notified;owner;name-illegible,58.7
8221358,Ro Khanna (D-CA17),03,,DC_|GENIUS GRANDCHILDREN’S SPORTS EDUCATION LTD CIN TRUST,,P/E,02/05/2026,03/04/2026,I/K,STOCK/FUND,IK,의심,amount-multi;type;owner,82.9
8221358,Ro Khanna (D-CA17),03,DC,GENIUS SPORTS LTD CMN,,P,02/06/2026,03/04/2026,"$1,001-$15,000",STOCK/FUND,A,확인,,76.8
8221358,Ro Khanna (D-CA17),03,DC,"DC_|CLASSA ALBERTSONS _[|MAPLEBEAR INC. COMPANIES, CMN . INC. CMN",,P/E,_02/13/26| 02/12/26},03/04/26| 03/04/26],A/I/J/K,STOCK/FUND,AIJK,의심,amount-multi;type;date;notified,63.7
8221358,Ro Khanna (D-CA17),03,DC,"TENABLE HOLDINGS, INC CMN",,P,02/06/2026,03/04/2026,"$1,001-$15,000",STOCK/FUND,A,확인,,69.3
8221358,Ro Khanna (D-CA17),03,DC,MAPLEBEAR INC. CHIN,,P,02/25/2026,03/04/2026,"$1,001-$15,000",STOCK/FUND,A,의심,name-illegible,57.6
8221358,Ro Khanna (D-CA17),03,DC,GRAPHIC PACKAGING HLDGCO CMN,,S,02/09/2026,03/04/2026,"$1,001-$15,000",STOCK/FUND,A,확인,,83.1
8221358,Ro Khanna (D-CA17),03,,ZIMMER [PENN ENTERTAINMENT BIOMET HOLDINGS INC CMN INC,,S/E,02/06/26} 02/17/26},03/04/26; 03/04/26),A/I/J/K,STOCK/FUND,AIJK,의심,amount-multi;type;date;notified;owner,81.7
8221358,Ro Khanna (D-CA17),03,,AXALTA _|CALLAWAY COATING GOLF COMPANY SYSTEMS LTD. CMN CMIN,,S/E,02/04/26] 02/12/26),03/04/26| 03/04/26!,A/H/I/J/K,STOCK/FUND,AHIJK,의심,amount-multi;type;date;notified;owner,79.8
8221358,Ro Khanna (D-CA17),03,,"5S&C _|CMN TECHNOLOGIES HOLDINGS, IN",,S,02/06/2026,03/04/2026,"$1,001-$15,000",STOCK/FUND,A,의심,owner,67.3
8221358,Ro Khanna (D-CA17),03,DC,AXALTA COATING SYSTEMS LTD. CMN,,S,02/17/2026,03/04/2026,"$1,001-$15,000",STOCK/FUND,A,확인,,76.9
8221358,Ro Khanna (D-CA17),03,,DC_|AXALTA COATING SYSTEMS LTD. CMN,,S,02/23/2026,03/04/2026,"$1,001-$15,000",STOCK/FUND,A,의심,owner,79.4
8221358,Ro Khanna (D-CA17),03,,DC_|AXALTA COATING SYSTEMS LTD. CMIN,,S,02/03/2026,03/04/2026,"$1,001-$15,000",STOCK/FUND,A,의심,owner,80.5
8221358,Ro Khanna (D-CA17),03,DC,"NASDAQINC, CMN",,S,02/11/2026,03/04/2026,"$1,001-$15,000",STOCK/FUND,A,확인,,62.0
8221358,Ro Khanna (D-CA17),04,,"GRANDCHILDFEN'S _{AXALTA COATING EDUCATION SYSTEMS TRUST LTD, CMIN",,P/S/E,02/12/2026,03/04/2026,I/K,STOCK/FUND,IK,의심,amount-multi;type;owner,83.2
8221358,Ro Khanna (D-CA17),04,DC,TRUIST |CMN FINANCIAL CORPORATION,,S,02/25/2026,03/04/2026,"$1,001-$15,000",STOCK/FUND,A,확인,,83.5
8221358,Ro Khanna (D-CA17),05,,FULL ASSOT MAME,,P/S/E,Dave of Transaction,BataRetilewot ‘Transartion,G/H,STOCK/FUND,GH,의심,amount-multi;type;date;notified;owner;name-illegible,59.1
8221358,Ro Khanna (D-CA17),05,,"PROVIDE FIED NERAT, NOT TICKER SYMBOL",,P/S/E,MayDoY,MM/DOAY,I/K,STOCK/FUND,IK,의심,amount-multi;type;date;notified;owner;name-illegible,58.8
8221358,Ro Khanna (D-CA17),05,DC,TRUST _.|BERKSHIRE FBO KHANNA HATHAWAY CHILDREN INC. CLASS B,BRKb,P/E,02/24/2026,03/04/2026,I/K,STOCK/FUND,IK,의심,amount-multi;type,80.5
8221358,Ro Khanna (D-CA17),05,DC,"THE HOME DEPOT, INC. CMN",,P,02/24/2026,03/04/2026,"$50,001-$100,000",STOCK/FUND,C,확인,,81.4
8221358,Ro Khanna (D-CA17),05,DC,MASTERCARD [CLASSA INCORPORATED CMN,MA,P,02/24/2026,03/04/2026,"$15,001-$50,000",STOCK/FUND,B,확인,,88.6
8221358,Ro Khanna (D-CA17),05,DC,STRYKER CORPORATION CMN,,P,02/24/2026,03/04/2026,"$15,001-$50,000",STOCK/FUND,B,확인,,72.4
8221358,Ro Khanna (D-CA17),05,DC,"AT&T INC, CMN",,P,02/24/2026,03/04/2026,"$15,001-$50,000",STOCK/FUND,B,의심,name-illegible,42.1
8221358,Ro Khanna (D-CA17),05,DC,ARTHUR J GALLAGHER & CO CMN,,P,02/24/2026,03/04/2026,"$15,001-$50,000",STOCK/FUND,B,확인,,79.6
8221358,Ro Khanna (D-CA17),05,,"DC_|PAYCHEX, INC. CMN",,P,02/24/2026,03/04/2026,"$15,001-$50,000",STOCK/FUND,B,의심,owner,72.3
8221358,Ro Khanna (D-CA17),05,,IAPPLOVIN |A CORPORATION CMN CLASS,,P,02/24/2026,03/04/2026,"$15,001-$50,000",STOCK/FUND,B,의심,owner,79.0
8221358,Ro Khanna (D-CA17),05,DC,AMGEN INC. CMN,,P,02/24/2026,03/04/2026,"$15,001-$50,000",STOCK/FUND,B,확인,,75.6
8221358,Ro Khanna (D-CA17),05,,DC_|NASDAQINC. CMN,,P,02/24/2026,03/04/2026,"$15,001-$50,000",STOCK/FUND,B,의심,owner,71.1
8221358,Ro Khanna (D-CA17),05,DC,MICROSOFT CORPORATION CMN,MSFT.O,P,02/24/2026,03/04/2026,"$15,001-$50,000",STOCK/FUND,B,확인,,76.0
8221358,Ro Khanna (D-CA17),05,DC,JELEVANCE HEALTH INC CMN,,P,02/24/2026,03/04/2026,"$15,001-$50,000",STOCK/FUND,B,확인,,63.0
8221358,Ro Khanna (D-CA17),05,,"DC_{BLACKROCK FUNDING, INC. CMN",,P,02/24/2026,03/04/2026,"$15,001-$50,000",STOCK/FUND,B,의심,owner,86.6
8221358,Ro Khanna (D-CA17),05,DC,"'AMERIPRISE FINANCIAL, INC. CMN",,P,02/24/2026,_-03/04/26|,"$1,001-$15,000",STOCK/FUND,A,의심,notified,73.6
8221358,Ro Khanna (D-CA17),05,DC,INTLBUSINESS MACHINES CORPCMN,,P,02/24/2026,03/04/2026,"$1,001-$15,000",STOCK/FUND,A,확인,,77.2
8221358,Ro Khanna (D-CA17),05,DC,"T-MOBILE US, INC. CMN",,P,02/24/2026,03/04/2025,"$1,001-$15,000",STOCK/FUND,A,확인,,69.9
8221358,Ro Khanna (D-CA17),06,,CADENCE FBO KHANNA DESIGN CHILDREN SYSTEMS INC CIMIN,,P/E,02/24/2026,03/04/2026,I/K,STOCK/FUND,IK,의심,amount-multi;type;owner,77.0
8221358,Ro Khanna (D-CA17),06,DC,CIGNA GROUP/THE CMN,,P,02/24/2026,03/04/2026,"$1,001-$15,000",STOCK/FUND,A,확인,,78.9
8221358,Ro Khanna (D-CA17),06,DC,TAKE |INC TWO INTERACTIVE SOFTWARE,,P,02/24/2026,03/04/2026,"$1,001-$15,000",STOCK/FUND,A,확인,,71.5
8221358,Ro Khanna (D-CA17),06,DC,NEWS CORPORATION CMN CLASS A,,P,02/24/2026,03/04/2026,"$1,001-$15,000",STOCK/FUND,A,확인,,63.8
8221358,Ro Khanna (D-CA17),06,,"DC__/AIRBNB, INC, CMN CLASSA",,P,02/24/2026,03/04/2026,"$1,001-$15,000",STOCK/FUND,A,의심,owner,64.9
8221358,Ro Khanna (D-CA17),06,DC,/SHERWIN-WILLIAMS CO CMN,,P,02/24/2026,03/04/261,"$1,001-$15,000",STOCK/FUND,A,의심,notified,65.4
8221358,Ro Khanna (D-CA17),06,,BROADRIDGE |INCMN FINANCIAL SOLUTIONS,,P,02/24/2026,03/04/2025,"$1,001-$15,000",STOCK/FUND,A,의심,owner,82.6
8221358,Ro Khanna (D-CA17),06,DC,PARKER-HANNIFIN CORP. CMN,,P,02/24/2026,03/04/2026,"$1,001-$15,000",STOCK/FUND,A,확인,,80.0
8221358,Ro Khanna (D-CA17),06,DC,CORPCLASSA COGNIZANT TECHNOLOGY SOLUTIONS,,P,02/24/26 -,03/04/2026,"$1,001-$15,000",STOCK/FUND,A,의심,date,90.6
8221358,Ro Khanna (D-CA17),06,DC,THE BANK OF NY MELLON CORP CMN,,P,02/24/2026,03/04/2025,"$1,001-$15,000",STOCK/FUND,A,확인,,89.9
8221358,Ro Khanna (D-CA17),06,DC,"COINBASE GLOBAL, INC.CMNCLASSA",COIN.O,P,02/24/2026,03/04/2026,"$1,001-$15,000",STOCK/FUND,A,의심,name-illegible,55.0
8221358,Ro Khanna (D-CA17),06,DC,UNION {EQTY DN PACIFIC CASH BASE CORP. JSE UNPI ; INT,,P,02/24/2026,03/04/2026,"$1,001-$15,000",STOCK/FUND,A,확인,,80.7
8221358,Ro Khanna (D-CA17),06,DC,INTERCONTINENTAL ICMN EXCHANGE INC,,P,02/24/2026,03/04/2026,"$1,001-$15,000",STOCK/FUND,A,확인,,83.1
8221358,Ro Khanna (D-CA17),06,DC,CLASSA META PLATFORMS INC-CLASS A CMN,META.O,P,02/24/2026,03/04/2026,"$1,001-$15,000",STOCK/FUND,A,확인,,87.1
8221358,Ro Khanna (D-CA17),06,DC,ICMN STATE STREET CORPORATION (NEW,,P,02/24/2026,03/04/2026,"$1,001-$15,000",STOCK/FUND,A,확인,,77.9
8221358,Ro Khanna (D-CA17),06,DC,"PAYPAL HOLDINGS, INC. CMN",,P,02/24/2026,03/04/2026,"$1,001-$15,000",STOCK/FUND,A,확인,,75.4
8221358,Ro Khanna (D-CA17),06,DC,"AMERICAN INTL GROUP, INC. CMN",,P,02/24/2026,03/04/2026,"$1,001-$15,000",STOCK/FUND,A,확인,,80.2
8221358,Ro Khanna (D-CA17),06,DC,CIENA CORPORATION CMN,CIEN.K,P,02/24/2026,03/04/2026,"$1,001-$15,000",STOCK/FUND,A,확인,,62.4
8221358,Ro Khanna (D-CA17),06,DC,"TYLER TECHNOLOGIES, INC. CIN",,P,02/24/2026,03/04/2026,"$1,001-$15,000",STOCK/FUND,A,확인,,75.2
8221358,Ro Khanna (D-CA17),07,,FULL,,P/S/E,Data of Traruaction,Bats Trensaction eeador,G/H,STOCK/FUND,GH,의심,amount-multi;type;date;notified;owner,78.3
8221358,Ro Khanna (D-CA17),07,,"PROVIDE FED NAME, NAT LOKER HMBOT",,P/E,,,I/K,STOCK/FUND,IK,의심,amount-multi;type;date;notified;owner;name-illegible,48.0
8221358,Ro Khanna (D-CA17),07,DC,THERMO FBO KHANNA FISHER CHILDREN SCIENTIFIC INC CMN,,P/E,02/24/2026,03/04/2026,I/K,STOCK/FUND,IK,의심,amount-multi;type,70.9
8221358,Ro Khanna (D-CA17),07,,COSTCO WHOLESALE CORPORATION,,P,02/24/2026,03/04/2026,"$1,001-$15,000",STOCK/FUND,A,의심,owner,95.3
8221358,Ro Khanna (D-CA17),07,DC,MCKESSON CORPORATION CMN,,P,02/24/2026,03/04/2026,"$1,001-$15,000",STOCK/FUND,A,확인,,61.9
8221358,Ro Khanna (D-CA17),07,,DC_|PALANTIRTECHNOLOGIES INC.CMN,PLTR.O,P,02/24/2026,03/04/2026,"$1,001-$15,000",STOCK/FUND,A,의심,owner;name-illegible,28.5
8221358,Ro Khanna (D-CA17),07,,"SYNOPSYS, INC. CMN",,P,02/24/2026,03/04/2026,"$1,001-$15,000",STOCK/FUND,A,의심,owner,72.0
8221358,Ro Khanna (D-CA17),07,DC,"PEPSICO, INC. CMN",,P,02/24/2026,03/04/2026,"$1,001-$15,000",STOCK/FUND,A,확인,,68.7
8221358,Ro Khanna (D-CA17),07,DC,"PAYCOM SOFTWARE, INC. CMN",,P,02/24/2026,03/04/2026,"$1,001-$15,000",STOCK/FUND,A,확인,,75.0
8221358,Ro Khanna (D-CA17),07,DC,GODADDY INC. CMI CLASS A,,P,02/24/2026,03/04/2026,"$1,001-$15,000",STOCK/FUND,A,확인,,60.0
8221358,Ro Khanna (D-CA17),07,DC,IFSINCCMN,,P,02/24/2026,03/04/2026,"$1,001-$15,000",STOCK/FUND,A,의심,name-illegible,0.0
8221358,Ro Khanna (D-CA17),07,,DC_[BOOKING HOLDINGS INC. CMIN,,P,02/24/2026,03/04/2026,"$1,001-$15,000",STOCK/FUND,A,의심,owner,60.2
8221358,Ro Khanna (D-CA17),07,,JACOBS SOLUTIONS INC CMN,,P,02/24/2026,03/04/2026,"$1,001-$15,000",STOCK/FUND,A,의심,owner,74.7
8221358,Ro Khanna (D-CA17),07,DC,CINCINNATI FINANCIAL CRP CMN,,P,02/24/2026,03/04/2026,"$1,001-$15,000",STOCK/FUND,A,확인,,65.0
8221358,Ro Khanna (D-CA17),07,,"OLD DOMINION FREIGHT LINE, INC",,P,02/24/2026,03/04/2026,"$1,001-$15,000",STOCK/FUND,A,의심,owner,95.8
8221358,Ro Khanna (D-CA17),07,DC,"COSTAR GROUP, INC. CMN",,P,02/24/2026,03/04/2026,"$1,001-$15,000",STOCK/FUND,A,확인,,88.8
8221358,Ro Khanna (D-CA17),07,,"DC_|ROLLINS INC, REGOFF SCTASKO796638",,P,02/24/2026,03/04/2026,"$1,001-$15,000",STOCK/FUND,A,의심,owner,80.2
8221358,Ro Khanna (D-CA17),07,,BXP INC COMMON STOCK,,P,02/24/2026,03/04/2026,"$1,001-$15,000",STOCK/FUND,A,의심,owner,85.8
8221358,Ro Khanna (D-CA17),07,DC,MGM RESORTS INTERNATIONALCMN,,P,02/24/2026,03/04/2026,"$1,001-$15,000",STOCK/FUND,A,의심,name-illegible,49.8
8221358,Ro Khanna (D-CA17),07,DC,NVIDIA CORPORATION CMIN,NVDA.O,P,02/24/2026,03/04/2026,"$1,001-$15,000",STOCK/FUND,A,확인,,64.4
8221358,Ro Khanna (D-CA17),07,,SYNCHRONY FINANCIAL CMN,,P,02/24/2026,03/04/2026,"$1,001-$15,000",STOCK/FUND,A,의심,owner,71.9
8221358,Ro Khanna (D-CA17),08,,FULL ASCUT MAREE,,P/S/E,Deteef Trarsectica,BateRodador Traneaxtion,G/H,STOCK/FUND,GH,의심,amount-multi;type;date;notified;owner;name-illegible,44.3
8221358,Ro Khanna (D-CA17),08,,"TRUST TRADE FBO KHANNA DESK, INC. CHILDREN (THE) CMIN",,P/E,02/24/2026,03/04/2026,I/K,STOCK/FUND,IK,의심,amount-multi;type;owner,76.8
8221358,Ro Khanna (D-CA17),08,DC,EBAYINC. CMN,,P,02/24/2026,03/04/2026,"$1,001-$15,000",STOCK/FUND,A,의심,name-illegible,46.1
8221358,Ro Khanna (D-CA17),08,DC,"BUILOERS FIRSTSOURCE, INC. CIN",,P,02/24/2026,03/04/2026,"$1,001-$15,000",STOCK/FUND,A,확인,,60.1
8221358,Ro Khanna (D-CA17),08,DC,PTCINC. CMN,,P,02/24/2026,_03/04/26/,"$1,001-$15,000",STOCK/FUND,A,의심,notified,65.9
8221358,Ro Khanna (D-CA17),08,DC,CMN MICROCHIP TECHNOLOGY INCORPORA,,P,02/24/2026,03/04/2026,"$1,001-$15,000",STOCK/FUND,A,확인,,76.4
8221358,Ro Khanna (D-CA17),08,DC,KROGER COMPANY CMN,,P,02/24/2026,03/04/2026,"$1,001-$15,000",STOCK/FUND,A,확인,,90.0
8221358,Ro Khanna (D-CA17),08,,"AUTOZONE, INC. CMN",,P,02/24/2026,03/04/2026,"$1,001-$15,000",STOCK/FUND,A,의심,owner,74.7
8221358,Ro Khanna (D-CA17),08,DC,CDW CORPORATION CMN,,P,02/24/2026,03/04/2026,"$1,001-$15,000",STOCK/FUND,A,확인,,90.8
8221358,Ro Khanna (D-CA17),08,DC,VICI PROPERTIES INC. CMN,,P,02/24/2026,03/04/2026,"$1,001-$15,000",STOCK/FUND,A,확인,,72.5
8221358,Ro Khanna (D-CA17),08,DC,"/ALTRIA GROUP, INC. CMN",,P,02/24/2026,03/04/2026,"$1,001-$15,000",STOCK/FUND,A,확인,,82.5
8221358,Ro Khanna (D-CA17),08,DC,RESMED INC. CMN,,P,02/24/2026,03/04/2026,"$1,001-$15,000",STOCK/FUND,A,확인,,75.6
8221358,Ro Khanna (D-CA17),08,DC,INGERSOLL RAND INC CMN,,P,02/24/2026,03/04/2026,"$1,001-$15,000",STOCK/FUND,A,의심,name-illegible,37.4
8221358,Ro Khanna (D-CA17),08,,INTERNATIONAL PAPER CO. CMN,,P,02/24/2026,03/04/2026,"$1,001-$15,000",STOCK/FUND,A,의심,owner,82.5
8221358,Ro Khanna (D-CA17),08,DC,CORNING INCORPORATED CMN,GLW,P,02/24/2026,03/04/2026,"$1,001-$15,000",STOCK/FUND,A,확인,,79.2
8221358,Ro Khanna (D-CA17),08,,"HEALTHPEAK PROPERTIES, INC, CMN",,P,02/24/2026,03/04/2026,"$1,001-$15,000",STOCK/FUND,A,의심,owner,69.9
8221358,Ro Khanna (D-CA17),08,DC,MORGAN STANLEY CMN,,P,02/24/2026,03/04/2026,"$1,001-$15,000",STOCK/FUND,A,확인,,87.0
8221358,Ro Khanna (D-CA17),08,DC,"MOLINA HEALTHCARE, INC. CMN",,P,02/24/2026,03/04/2026,"$1,001-$15,000",STOCK/FUND,A,확인,,88.7
8221358,Ro Khanna (D-CA17),08,,A ZEBRA TECHNOLOGIES INC CMIN CLASS,,P,02/24/2026,03/04/2026,"$1,001-$15,000",STOCK/FUND,A,의심,owner,80.1
8221358,Ro Khanna (D-CA17),08,DC,"CROWDSTRIKE HOLDINGS, INC, CMN",CRWD.O,P,02/24/2026,03/04/2026,"$1,001-$15,000",STOCK/FUND,A,확인,,74.7
8221358,Ro Khanna (D-CA17),09,DC,DC_|CLASSB TRUST JAPPLIED UNIVERSAL FBO KHANNA MATERIALS HEALTH CHIFDREN SVC INC CLB CMIN CMN,,P/E,___02/24/26| 02/24/26},_03/04/26| 03/04/26!,I/K,STOCK/FUND,IK,의심,amount-multi;type;date;notified,82.8
8221358,Ro Khanna (D-CA17),09,DC,THE HERSHEY COMPANY CMN,,P,02/24/2026,03/04/2026,"$1,001-$15,000",STOCK/FUND,A,확인,,75.7
8221358,Ro Khanna (D-CA17),09,DC,DC_|BROADCOM _|IDEXX LABORATORIES INC. CMN CMN,AVGO.O,P,02/24/26| 02/24/26|,__ 03/04/26] 03/04/26],A/I/K,STOCK/FUND,AIK,의심,amount-multi;date;notified,80.2
8221358,Ro Khanna (D-CA17),09,DC,WALMART INC CMN,,P,02/24/2026,03/04/2026,"$1,001-$15,000",STOCK/FUND,A,의심,name-illegible,27.1
8221358,Ro Khanna (D-CA17),09,DC,PHILIP MORRIS INTLINC CMN,,P,02/24/2026,03/04/2026,"$1,001-$15,000",STOCK/FUND,A,의심,name-illegible,57.7
8221358,Ro Khanna (D-CA17),09,DC,"ARISTA NETWORKS, INC. CMIN",ANET.K,P,02/24/2026,03/04/2026,"$1,001-$15,000",STOCK/FUND,A,확인,,63.1
8221358,Ro Khanna (D-CA17),09,,"CMN _JINTUITIVE CHARLES SCHWAB SURGICAL, CORPORATION INC. CMN",,P,02/24/26| 02/24/26,03/04/26; __03/04/26|,A/I/K,STOCK/FUND,AIK,의심,amount-multi;date;notified;owner,81.2
8221358,Ro Khanna (D-CA17),09,DC,COCA-COLA COMPANY {THE} CMN,,S,02/24/2026,03/04/2026,"$50,001-$100,000",STOCK/FUND,C,확인,,77.4
8221358,Ro Khanna (D-CA17),09,,"MC {CISCO DONALDS SYSTEMS, CORP INC. CMN CMN",CSCO.O,P/S,02/24/26} 02/24/26,03/04/26 03/04/26,B/I/K,STOCK/FUND,BIK,의심,amount-multi;type;date;notified;owner,73.4
8221358,Ro Khanna (D-CA17),09,,AMAZON.COM INC CMN,AMZN.O,S,02/24/2026,03/04/2026,"$15,001-$50,000",STOCK/FUND,B,의심,owner;name-illegible,54.2
8221358,Ro Khanna (D-CA17),09,,ICMN UNITEDHEALTH GROUP INCORPORATE,,S,02/24/2026,03/04/2026,"$15,001-$50,000",STOCK/FUND,B,의심,owner,75.8
8221358,Ro Khanna (D-CA17),09,DC,ORACLE CORPORATION CMN,ORCL.K,S,02/24/2026,03/04/2026,"$15,001-$50,000",STOCK/FUND,B,확인,,75.5
8221358,Ro Khanna (D-CA17),09,DC,SALESFORCE INC CMN,CRM,S,02/24/2026,03/04/2026,"$15,001-$50,000",STOCK/FUND,B,확인,,74.4
8221358,Ro Khanna (D-CA17),09,DC,WALT DISNEY COMPANY {THE) CMN,,S,02/24/2026,03/04/2026,"$15,001-$50,000",STOCK/FUND,B,확인,,70.4
8221358,Ro Khanna (D-CA17),10,,TRUST STOCK |ALPHABET BOSTON FBO KHANNA SCIENTIFIC INC. 4 CMN CHILDREN CORP. CLASS COMMON A,GOOGL.O,P/S/E,02/24/26 02/24/26;,. 03/04/26 03/04/26,I/K,STOCK/FUND,IK,의심,amount-multi;type;date;notified;owner,79.2
8221358,Ro Khanna (D-CA17),10,,AUTOMATIC ICMN /S&P GLOBAL DATA INC. CMIN PROCESSING INC,,S,02/24/26 02/24/26,03/04/26 03/04/26,B/I/K,STOCK/FUND,BIK,의심,amount-multi;date;notified;owner,76.6
8221358,Ro Khanna (D-CA17),10,DC,CVS HEALTH CORP CMN,,S,02/24/2026,03/04/2026,"$1,001-$15,000",STOCK/FUND,A,확인,,70.3
8221358,Ro Khanna (D-CA17),10,,LOWES COMPANIES INC CMN,,S,02/24/2026,03/04/2026,"$1,001-$15,000",STOCK/FUND,A,의심,owner,91.3
8221358,Ro Khanna (D-CA17),10,DC,BLACKSTONE GROUP INC/THE CMIN,,S,02/24/2026,03/04/2026,"$1,001-$15,000",STOCK/FUND,A,확인,,72.8
8221358,Ro Khanna (D-CA17),10,,ALLSTATE {STOCK CORPORATION COMMON,,S,02/24/2026,03/04/2026,"$1,001-$15,000",STOCK/FUND,A,의심,owner,74.6
8221358,Ro Khanna (D-CA17),11,,"PROVIDE FUL NAMNE, NOT TICKER SYMBOL",,P/E,AASODYYE,ateryoorye,I/K,STOCK/FUND,IK,의심,amount-multi;type;date;notified;owner,74.3
8221358,Ro Khanna (D-CA17),11,,"TRUST [HUMANA {ROBINHOOD FBO KHANNA INC. MARKETS, CMN CHILDREN INC. CMIN",HOOD.O,P/S/E,02/24/26| 02/24/26,03/04/26! 03/04/25|,I/K,STOCK/FUND,IK,의심,amount-multi;type;date;notified;owner,78.6
8221358,Ro Khanna (D-CA17),11,DC,DANAHER CORPORATION CMN,,S,02/24/2026,03/04/2026,"$1,001-$15,000",STOCK/FUND,A,확인,,67.6
8221358,Ro Khanna (D-CA17),11,DC,"FORTINET, INC. CMN",FTNT.O,S,02/24/2026,03/04/2026,"$1,001-$15,000",STOCK/FUND,A,확인,,66.2
8221358,Ro Khanna (D-CA17),11,DC,"INTERACTIVE {CMN CLASSA BROKERS GROUP, INC",,S,02/24/2026,03/04/2026,"$1,001-$15,000",STOCK/FUND,A,확인,,84.2
8221358,Ro Khanna (D-CA17),11,DC,AVALONBAY COMMUNITIES INC CMIN,,S,02/24/2026,03/04/2026,"$1,001-$15,000",STOCK/FUND,A,확인,,63.4
8221358,Ro Khanna (D-CA17),11,DC,PRUDENTIAL FINANCIAL INC CMN,,S,02/24/26|-,03/04/2026,"$1,001-$15,000",STOCK/FUND,A,의심,date,72.8
8221358,Ro Khanna (D-CA17),11,DC,"NETFLIX, INC, CMN",,S,02/24/2026,—_-03/04/26|__x,"$1,001-$15,000",STOCK/FUND,A,의심,notified,72.1
8221358,Ro Khanna (D-CA17),11,DC,"COPART, INC. CMIN",,S,,02/24/26|__-03/04/26|,"$1,001-$15,000",STOCK/FUND,A,의심,date;notified,69.1
8221358,Ro Khanna (D-CA17),11,DC,CARVANA CO. CMN CLASS A,,S,02/24/2026,03/04/2026,"$1,001-$15,000",STOCK/FUND,A,확인,,80.8
8221358,Ro Khanna (D-CA17),11,,"JAMERICAN FISERV, INC. EXPRESS CMN CO. CIN",,S/E,02/24/26 02/24/26|,03/04/26) 03/04/26;,A/G/I/K,STOCK/FUND,AGIK,의심,amount-multi;type;date;notified;owner,72.7
8221358,Ro Khanna (D-CA17),11,,AON {|CLASSA PUBLIC LIMITED COMPANY CMN,,S,02/24/2026,03/04/2026,"$1,001-$15,000",STOCK/FUND,A,의심,owner,80.5
8221358,Ro Khanna (D-CA17),11,DC,"BROWN & BROWN, INC. CMN",,S,02/24/2026,03/04/2026,"$1,001-$15,000",STOCK/FUND,A,확인,,75.1
8221358,Ro Khanna (D-CA17),11,,FAIR ISAAC INCCMN,,S,02/24/2026,03/04/2026,"$1,001-$15,000",STOCK/FUND,A,의심,owner,65.2
8221358,Ro Khanna (D-CA17),11,DC,EQUIFAX INC. CMN,,S,02/24/2026,03/04/2026,"$1,001-$15,000",STOCK/FUND,A,확인,,81.7
8221358,Ro Khanna (D-CA17),11,,ARES ICMNCLASSA MANAGEMENT CORPORATION,,S,02/24/2026,03/04/2026,"$1,001-$15,000",STOCK/FUND,A,의심,owner,67.9
8221358,Ro Khanna (D-CA17),11,,"IVERISK ANALYTICS, INC. CMN",,S,02/24/2026,03/04/2026,"$1,001-$15,000",STOCK/FUND,A,의심,owner,77.7
8221358,Ro Khanna (D-CA17),11,DC,"BLOCK, INC. CMNCLASSA",,S,02/24/2026,03/04/2026,"$1,001-$15,000",STOCK/FUND,A,의심,name-illegible,46.5
8221358,Ro Khanna (D-CA17),12,,FUT] ARSET NEDO,,P/S/E,Gate of Transaction,iesalleta,G/H,STOCK/FUND,GH,의심,amount-multi;type;date;notified;owner;name-illegible,22.8
8221358,Ro Khanna (D-CA17),12,,"PROVIDE FU NAME, NOT TICKER SYMBAT",,P/E,MM/DDAYE,PaOOY,I/K,STOCK/FUND,IK,의심,amount-multi;type;date;notified;owner,79.4
8221358,Ro Khanna (D-CA17),12,,"DC__|DATADOG, TRUST FBO KHANNA ING CHILDREN CMN CLASS A",DDOG.O,P/S/E,,02/24/26|__03/04/26|,I/K,STOCK/FUND,IK,의심,amount-multi;type;date;notified;owner,83.6
8221358,Ro Khanna (D-CA17),12,,"DC__|WORKDAY, INC. CMN CLASS A",,S,02/24/2026,03/04/2026,"$1,001-$15,000",STOCK/FUND,A,의심,owner,68.1
8221358,Ro Khanna (D-CA17),12,,VERALTO CORPORATION CMN,,S,02/24/2026,03/04/2026,"$1,001-$15,000",STOCK/FUND,A,의심,owner,81.5
8221358,Ro Khanna (D-CA17),12,DC,DOORDASH INC CMN CLASS A,,S,02/24/2026,_-03/04/26|_,"$1,001-$15,000",STOCK/FUND,A,의심,notified,72.5
8221358,Ro Khanna (D-CA17),12,DC,ROCKWELL AUTOMATION INC CMIN,,S,02/24/2026,03/04/2026,"$1,001-$15,000",STOCK/FUND,A,확인,,76.8
8221358,Ro Khanna (D-CA17),12,DC,W.R. BERKLEY CORPORATION CMN,,S,02/24/2026,03/04/2026,"$1,001-$15,000",STOCK/FUND,A,확인,,65.5
8221358,Ro Khanna (D-CA17),12,DC,XYLEM INC. CMN,,S,02/24/2026,03/04/2026,"$1,001-$15,000",STOCK/FUND,A,의심,name-illegible,47.2
8221358,Ro Khanna (D-CA17),12,,BUY CO INC CMN,,S,02/24/2026,03/04/2026,"$1,001-$15,000",STOCK/FUND,A,의심,owner,65.5
8221358,Ro Khanna (D-CA17),12,,"DC__|GARTNER, INC. CMN",,S,02/24/2026,03/04/2026,"$1,001-$15,000",STOCK/FUND,A,의심,owner,73.2
8221358,Ro Khanna (D-CA17),12,,DC_|INSULET CORPORATION CMN,,S,02/24/2026,03/04/2026,"$1,001-$15,000",STOCK/FUND,A,의심,owner,62.9
8221358,Ro Khanna (D-CA17),12,DC,"CBRE GROUP, INC,CMN CLASSA",,S,02/24/2026,03/04/2026,"$1,001-$15,000",STOCK/FUND,A,확인,,70.9
8221358,Ro Khanna (D-CA17),12,,CRH _|ULTA PUBLIC BEAUTY LIMITED INC CMN COMPANY CMN,,P/S,02/24/26} 02/24/26|,03/04/26} 03/04/26|__,A/I/K,STOCK/FUND,AIK,의심,amount-multi;type;date;notified;owner,82.6
8221358,Ro Khanna (D-CA17),12,DC,ROPER TECHNOLOGIES INC CMN,,S,02/24/2026,03/04/2026,"$1,001-$15,000",STOCK/FUND,A,확인,,82.0
8221358,Ro Khanna (D-CA17),12,,DC__|IQVIA HOLDINGS INC CMN,,S,02/24/2026,03/04/2026,"$1,001-$15,000",STOCK/FUND,A,의심,owner,75.7
8221358,Ro Khanna (D-CA17),12,,CORPORATION CMN,,S,02/24/2026,03/04/2026,"$1,001-$15,000",STOCK/FUND,A,의심,owner,90.9
8221358,Ro Khanna (D-CA17),12,DC,TRIMBLE INCCMN,,S,02/24/2026,03/04/2026,"$1,001-$15,000",STOCK/FUND,A,의심,name-illegible,56.6
8221358,Ro Khanna (D-CA17),12,DC,EXPEDIA GROUP INC CMN,,S,02/24/2026,_-03/04/26|,"$1,001-$15,000",STOCK/FUND,A,의심,notified,76.2
8221358,Ro Khanna (D-CA17),12,,"ROWE PRICE GROUP, INC. CMN",,S,02/24/2026,—-03/04/26|,"$1,001-$15,000",STOCK/FUND,A,의심,notified;owner,88.3
8221358,Ro Khanna (D-CA17),13,,PELT TOSET MAME,,P/S/E,Date cf Trentaction,Dashededor Tresaxtion,G/H,STOCK/FUND,GH,의심,amount-multi;type;date;notified;owner;name-illegible,23.7
8221358,Ro Khanna (D-CA17),14,,SP__|MICROSOFT DECLARATION CORPORATION OF TRUST CMN,MSFT.O,P/E,02/05/2026,03/04/2026,I/K,STOCK/FUND,IK,의심,amount-multi;type;owner,84.7
8221358,Ro Khanna (D-CA17),14,SP,"THE HOME DEPOT, INC. CMN",,P,02/05/2026,03/04/2026,"$15,001-$50,000",STOCK/FUND,B,확인,,91.8
8221358,Ro Khanna (D-CA17),14,SP,MASTERCARD |CLASSA INCORPORATED CMN,MA,P,02/05/2026,03/04/2026,"$15,001-$50,000",STOCK/FUND,B,확인,,86.9
8221358,Ro Khanna (D-CA17),14,SP,APPLE INC. CMN,,P,02/05/2026,03/04/2026,"$15,001-$50,000",STOCK/FUND,B,확인,,70.1
8221358,Ro Khanna (D-CA17),14,SP,THERMO FISHER SCIENTIFIC INCCMN,,P,02/05/2026,03/04/2026,"$15,001-$50,000",STOCK/FUND,B,의심,name-illegible,59.7
8221358,Ro Khanna (D-CA17),14,,SP__|BOOKING HOLDINGS INC. CMN,,P,02/05/2026,03/04/2026,"$15,001-$50,000",STOCK/FUND,B,의심,owner,84.2
8221358,Ro Khanna (D-CA17),14,SP,"BLACKROCK FUNDING, INC, CMN",,P,02/05/2026,03/04/2026,"$15,001-$50,000",STOCK/FUND,B,의심,name-illegible,59.4
8221358,Ro Khanna (D-CA17),14,SP,BOFA JINDEX FINANCE LLC LINKED TO S&P 500,,P,02/26/2026,03/04/2026,"$15,001-$50,000",STOCK/FUND,B,확인,,88.1
8221358,Ro Khanna (D-CA17),14,SP,BERKSHIRE HATHAWAY INC. CLASS B,BRKb,P,02/05/2026,03/04/2026,"$15,001-$50,000",STOCK/FUND,B,확인,,75.6
8221358,Ro Khanna (D-CA17),14,,SP__|VISAINC. CMN CLASS A,V,P,02/05/2026,03/04/2026,"$15,001-$50,000",STOCK/FUND,B,의심,owner,75.1
8221358,Ro Khanna (D-CA17),14,,SP__|ABBVIE INC. CMN,,P,02/05/2026,03/04/2026,"$15,001-$50,000",STOCK/FUND,B,의심,owner,68.6
8221358,Ro Khanna (D-CA17),14,,"SP_|INTUITIVE SURGICAL, INC. CIN",,P,02/05/2026,03/04/2026,"$15,001-$50,000",STOCK/FUND,B,의심,owner;name-illegible,51.8
8221358,Ro Khanna (D-CA17),14,,RESEARCH CORPORATION CMN,,P,02/05/2026,03/04/2026,"$15,001-$50,000",STOCK/FUND,B,의심,owner,93.9
8221358,Ro Khanna (D-CA17),14,SP,BLACKSTONE GROUP INC/THE CMN,,P,02/05/2026,03/04/2026,"$15,001-$50,000",STOCK/FUND,B,확인,,68.2
8221358,Ro Khanna (D-CA17),14,SP,S&P GLOBAL INC. CMN,,P,02/05/2026,03/04/2026,"$15,001-$50,000",STOCK/FUND,B,확인,,72.5
8221358,Ro Khanna (D-CA17),14,,"SP__|UBER TECHNOLOGIES, INC. CMIN",,P,02/05/2026,03/04/2026,"$15,001-$50,000",STOCK/FUND,B,의심,owner,80.5
8221358,Ro Khanna (D-CA17),14,,SP__|MOODY'S CORPORATION CMN,,P,02/05/2026,03/04/2026,"$1,001-$15,000",STOCK/FUND,A,의심,owner,76.6
8221358,Ro Khanna (D-CA17),14,SP,MICROCHIP ICMN TECHNOLOGY INCORPORA,,P,02/05/2026,03/04/2026,"$1,001-$15,000",STOCK/FUND,A,확인,,67.2
8221358,Ro Khanna (D-CA17),15,,FULL,,P/S/E,Bate Transaction at,Vedo>&,G/H,STOCK/FUND,GH,의심,amount-multi;type;date;notified;owner,84.0
8221358,Ro Khanna (D-CA17),15,,"PROVIDE FILL NAME, NOT TICKER SYRNIXK",,P/S/E,MMSDO/YY,,I/K,STOCK/FUND,IK,의심,amount-multi;type;date;notified;owner;name-illegible,56.0
8221358,Ro Khanna (D-CA17),15,,"SP__|DATADOG, SP__|GENJUS SPORTS INC. CMN LTD CMN CLASS A",DDOG.O,P,03/04/26 03/04/26|,,A/I/K,STOCK/FUND,AIK,의심,amount-multi;date;notified;owner,82.8
8221358,Ro Khanna (D-CA17),15,SP,CORPAY INC CMN,,P,03/04/2026,,"$1,001-$15,000",STOCK/FUND,A,의심,notified;name-illegible,38.8
8221358,Ro Khanna (D-CA17),15,SP,"/JANALOG DEVICES, INC. CMN",,P,03/04/2026,,"$1,001-$15,000",STOCK/FUND,A,의심,notified,74.4
8221358,Ro Khanna (D-CA17),15,SP,BERKSHIRE HATHAWAY INC. CLASS B,BRKb,P,03/04/2026,,"$1,001-$15,000",STOCK/FUND,A,의심,notified,89.7
8221358,Ro Khanna (D-CA17),15,SP,WALT DISNEY COMPANY (THE) CMN,,P,03/04/2026,,"$1,001-$15,000",STOCK/FUND,A,의심,notified,86.7
8221358,Ro Khanna (D-CA17),15,,"ALBERTSONS _|BANK |CLASSA OF AMERICA COMPANIES, CORP CMN INC. CIN",,P,03/04/26 03/04/26,,A/I/K,STOCK/FUND,AIK,의심,amount-multi;date;notified;owner,75.1
8221358,Ro Khanna (D-CA17),15,SP,'APTIV PLC CMN,,P,03/04/2026,,"$1,001-$15,000",STOCK/FUND,A,의심,notified;name-illegible,56.6
8221358,Ro Khanna (D-CA17),15,,"J|PALANTIR |MICRON TECHNOLOGY, TECHNOLOGIES INC. INC, CMIN CMN",MU.O,P,03/04/26 03/04/26,,A/I/K,STOCK/FUND,AIK,의심,amount-multi;date;notified;owner,71.6
8221358,Ro Khanna (D-CA17),15,SP,APPLOVIN 'A CORPORATION CMN CLASS,,P,03/04/2026,,"$1,001-$15,000",STOCK/FUND,A,의심,notified,72.3
8221358,Ro Khanna (D-CA17),16,,FALL ASOCT NERA,,P/S/E,Oste ci Transaction},Uate © Transaction NctAedar,G/H,STOCK/FUND,GH,의심,amount-multi;type;date;notified;owner,60.3
8221358,Ro Khanna (D-CA17),16,,MAPLEBEAR DECLARATION INC. OF CMN TRUST,,P/E,02/13/2026,03/04/2026,I/K,STOCK/FUND,IK,의심,amount-multi;type;owner,81.0
8221358,Ro Khanna (D-CA17),16,SP,MAPLEBEAR INC. CMN,,P,-02/17/26|,03/04/2026,"$1,001-$15,000",STOCK/FUND,A,의심,date,83.3
8221358,Ro Khanna (D-CA17),16,SP,"GARTNER, INC. CMIN",,P,02/09/2026,03/04/2026,"$1,001-$15,000",STOCK/FUND,A,확인,,60.1
8221358,Ro Khanna (D-CA17),16,,"SP__{GARTNER, INC. CMIIN",,P,02/05/2026,03/04/2026,"$1,001-$15,000",STOCK/FUND,A,의심,owner;name-illegible,47.0
8221358,Ro Khanna (D-CA17),16,SP,"GARTNER, INC. CMN",,P,02/05/2026,03/04/2026,"$1,001-$15,000",STOCK/FUND,A,확인,,79.1
8221358,Ro Khanna (D-CA17),16,SP,PINTEREST INC CMN CLASS A,,P,02/03/2026,03/04/2026,"$1,001-$15,000",STOCK/FUND,A,확인,,78.0
8221358,Ro Khanna (D-CA17),16,SP,MAPLEB EAR INC. CMN,,P,02/24/2026,03/04/2026,"$1,001-$15,000",STOCK/FUND,A,확인,,82.5
8221358,Ro Khanna (D-CA17),16,SP,"CMN MONOLITHIC POWER SYSTEMS, INC",,P,02/05/2026,03/04/2026,"$1,001-$15,000",STOCK/FUND,A,확인,,89.7
8221358,Ro Khanna (D-CA17),16,SP,STARBUCKS CORP. CMN,,P,02/05/2026,03/04/2026,"$1,001-$15,000",STOCK/FUND,A,확인,,79.9
8221358,Ro Khanna (D-CA17),16,SP,/MAPLEBEAR INC. CMN,,P,02/25/2026,03/04/2026,"$1,001-$15,000",STOCK/FUND,A,확인,,75.6
8221358,Ro Khanna (D-CA17),16,SP,OECKERS OUTDOORS CORP CMN,,P,02/05/2026,03/04/2026,"$1,001-$15,000",STOCK/FUND,A,확인,,80.6
8221358,Ro Khanna (D-CA17),16,SP,"AALBERTSONS |CLASSA COMPANIES, INC. CMN",,P,02/13/2026,03/04/2026,"$1,001-$15,000",STOCK/FUND,A,확인,,66.9
8221358,Ro Khanna (D-CA17),16,,"SP__|GARTNER, INC. CMN",,P,02/06/2026,03/04/2026,"$1,001-$15,000",STOCK/FUND,A,의심,owner;name-illegible,58.5
8221358,Ro Khanna (D-CA17),16,SP,PROLOGIS INCCMN,,P,02/05/2026,03/04/2026,"$1,001-$15,000",STOCK/FUND,A,확인,,81.6
8221358,Ro Khanna (D-CA17),16,SP,JTERADYNE INC CMN,,P,02/05/2026,03/04/2026,"$1,001-$15,000",STOCK/FUND,A,의심,name-illegible,27.5
8221358,Ro Khanna (D-CA17),16,SP,BLACKSTONE GROUP INC/THE CMIN,,P,02/06/2026,03/04/2026,"$1,001-$15,000",STOCK/FUND,A,확인,,69.3
8221358,Ro Khanna (D-CA17),16,SP,GRAPHIC PACKAGING HLDGCO CMN,,P,02/03/2026,03/04/2026,"$1,001-$15,000",STOCK/FUND,A,확인,,71.1
8221358,Ro Khanna (D-CA17),16,SP,"GARTNER, INC. CMN",,P,02/06/2026,03/04/2026,"$1,001-$15,000",STOCK/FUND,A,확인,,62.6
8221358,Ro Khanna (D-CA17),17,,"PROVIDE FALL NAME, NAT TEKER SYMBOL",,P/E,Maafoo/vY,aauafapiyy,I/K,STOCK/FUND,IK,의심,amount-multi;type;date;notified;owner;name-illegible,50.3
8221358,Ro Khanna (D-CA17),17,,SP__|LINDE DECLARATION PLC CMN OF TRUST,,P/E,02/05/2026,03/04/2026,I/K,STOCK/FUND,IK,의심,amount-multi;type;owner,76.6
8221358,Ro Khanna (D-CA17),17,,SP__|MAPLEBEAR INC. CMIN,,P,02/18/2026,03/04/2026,"$1,001-$15,000",STOCK/FUND,A,의심,owner;name-illegible,57.7
8221358,Ro Khanna (D-CA17),17,,SP__|AMRIZE AG CMN,,P,02/04/2026,03/04/2026,"$1,001-$15,000",STOCK/FUND,A,의심,owner;name-illegible,56.6
8221358,Ro Khanna (D-CA17),17,,"SP__{EQUINIX, INC. REIT",,P,02/05/2026,03/04/2026,"$1,001-$15,000",STOCK/FUND,A,의심,owner,73.6
8221358,Ro Khanna (D-CA17),17,SP,"ALBERTSONS CLASSA COMPANIES, INC. CMIN",,P,02/26/2026,03/04/2026,"$1,001-$15,000",STOCK/FUND,A,확인,,65.0
8221358,Ro Khanna (D-CA17),17,,SP__|CARVANA CO. CMIN CLASS A,,P,02/05/2026,03/04/2026,"$1,001-$15,000",STOCK/FUND,A,의심,owner,81.3
8221358,Ro Khanna (D-CA17),17,,"SP__|CLASSA IALBERTSONS COMPANIES, INC. CMN",,P,02/25/2026,03/04/2026,"$1,001-$15,000",STOCK/FUND,A,의심,owner,76.6
8221358,Ro Khanna (D-CA17),17,SP,SP__|EXPEDIA {GENIUS SPORTS GROUP LTO INC CMN CMN,,P,02/17/26; 02/05/26;,03/04/26! 03/04/26|,A/I/K,STOCK/FUND,AIK,의심,amount-multi;date;notified,78.2
8221358,Ro Khanna (D-CA17),17,SP,"LULULEMON ATHLETICA INC, CMN",,P,02/06/2026,03/04/2026,"$1,001-$15,000",STOCK/FUND,A,확인,,68.2
8221358,Ro Khanna (D-CA17),17,SP,"ALBERTSONS ICLASSA COMPANIES, INC. CMN “",,P,02/23/2026,03/04/2026,"$1,001-$15,000",STOCK/FUND,A,확인,,68.5
8221358,Ro Khanna (D-CA17),17,,"SP__|KEYSIGHT TECHNOLOGIES, INC. CMN",,P,02/05/2026,03/04/2026,"$1,001-$15,000",STOCK/FUND,A,의심,owner,76.7
8221358,Ro Khanna (D-CA17),17,SP,3M COMPANY CMN,,P,02/05/2026,03/04/2026,"$1,001-$15,000",STOCK/FUND,A,확인,,77.1
8221358,Ro Khanna (D-CA17),17,SP,"ALBERTSONS {CLASSA COMPANIES, INC. CMN",,P,02/18/2026,03/04/2026,"$1,001-$15,000",STOCK/FUND,A,확인,,73.2
8221358,Ro Khanna (D-CA17),17,,SP__JALBEMARLE CORP CMN,,P,02/05/2026,03/04/2026,"$1,001-$15,000",STOCK/FUND,A,의심,owner,83.2
8221358,Ro Khanna (D-CA17),18,,FED ASSAT FI,,P/S/E,1 Gate cf Trasuattion},§ Teta Trensaction totaeda4r,G/H,STOCK/FUND,GH,의심,amount-multi;type;date;notified;owner;name-illegible,41.4
8221358,Ro Khanna (D-CA17),18,,DECLARATION COMPANIES OF INC TRUST (NEW) CN,,P/E,02/05/2026,03/04/2026,I/K,STOCK/FUND,IK,의심,amount-multi;type;owner,77.2
8221358,Ro Khanna (D-CA17),18,SP,"STANLEY BLACK & DECKER, INC. CMN",,P,02/05/2026,03/04/2026,"$1,001-$15,000",STOCK/FUND,A,확인,,88.6
8221358,Ro Khanna (D-CA17),18,SP,ISTARBUCKS CORP. CMN,,P,02/06/2026,03/04/2026,"$1,001-$15,000",STOCK/FUND,A,확인,,77.9
8221358,Ro Khanna (D-CA17),18,SP,BRISTOL-MYERS ICMN SQUIBB COMPANY,,P,02/05/2026,03/04/2026,"$1,001-$15,000",STOCK/FUND,A,확인,,84.7
8221358,Ro Khanna (D-CA17),18,SP,SYNCHRONY FINANCIAL CMN,,P,02/05/2026,03/04/2026,"$1,001-$15,000",STOCK/FUND,A,확인,,75.2
8221358,Ro Khanna (D-CA17),18,SP,"SUPER MICRO COMPUTER, INC. CMN",,P,02/05/2026,03/04/2026,"$1,001-$15,000",STOCK/FUND,A,확인,,77.0
8221358,Ro Khanna (D-CA17),18,SP,"ROBINHOOD MARKETS, INC. CMN",HOOD.O,P,02/05/2026,03/04/2026,"$1,001-$15,000",STOCK/FUND,A,확인,,73.6
8221358,Ro Khanna (D-CA17),18,SP,IGE ICMN HEALTHCARE TECHNOLOGIES INC,,P,02/05/2026,03/04/2026,"$1,001-$15,000",STOCK/FUND,A,의심,name-illegible,55.9
8221358,Ro Khanna (D-CA17),18,SP,WOHNSON & JOHNSON CMN,,P,02/05/2026,03/04/2026,"$1,001-$15,000",STOCK/FUND,A,확인,,70.1
8221358,Ro Khanna (D-CA17),18,SP,JAIR PRODUCTS & CHEMICALS INC CMN,,P,02/06/2026,03/04/2026,"$1,001-$15,000",STOCK/FUND,A,의심,name-illegible,43.2
8221358,Ro Khanna (D-CA17),18,SP,"QNITY ELECTRONICS, INC. CMN",,P,02/05/2026,03/04/2026,"$1,001-$15,000",STOCK/FUND,A,확인,,69.5
8221358,Ro Khanna (D-CA17),18,SP,"JALBERTSGNS |CLASSA COMPANIES, INC. CMN",,P,02/17/2026,03/04/2026,"$1,001-$15,000",STOCK/FUND,A,확인,,75.3
8221358,Ro Khanna (D-CA17),18,SP,"TRADE DESK, INC. {THE) CMN",,P,02/05/2026,03/04/2026,"$1,001-$15,000",STOCK/FUND,A,확인,,81.2
8221358,Ro Khanna (D-CA17),18,SP,LOWES COMPANIES INC CMN,,P,02/05/2026,03/04/2026,"$1,001-$15,000",STOCK/FUND,A,확인,,71.0
8221358,Ro Khanna (D-CA17),18,SP,MAPLEBEAR INC. CMN,,P,02/20/2026,03/04/2026,"$1,001-$15,000",STOCK/FUND,A,확인,,75.7
8221358,Ro Khanna (D-CA17),18,SP,MAPLEBEAR INC. CMN,,P,02/19/2026,03/04/2026,"$1,001-$15,000",STOCK/FUND,A,확인,,69.5
8221358,Ro Khanna (D-CA17),18,SP,AMERICAN JCMN TOWER CORPORATION,,P,02/06/2026,03/04/2026,"$1,001-$15,000",STOCK/FUND,A,확인,,70.2
8221358,Ro Khanna (D-CA17),18,,"SP__|COINBASE GLOBAL, INC. _ CMIN CLASS A",COIN.O,P,02/06/2026,03/04/2026,"$1,001-$15,000",STOCK/FUND,A,의심,owner,81.1
8221358,Ro Khanna (D-CA17),19,,"PROVIDE FELL NAME, NOT TICKER SYMBOL",,P/S/E,MMO,MM/DD/YY,I/K,STOCK/FUND,IK,의심,amount-multi;type;date;notified;owner,75.7
8221358,Ro Khanna (D-CA17),19,,CONSTELLATICN DECLARATION OF ENERGY TRUST CORP CMN,,P/E,02/05/2026,03/04/2026,I/K,STOCK/FUND,IK,의심,amount-multi;type;owner,87.7
8221358,Ro Khanna (D-CA17),19,SP,"GARTNER, INC. CMIN",,P,62/10/26|,03/04/2026,"$1,001-$15,000",STOCK/FUND,A,의심,date;name-illegible,56.8
8221358,Ro Khanna (D-CA17),19,SP,IMAPLEBEAR INC. CMN,,P,02/23/2026,03/04/2026,"$1,001-$15,000",STOCK/FUND,A,확인,,60.7
8221358,Ro Khanna (D-CA17),19,SP,MAPLEBEAR INC. CMN,,P,02/26/2026,03/04/2026,"$1,001-$15,000",STOCK/FUND,A,확인,,73.2
8221358,Ro Khanna (D-CA17),19,SP,JNCR VOYIX CORP CMN CLASS A,,P,02/04/2026,03/04/2026,"$1,001-$15,000",STOCK/FUND,A,확인,,63.0
8221358,Ro Khanna (D-CA17),19,SP,"COINBASE GLOBAL, INC. CMN CLASS A",COIN.O,P,02/05/2026,03/04/2026,"$1,001-$15,000",STOCK/FUND,A,확인,,79.8
8221358,Ro Khanna (D-CA17),19,SP,"TENABLE HOLOINGS, INC CMN",,P,02/06/2026,03/04/2026,"$1,001-$15,000",STOCK/FUND,A,확인,,84.0
8221358,Ro Khanna (D-CA17),19,SP,GENIUS SPORTS LTD CMN,,P,02/24/2026,03/04/2026,"$1,001-$15,000",STOCK/FUND,A,확인,,81.2
8221358,Ro Khanna (D-CA17),19,SP,"ADVANCED MICRO DEVICES, INC. CIN",AMD.O,P,02/05/2026,03/04/2026,"$1,001-$15,000",STOCK/FUND,A,의심,name-illegible,59.1
8221358,Ro Khanna (D-CA17),19,SP,LULULEMON ATHLETICA INC. CMN,,P,02/05/2026,03/04/2026,"$1,001-$15,000",STOCK/FUND,A,확인,,62.6
8221358,Ro Khanna (D-CA17),19,SP,GENIUS SPORTS LTD CMN,,P,02/18/2026,03/04/2026,"$1,001-$15,000",STOCK/FUND,A,확인,,80.1
8221358,Ro Khanna (D-CA17),19,SP,CANADIAN |LINKED TO S&P IMPERIAL 500 INDEX BANK OF COMM,,S,02/10/2026,03/04/2026,"$100,001-$250,000",STOCK/FUND,D,확인,,88.7
8221358,Ro Khanna (D-CA17),19,SP,INDEX BNP PARIBAS LINKED TO S&P 500,,S,02/10/2026,03/04/2026,"$50,001-$100,000",STOCK/FUND,C,확인,,81.3
8221358,Ro Khanna (D-CA17),19,SP,AMAZON.COM INC CMN,AMZN.O,S,02/05/2026,03/04/2026,"$50,001-$100,000",STOCK/FUND,C,확인,,81.8
8221358,Ro Khanna (D-CA17),19,SP,INVIDIA CORPORATION CMN,,S,02/05/2026,03/04/2026,"$50,001-$100,000",STOCK/FUND,C,확인,,76.9
8221358,Ro Khanna (D-CA17),19,SP,JINTL BUSINESS MACHINES CORP CMN,,S,02/05/2026,03/04/2026,"$15,001-$50,000",STOCK/FUND,B,확인,,87.9
8221358,Ro Khanna (D-CA17),19,SP,JPMORGAN ‘(S&P 500 INDEX CHASE & CO. LINKED TO —,,S,02/10/2026,03/04/2026,"$15,001-$50,000",STOCK/FUND,B,확인,,65.8
8221358,Ro Khanna (D-CA17),19,,SP__|APPLIED MATERIALS INC CMN,,S,02/05/2026,03/04/2026,"$15,001-$50,000",STOCK/FUND,B,의심,owner,76.9
8221358,Ro Khanna (D-CA17),20,,FADL ASSE? NAME,,P/S/E,Date ct Trantactica},Unie Trarnaction rartadal,G/H,STOCK/FUND,GH,의심,amount-multi;type;date;notified;owner,78.2
8221358,Ro Khanna (D-CA17),20,,"BROAOCOM DECTORATION INC, OF CMN TRUST",,P/S/E,02/05/2026,03/04/2026,I/K,STOCK/FUND,IK,의심,amount-multi;type;owner,73.3
8221358,Ro Khanna (D-CA17),20,SP,CLASSA MASTERCARD INCORPORATED CMN,MA,S,02/06/2026,03/04/2026,"$15,001-$50,000",STOCK/FUND,B,확인,,72.2
8221358,Ro Khanna (D-CA17),20,SP,XCEL ENERGY INC. CMN,XEL.O,S,02/05/2026,03/04/2026,"$15,001-$50,000",STOCK/FUND,B,확인,,70.1
8221358,Ro Khanna (D-CA17),20,SP,STOCK BOSTON SCIENTIFIC CORP. COMMON,,S,02/05/2026,03/04/2026,"$15,001-$50,000",STOCK/FUND,B,확인,,80.4
8221358,Ro Khanna (D-CA17),20,SP,"O'REILLY AUTOMOTIVE, INC. CMN",,S,02/05/2026,03/04/2026,"$15,001-$50,000",STOCK/FUND,B,확인,,83.9
8221358,Ro Khanna (D-CA17),20,SP,CHARLES |CMN SCHWAB CORPORATION,,S,02/05/2026,03/04/2026,"$15,001-$50,000",STOCK/FUND,B,확인,,87.3
8221358,Ro Khanna (D-CA17),20,SP,IARTHURJ GALLAGHER & CO CMN,,S,02/06/2026,03/04/2026,"$15,001-$50,000",STOCK/FUND,B,확인,,73.0
8221358,Ro Khanna (D-CA17),20,SP,VERTEX |CMN PHARMACEUTICALS INCORPO,,S,02/05/2026,03/04/2026,"$15,001-$50,000",STOCK/FUND,B,의심,name-illegible,58.7
8221358,Ro Khanna (D-CA17),20,SP,AMERICAN EXPRESS CO. CMN,,S,02/05/2026,03/04/2026,"$15,001-$50,000",STOCK/FUND,B,확인,,73.6
8221358,Ro Khanna (D-CA17),20,SP,VISA INC. CMN CLASS A,V,S,02/06/2026,03/04/2026,"$15,001-$50,000",STOCK/FUND,B,확인,,69.7
8221358,Ro Khanna (D-CA17),20,,SP__|NVIDIA CORPORATION CMN,NVDA.O,S,02/06/2026,03/04/2026,"$15,001-$50,000",STOCK/FUND,B,의심,owner,70.2
8221358,Ro Khanna (D-CA17),20,SP,CMN MICROCHIP TECHNOLOGY INCORPORA,,S,02/06/2025,03/04/2026,"$15,001-$50,000",STOCK/FUND,B,확인,,86.8
8221358,Ro Khanna (D-CA17),20,,SP__|ORACLE CORPORATION CMIN,ORCL.K,S,02/05/2026,03/04/2026,"$15,001-$50,000",STOCK/FUND,B,의심,owner;name-illegible,55.5
8221358,Ro Khanna (D-CA17),20,SP,ALPHABET INC. CMIN CLASS A,GOOGL.O,S,02/06/2026,03/04/2026,"$15,001-$50,000",STOCK/FUND,B,의심,name-illegible,42.0
8221358,Ro Khanna (D-CA17),20,SP,PHILIP MORRIS INTL INC CMN,,S,02/0S/26|,03/04/2026,"$15,001-$50,000",STOCK/FUND,B,의심,date,86.1
8221358,Ro Khanna (D-CA17),20,SP,"CORTEVA, INC. CMIN",,S,02/05/2026,03/04/2026,"$15,001-$50,000",STOCK/FUND,B,확인,,71.3
8221358,Ro Khanna (D-CA17),20,,"SP__|VERISK ANALYTICS, INC. CVIN",,S,02/05/2026,03/04/2026,"$15,001-$50,000",STOCK/FUND,B,의심,owner,62.5
8221358,Ro Khanna (D-CA17),21,,FALL ASSAT NAME,,P/S/E,Date oJ Transaction,Tata Transaction tated of,G/H,STOCK/FUND,GH,의심,amount-multi;type;date;notified;owner,64.6
8221358,Ro Khanna (D-CA17),21,,"DIGITAL DECLARATION REALTY OF TRUST, TRUST INC. CMIN",,P/S/E,02/05/2026,03/04/2026,I/K,STOCK/FUND,IK,의심,amount-multi;type;owner,80.3
8221358,Ro Khanna (D-CA17),21,SP,CADENCE DESIGN SYSTEMS INC CMN,,S,02/05/2026,03/04/2026,"$15,001-$50,000",STOCK/FUND,B,확인,,89.2
8221358,Ro Khanna (D-CA17),21,SP,CAMDEN PROPERTY TRUST CMN,,S,02/05/2026,03/04/2026,"$15,001-$50,000",STOCK/FUND,B,확인,,89.4
8221358,Ro Khanna (D-CA17),21,SP,INASDAQ INC. CMN,,S,02/06/2026,03/04/2026,"$15,001-$50,000",STOCK/FUND,B,확인,,72.2
8221358,Ro Khanna (D-CA17),21,SP,JPALO ALTO NETWORKS INC. CMN,PANW.O,S,02/05/2026,03/04/2026,"$15,001-$50,000",STOCK/FUND,B,확인,,75.7
8221358,Ro Khanna (D-CA17),21,SP,THE BANK OF NY MELLON CORP CMN,,S,02/05/2026,03/04/2026,"$15,001-$50,000",STOCK/FUND,B,확인,,92.4
8221358,Ro Khanna (D-CA17),21,SP,IGRAPHIC PACKAGING HLDGCO CMN,,S,02/09/2026,03/04/2026,"$1,001-$15,000",STOCK/FUND,A,확인,,72.4
8221358,Ro Khanna (D-CA17),21,SP,JROPER TECHNOLOGIES INC CMN,,S,02/05/2026,03/04/2026,"$1,001-$15,000",STOCK/FUND,A,확인,,79.8
8221358,Ro Khanna (D-CA17),21,SP,BOOKING HOLDINGS INC. CMN,,S,02/06/2026,03/04/2026,"$1,001-$15,000",STOCK/FUND,A,확인,,84.2
8221358,Ro Khanna (D-CA17),21,SP,INXP SEMICONDUCTORS N.V. CMN,,S,02/05/2026,03/04/2026,"$1,001-$15,000",STOCK/FUND,A,의심,name-illegible,54.7
8221358,Ro Khanna (D-CA17),21,SP,PENN ENTERTAINMENT INC CMIN,,S,02/06/2026,03/04/2026,"$1,001-$15,000",STOCK/FUND,A,확인,,78.6
8221358,Ro Khanna (D-CA17),21,SP,"WORKDAY, INC. CMN CLASS A",,S,02/05/2026,03/04/2026,"$1,001-$15,000",STOCK/FUND,A,확인,,69.4
8221358,Ro Khanna (D-CA17),21,SP,APOLLO |CMNCLASSA GLOBAL MANAGEMENT INC,,S,02/05/2026,03/04/2026,"$1,001-$15,000",STOCK/FUND,A,확인,,84.1
8221358,Ro Khanna (D-CA17),21,SP,"ISYNOPSYS, INC. CMN",,S,02/05/2026,03/04/2026,"$1,001-$15,000",STOCK/FUND,A,확인,,72.6
8221358,Ro Khanna (D-CA17),21,SP,ALPHABET INC. CMN CLASS A,GOOGL.O,S,02/05/2026,03/04/2026,"$1,001-$15,000",STOCK/FUND,A,의심,name-illegible,56.3
8221358,Ro Khanna (D-CA17),21,,"/AIRBNB, INC. CMN CLASS A",,S,02/05/2026,03/04/2026,"$1,001-$15,000",STOCK/FUND,A,의심,owner,77.2
8221358,Ro Khanna (D-CA17),21,SP,IKKR & CO. INC. CMN,,S,02/05/2026,03/04/2026,"$1,001-$15,000",STOCK/FUND,A,의심,name-illegible,45.7
8221358,Ro Khanna (D-CA17),21,SP,ELECTRONIC ARTS CMN,,S,02/05/2026,03/04/2026,"$1,001-$15,000",STOCK/FUND,A,확인,,77.7
8221358,Ro Khanna (D-CA17),22,,"SP__|NETFLIX, DECLARATION INC. CMN OF TRUST",,P/S/E,02/0S/26|,03/04/2026,I/K,STOCK/FUND,IK,의심,amount-multi;type;date;owner,69.8
8221358,Ro Khanna (D-CA17),22,SP,"FORTINET, INC. CMN",FTNT.O,S,02/05/2026,03/04/2026,"$1,001-$15,000",STOCK/FUND,A,확인,,76.8
8221358,Ro Khanna (D-CA17),22,SP,"BLACKROCK FUNDING, INC. CMN",,S,02/06/2026,03/04/2026,"$1,001-$15,000",STOCK/FUND,A,확인,,78.2
8221358,Ro Khanna (D-CA17),22,,SP__|AMEREN CORPORATION CMN,,S,02/06/2026,03/04/2026,"$1,001-$15,000",STOCK/FUND,A,의심,owner,82.7
8221358,Ro Khanna (D-CA17),22,SP,WACK HENRY & ASSOC INC CMN,,S,02/06/2026,03/04/2026,"$1,001-$15,000",STOCK/FUND,A,확인,,87.1
8221358,Ro Khanna (D-CA17),22,SP,S&P ROYAL 500 BANK INDEX OF CANADA LINKED TO,,S,02/10/2026,03/04/2026,"$1,001-$15,000",STOCK/FUND,A,확인,,89.5
8221358,Ro Khanna (D-CA17),22,SP,"NASDAQ INC, CMN",,S,02/05/2026,03/04/2026,"$1,001-$15,000",STOCK/FUND,A,의심,name-illegible,34.8
8221358,Ro Khanna (D-CA17),22,,"SP__|ANALOG DEVICES, INC. CMN",,S,02/06/2026,03/04/2026,"$1,001-$15,000",STOCK/FUND,A,의심,owner,75.0
8221358,Ro Khanna (D-CA17),22,SP,"TESLA, INC. CMN",TSLA.O,S,02/06/2026,03/04/2026,"$1,001-$15,000",STOCK/FUND,A,확인,,69.4
8221358,Ro Khanna (D-CA17),22,SP,IAXALTA COATING SYSTEMS LTD. CMN,,S,02/04/2026,03/04/2026,"$1,001-$15,000",STOCK/FUND,A,확인,,76.7
8221358,Ro Khanna (D-CA17),22,SP,JCMN EDWARDS LIFESCIENCES CORPORATI,,S,02/05/2026,03/04/2026,"$1,001-$15,000",STOCK/FUND,A,확인,,88.3
8221358,Ro Khanna (D-CA17),22,SP,PTCINC. CMN,,S,02/06/2026,03/04/2026,"$1,001-$15,000",STOCK/FUND,A,확인,,74.7
8221358,Ro Khanna (D-CA17),22,SP,'AXALTA COATING SYSTEMS ETD. CMN,,S,02/12/2026,03/04/2026,"$1,001-$15,000",STOCK/FUND,A,확인,,80.3
8221358,Ro Khanna (D-CA17),22,SP,"UBER TECHNOLOGIES, INC. CMN",,S,02/06/2026,03/04/2026,"$1,001-$15,000",STOCK/FUND,A,확인,,82.9
8221358,Ro Khanna (D-CA17),22,,SP__|ZIMMER BIOMET HOLDINGS INC,,S,02/05/2026,03/04/2026,"$1,001-$15,000",STOCK/FUND,A,의심,owner,77.2
8221358,Ro Khanna (D-CA17),22,SP,JGENERAL MOTORS COMPANY CMN,,S,02/05/2026,03/04/2026,"$1,001-$15,000",STOCK/FUND,A,확인,,70.2
8221358,Ro Khanna (D-CA17),22,SP,IC DELL TECHNOLOGIES INC. CMIN CLASS,,S,02/05/2026,03/04/2026,"$1,001-$15,000",STOCK/FUND,A,확인,,88.7
8221358,Ro Khanna (D-CA17),22,SP,TRIMBLE INC CMN,,S,02/05/2026,03/04/2026,"$1,001-$15,000",STOCK/FUND,A,확인,,64.1
8221358,Ro Khanna (D-CA17),23,SP,ROCKWELL AUTOMATION INC CMN,,S,02/05/2026,03/04/2026,"$1,001-$15,000",STOCK/FUND,A,확인,,83.1
8221358,Ro Khanna (D-CA17),23,SP,"BLOCK, INC. CMN CLASS A",,S,02/05/2026,03/04/2026,"$1,001-$15,000",STOCK/FUND,A,확인,,79.3
8221358,Ro Khanna (D-CA17),23,,ALPHABET {CALLAWAY INC. GOLF CMN COMPANY CLASS C CMN,GOOGL.O,S/E,02/05/26; 02/12/26),03/04/26} 03/04/26;,A/I/K,STOCK/FUND,AIK,의심,amount-multi;type;date;notified;owner,79.6
8221358,Ro Khanna (D-CA17),23,SP,JWESTERN DIGITAL CORPORATION CMN,WDC.O,S,02/05/2026,03/04/2026,"$1,001-$15,000",STOCK/FUND,A,확인,,74.7
8221358,Ro Khanna (D-CA17),23,SP,"'$S&C JCMN TECHNOLOGIES HOLDINGS, IN",,S,02/06/2026,03/04/2026,"$1,001-$15,000",STOCK/FUND,A,확인,,65.2
8221358,Ro Khanna (D-CA17),23,SP,"COSTAR GROUP, INC. CMIN",,S,02/05/2026,03/04/2026,"$1,001-$15,000",STOCK/FUND,A,확인,,87.4
8221358,Ro Khanna (D-CA17),23,SP,ICMN CHARLES SCHWAB CORPORATION,,S,02/06/2026,03/04/2026,"$1,001-$15,000",STOCK/FUND,A,확인,,77.9
8221358,Ro Khanna (D-CA17),23,SP,STERIS ICMN PUBLIC LIMITED COMPANY,,S,02/05/2026,03/04/2026,"$1,001-$15,000",STOCK/FUND,A,확인,,85.5
8221358,Ro Khanna (D-CA17),23,SP,"JAXALTA COATING SYSTEMS _ LTD, CMN",,S,62/03/26|,03/04/2026,"$1,001-$15,000",STOCK/FUND,A,의심,date,71.7
8221358,Ro Khanna (D-CA17),24,,"PROVIDE FOLL NOME, NOT TICKER SYMBOL",,P/E,MAUROSYY,,I/K,STOCK/FUND,IK,의심,amount-multi;type;date;notified;owner,79.9
8221358,Ro Khanna (D-CA17),24,SP,"SP__|TESLA, IGEN DIGITALINC INC. CMN CMN",TSLA.O,P/S,02/05/26} 02/05/26|,03/04/26| 03/04/26;,A/I/J/K,STOCK/FUND,AIJK,의심,amount-multi;type;date;notified,67.5
8221358,Ro Khanna (D-CA17),24,SP,CALLAWAY GOLF COMPANY CMN,,S,02/05/2026,03/04/2026,"$1,001-$15,000",STOCK/FUND,A,확인,,90.9
8221358,Ro Khanna (D-CA17),24,,"CARDINAL IFREEPORT-MCMORAN HEALTH, INC. INC CMN CMN",FCX,P/S,02/05/26| 02/05/26!,03/04/26] 03/04/26},A/I/K,STOCK/FUND,AIK,의심,amount-multi;type;date;notified;owner,79.2
8221358,Ro Khanna (D-CA17),24,SP,SP__|NEWS |CENTENE CORPORATION CORPORATION CMN CMN CLASS A,,S/E,02/05/26| 02/05/26|,03/04/26; 03/04/26!,A/I/K,STOCK/FUND,AIK,의심,amount-multi;type;date;notified,84.7
8221358,Ro Khanna (D-CA17),24,,JCMN__. |INTEL UVE NATION CORPORATION ENTERTAINMENT CMN INC I,INTC.O,S/E,02/06/26| 02/05/26},03/04/26! 03/04/26;,A/I/K,STOCK/FUND,AIK,의심,amount-multi;type;date;notified;owner,63.1
8221358,Ro Khanna (D-CA17),24,,TRUIST FINANCIAL CORPORATION,,S,02/05/2026,03/04/2026,"$1,001-$15,000",STOCK/FUND,A,의심,owner,93.2
8221358,Ro Khanna (D-CA17),24,SP,GRAPHIC PACKAGING HLDGCO CMN,,S,02/23/2026,03/04/2026,"$1,001-$15,000",STOCK/FUND,A,확인,,82.7
8221358,Ro Khanna (D-CA17),24,SP,ISTOCK BOSTON SCIENTIFIC CORP. COMMON,,S,02/06/2026,03/04/2026,"$1,001-$15,000",STOCK/FUND,A,확인,,76.3
8221358,Ro Khanna (D-CA17),25,,JESSEX PROPERTY FRUST INC CMN,,S,03/04/2026,,"$1,001-$15,000",STOCK/FUND,A,의심,notified;owner,81.2
8221358,Ro Khanna (D-CA17),25,,PENN ENTERTAINMENT INC CMIN,,S,03/04/2026,,"$1,001-$15,000",STOCK/FUND,A,의심,notified;owner,80.2
8221358,Ro Khanna (D-CA17),25,,"SS&C SCMN TECHNOLOGIES HOLDINGS, IN",,S,03/04/2026,,"$1,001-$15,000",STOCK/FUND,A,의심,notified;owner,76.1
8221358,Ro Khanna (D-CA17),25,,WEST PHARMACEUTICAL SERVICES INC,,S,03/04/2026,,"$1,001-$15,000",STOCK/FUND,A,의심,notified;owner,74.9
8221358,Ro Khanna (D-CA17),25,,"SP__|VERISIGN, {EBAY INC. CMIN INC. CMN",,S/E,03/04/26) 03/04/26|,,A/I/K,STOCK/FUND,AIK,의심,amount-multi;type;date;notified;owner,75.4
8221358,Ro Khanna (D-CA17),25,,JALPHABET INC. CMN CLASS C,GOOGL.O,S,03/04/2026,,"$1,001-$15,000",STOCK/FUND,A,의심,notified;owner,75.3
8221358,Ro Khanna (D-CA17),25,,"SS&C TECHNOLOGIES : HOLDINGS, IN",,S,03/04/2026,,"$1,001-$15,000",STOCK/FUND,A,의심,notified;owner,88.7
8221358,Ro Khanna (D-CA17),25,,JEVEREST GROUP LTD CMN,,S,03/04/2026,,"$1,001-$15,000",STOCK/FUND,A,의심,notified;owner,73.5
8221358,Ro Khanna (D-CA17),25,,STATE ICMN STREET CORPORATION (NEW,,S,03/04/2026,,"$1,001-$15,000",STOCK/FUND,A,의심,notified;owner,84.3
8221358,Ro Khanna (D-CA17),26,,FETT,,P/S/E,Gate of Franszction|,Date Transaction takvedal —_,G/H,STOCK/FUND,GH,의심,amount-multi;type;date;notified;owner;name-illegible,39.2
8221358,Ro Khanna (D-CA17),26,,"PROVIDE FALL ACME, NAT TICKER SYMBOL",,P/E,BAM /DONY,MM/oDiYY,I/K,STOCK/FUND,IK,의심,amount-multi;type;date;notified;owner;name-illegible,56.0
8221358,Ro Khanna (D-CA17),26,,/ALPHABET DECLARATION INC. OF CMN TRUST CLASS C,GOOGL.O,P/S/E,02/23/2026,03/04/2026,I/K,STOCK/FUND,IK,의심,amount-multi;type;owner,88.0
8221358,Ro Khanna (D-CA17),26,SP,TJX COMPANIES INC (NEW) CMN,,S,02/06/2026,03/04/2026,"$1,001-$15,000",STOCK/FUND,A,확인,,86.5
8221358,Ro Khanna (D-CA17),26,SP,INORTHERN TRUST CORP CMN,,S,02/06/2026,03/04/2026,"$1,001-$15,000",STOCK/FUND,A,확인,,76.4
8221358,Ro Khanna (D-CA17),26,SP,XCEL ENERGY INC. CMN,XEL.O,S,02/06/2026,03/04/2026,"$1,001-$15,000",STOCK/FUND,A,확인,,60.1
8221358,Ro Khanna (D-CA17),26,SP,TAKE JINC TWO INTERACTIVE SOFTWARE,,S,02/05/2026,03/04/2026,"$1,001-$15,000",STOCK/FUND,A,확인,,72.2
8221358,Ro Khanna (D-CA17),26,SP,"55&C ICMN TECHNOLOGIES HOLDINGS, IN",,S,02/26/2026,03/04/2026,"$1,001-$15,000",STOCK/FUND,A,확인,,69.7
8221358,Ro Khanna (D-CA17),26,,CORP CIN,,S,02/05/2026,03/04/2026,"$1,001-$15,000",STOCK/FUND,A,의심,owner;name-illegible,42.3
8221358,Ro Khanna (D-CA17),26,SP,BXP INC COMMON STOCK,,S,02/05/2026,03/04/2026,"$1,001-$15,000",STOCK/FUND,A,확인,,83.4
8221358,Ro Khanna (D-CA17),26,SP,GE \CMN HEALTHCARE TECHNOLOGIES INC,,S,02/06/2026,03/04/2026,"$1,001-$15,000",STOCK/FUND,A,확인,,69.8
8221358,Ro Khanna (D-CA17),26,SP,"INTERACTIVE JICMN CLASSA BROKERS GROUP, INC",,S,02/05/2026,03/04/2026,"$1,001-$15,000",STOCK/FUND,A,확인,,84.7
8221358,Ro Khanna (D-CA17),26,SP,CHARLES ICMN RIVER LABORATORIES INT,,S,02/05/2026,03/04/2026,"$1,001-$15,000",STOCK/FUND,A,확인,,90.2
8221358,Ro Khanna (D-CA17),26,SP,DOORDASH INC CMN CLASS A,,S,02/06/2026,03/04/2026,"$1,001-$15,000",STOCK/FUND,A,확인,,83.7
8221358,Ro Khanna (D-CA17),26,SP,ISOUTHWESTAIRUNESCOCMN,,S,02/06/2026,03/04/2026,"$1,001-$15,000",STOCK/FUND,A,의심,name-illegible,0.0
8221358,Ro Khanna (D-CA17),26,SP,"MOLINA HEALTHCARE, INC. CMN",,S,02/05/2026,03/04/2026,"$1,001-$15,000",STOCK/FUND,A,확인,,87.1
8221358,Ro Khanna (D-CA17),26,SP,BIOGENINC.CMN,,S,02/06/2026,03/04/2026,"$1,001-$15,000",STOCK/FUND,A,확인,,63.1
8221358,Ro Khanna (D-CA17),26,SP,QUANTA SERVICES INC CMN,PWR,S,02/06/2026,03/04/2026,"$1,001-$15,000",STOCK/FUND,A,확인,,80.9
8221358,Ro Khanna (D-CA17),26,SP,"MICRON TECHNOLOGY, INC. CMN",MU.O,S,02/02/2026,03/04/2026,"$1,001-$15,000",STOCK/FUND,A,확인,,65.5
8221358,Ro Khanna (D-CA17),26,SP,"ARISTA NETWORKS, INC.CMN",ANET.K,S,02/05/2026,03/04/2026,"$1,001-$15,000",STOCK/FUND,A,의심,name-illegible,29.4
8221358,Ro Khanna (D-CA17),28,,BOFA {INDEX 1994 FINANCE TRUST LLC LINKED TO S&P 500,,P/E,03/04/2026,,I/K,STOCK/FUND,IK,의심,amount-multi;type;notified;owner,86.7
8221358,Ro Khanna (D-CA17),28,,'SPONSORED |VISAINC. BANCO BILBAO CMN ADR CLASS VIZCAYA CMN A USD0.3296 SA ADR,V,P,03/04/26 03/04/26,,B/I/J/K,STOCK/FUND,BIJK,의심,amount-multi;date;notified;owner,79.9
8221358,Ro Khanna (D-CA17),28,,CLASSA MASTERCARD INCORPORATED CMIN,MA,P,03/04/2026,,"$15,001-$50,000",STOCK/FUND,B,의심,notified;owner,78.2
8221358,Ro Khanna (D-CA17),28,,ADOBEINC CMN,,P,03/04/2026,,"$15,001-$50,000",STOCK/FUND,B,의심,notified;owner;name-illegible,25.9
8221358,Ro Khanna (D-CA17),28,,SONY _|SPONSORED GROUP ADR CORPORATION CMN,,P,03/04/2026,,"$15,001-$50,000",STOCK/FUND,B,의심,notified;owner,85.6
8221358,Ro Khanna (D-CA17),28,,"FISERV, INC. CMN",,P,03/04/2026,,"$15,001-$50,000",STOCK/FUND,B,의심,notified;owner,76.2
8221358,Ro Khanna (D-CA17),28,,SE (SPON ADR,,P,03/04/2026,,"$15,001-$50,000",STOCK/FUND,B,의심,notified;owner,82.9
8221358,Ro Khanna (D-CA17),28,SP,STOCK BOSTON SCIENTIFIC CORP. COMMON,,P,03/04/2026,,"$15,001-$50,000",STOCK/FUND,B,의심,notified,80.0
8221358,Ro Khanna (D-CA17),28,,"T-MOBILE US, INC. CMN",,P,03/04/2026,,"$15,001-$50,000",STOCK/FUND,B,의심,notified;owner,83.8
8221358,Ro Khanna (D-CA17),28,,STRYKER CORPORATION CMN,,P,03/04/2026,,"$1,001-$15,000",STOCK/FUND,A,의심,notified;owner,68.3
8221358,Ro Khanna (D-CA17),28,,NOVO-NORDISK A/S ADR ADR CMN,NVO,P,03/04/2026,,"$1,001-$15,000",STOCK/FUND,A,의심,notified;owner,86.7
8221358,Ro Khanna (D-CA17),28,,FAIR ISAAC INC CMN,,P,,03/04/2026,"$1,001-$15,000",STOCK/FUND,A,의심,date;owner,63.5
8221358,Ro Khanna (D-CA17),28,,KIMBERLY-CLARK CORPORATION CMN,,P,03/04/2026,,"$1,001-$15,000",STOCK/FUND,A,의심,notified;owner;name-illegible,59.5
8221358,Ro Khanna (D-CA17),28,,SP__|CIGNAGROUP/THECMN,,P,03/04/2026,,"$1,001-$15,000",STOCK/FUND,A,의심,notified;owner;name-illegible,9.3
8221358,Ro Khanna (D-CA17),29,,FUL ASCAT POME,,P/S/E,(Cate of Transaction,Date Transaction Hot reder,G/H,STOCK/FUND,GH,의심,amount-multi;type;date;notified;owner;name-illegible,50.1
8221358,Ro Khanna (D-CA17),29,,SP__|ORACLE ELEVANCE 1994 TRUST CORPORATION HEALTH INC CMN CMN,ORCL.K,P/E,02/17/26} 02/17/26;,03/04/26; 03/04/26;,I/K,STOCK/FUND,IK,의심,amount-multi;type;date;notified;owner,86.9
8221358,Ro Khanna (D-CA17),29,SP,JAT&TING CMN,,P,02/17/2026,03/04/2026,"$1,001-$15,000",STOCK/FUND,A,의심,name-illegible,46.7
8221358,Ro Khanna (D-CA17),29,,"TAKE |AIRBNB, {INC TWO INC. INTERACTIVE CMIN CLASSA SOFTWARE",,P,02/17/26{ 02/17/26],03/04/26! 03/04/26),A/H/I/K,STOCK/FUND,AHIK,의심,amount-multi;date;notified;owner,77.6
8221358,Ro Khanna (D-CA17),29,,"NIKE {FORTINET, CLASS-B INC. CMN CMN CLASS B",FTNT.O,P,02/17/26| 02/17/26|,03/04/26] 03/04/26:,A/I/K,STOCK/FUND,AIK,의심,amount-multi;date;notified;owner,72.2
8221358,Ro Khanna (D-CA17),29,SP,"NETFLIX, INC, CMIN",,P,02/17/2026,03/04/2026,"$1,001-$15,000",STOCK/FUND,A,확인,,73.2
8221358,Ro Khanna (D-CA17),29,,"THE CHARTER JCMN HOME COMMUNICATIONS, DEPOT, INC. CMIN INC",,P,02/17/26) 02/17/26},03/04/26) _03/04/26|,A/I/K,STOCK/FUND,AIK,의심,amount-multi;date;notified;owner,73.2
8221358,Ro Khanna (D-CA17),29,SP,MARSH ORD CMN,,P,02/17/2026,03/04/2026,"$1,001-$15,000",STOCK/FUND,A,확인,,83.2
8221358,Ro Khanna (D-CA17),29,,"ZIMMER {STARBUCKS BIOMET CORP, HOLDINGS CMN INC",,P/E,02/17/26; 02/17/26|,03/04/26| 03/04/26|,A/I/K,STOCK/FUND,AIK,의심,amount-multi;type;date;notified;owner,77.4
8221358,Ro Khanna (D-CA17),29,,COGNIZANT [CORP CLASSA TECHNOLOGY SOLUTIONS,,P,02/17/2026,03/04/2026,"$1,001-$15,000",STOCK/FUND,A,의심,owner,73.2
8221358,Ro Khanna (D-CA17),29,,AMCOR PLC CMN,,P,02/17/2026,03/04/2026,"$1,001-$15,000",STOCK/FUND,A,의심,owner,73.1
8221358,Ro Khanna (D-CA17),29,SP,\GOPAPBY INC. CMN CLASS A,,P,02/17/2026,03/04/2026,"$1,001-$15,000",STOCK/FUND,A,확인,,78.8
8221358,Ro Khanna (D-CA17),30,,"PROVIDE FLL NAME, NOT TICKER SYMBOL",,P/S/E,MAO,AMAYDONY,I/K,STOCK/FUND,IK,의심,amount-multi;type;date;notified;owner,72.7
8221358,Ro Khanna (D-CA17),31,,FULL ACTET MEME,,P/S/E,{Detect ' Transaction;,tare Tramsastion Rerteror,G/H,STOCK/FUND,GH,의심,amount-multi;type;date;notified;owner;name-illegible,44.5
8221358,Ro Khanna (D-CA17),31,,TRUST WESTROCK PUBLIC LIMITE,,P/E,02/17/2026,03/04/2026,I/K,STOCK/FUND,IK,의심,amount-multi;type;owner,95.1
8221358,Ro Khanna (D-CA17),31,,FLEX FLEX EURO EURO PM PM @ 21.25 82 EXP EXP,,P,02/13/26; 02/13/26|,03/04/26| 03/04/26,A/I/K,OPTION,AIK,의심,amount-multi;date;notified;owner,89.4
8221358,Ro Khanna (D-CA17),31,,02/13/2026 FLEX FLEX EURO EURO PM PM @ @ 86.84 145 EXP,,P/E,02/13/26} 02/13/26),03/04/26| 03/04/26],A/I/K,OPTION,AIK,의심,amount-multi;type;date;notified;owner,92.4
8221358,Ro Khanna (D-CA17),31,,FLEX FLEX EURO EURO PM PM @ @ 15.5 81 EXP EXP,,P,02/13/26} 02/13/26|,"03/04/26; 03/04/26,",A/I/K,OPTION,AIK,의심,amount-multi;date;notified;owner,89.8
8221358,Ro Khanna (D-CA17),31,,FLEX FLEX EURO EURO PM PM @ @ 340 27.5 EXP EXP,,P,02/13/26| 02/13/26|,03/04/26 03/04/26|,A/H/I/K,OPTION,AHIK,의심,amount-multi;date;notified;owner,94.0
8221358,Ro Khanna (D-CA17),31,,@ 645 EXP,,S,02/27/2026,03/04/2026,"$1,001-$15,000",OPTION,A,의심,owner,95.1
8221358,Ro Khanna (D-CA17),31,,@ 647 EXP,,S,02/20/2026,03/04/2026,"$1,001-$15,000",OPTION,A,의심,owner,95.5
8221358,Ro Khanna (D-CA17),31,,@ 640 EXP,,S,02/13/2026,03/04/2026,"$1,001-$15,000",OPTION,A,의심,owner,83.4
8221358,Ro Khanna (D-CA17),31,,CORPORATION @ 645 EXP CMN,,P/S/E,02/06/26; 02/17/26,03/04/26| 03/04/26,A/B/I/K,OPTION,ABIK,의심,amount-multi;type;date;notified;owner,93.9
8221358,Ro Khanna (D-CA17),33,,WALT [AUTOMATIC JCMN 1994 DISNEY TRUST DATA COMPANY PROCESSING (THE) CMN INC,,P/S/E,. 02/27/26} 02/17/26|,03/04/26} 03/04/26,I/K,STOCK/FUND,IK,의심,amount-multi;type;date;notified;owner,77.5
8221358,Ro Khanna (D-CA17),33,,"COPART, |QUALCOMM INC. INC CMN CMN",QCOM.O,P/S/E,02/17/26! 02/17/25},03/04/26 03/04/26),A/I/K,STOCK/FUND,AIK,의심,amount-multi;type;date;notified;owner,73.9
8221358,Ro Khanna (D-CA17),33,SP,'ROPER TECHNOLOGIES INC CMN,,S,02/17/2026,03/04/2026,"$1,001-$15,000",STOCK/FUND,A,확인,,70.0
8221358,Ro Khanna (D-CA17),33,SP,JICMN INTERCONTINENTAL EXCHANGE INC,,S,02/17/2026,03/04/2026,"$1,001-$15,000",STOCK/FUND,A,확인,,71.7
8221358,Ro Khanna (D-CA17),33,SP,"PAYPAL HOLDINGS, INC. CMN",,S,02/17/2026,03/04/2026,"$1,001-$15,000",STOCK/FUND,A,확인,,77.8
8221358,Ro Khanna (D-CA17),33,SP,"CBRE GROUP, INC. CMN CLASS A",,S,02/17/2026,03/04/2026,"$1,001-$15,000",STOCK/FUND,A,의심,name-illegible,57.9
8221358,Ro Khanna (D-CA17),33,SP,"SYNOPSYS, INC. CMIN",,S,02/17/2026,03/04/2026,"$1,001-$15,000",STOCK/FUND,A,확인,,66.0
8221358,Ro Khanna (D-CA17),33,SP,RIO TINTO PLC SPONSORED ADR,,S,02/13/2026,03/04/2026,"$1,001-$15,000",STOCK/FUND,A,확인,,85.6
8221358,Ro Khanna (D-CA17),33,SP,SHELL PLC SPONSORED ADR CMN,,S,02/13/2026,03/04/2026,"$1,001-$15,000",STOCK/FUND,A,확인,,73.9
8221358,Ro Khanna (D-CA17),33,SP,HUMANAINC. CMN,,S,02/17/2026,03/04/2026,"$1,001-$15,000",STOCK/FUND,A,확인,,84.1
8221358,Ro Khanna (D-CA17),33,SP,JPMORGAN CHASE & CO CMIN,,S,02/17/2026,03/04/2026,"$1,001-$15,000",STOCK/FUND,A,확인,,76.6
8221358,Ro Khanna (D-CA17),33,SP,"BROWN & BROWN, INC. CMN",,S,02/17/2026,03/04/2026,"$1,001-$15,000",STOCK/FUND,A,확인,,84.2
8221358,Ro Khanna (D-CA17),34,,FADL AGRET NAME Y,,P/S/E,Date ef Transactian,Tate Transaction ftv edat,G/H,STOCK/FUND,GH,의심,amount-multi;type;date;notified;owner;name-illegible,33.1
8221358,Ro Khanna (D-CA17),34,,"PROVIDE FUIL NOME, RAT TOKER SYMBEL",,P/E,,MM/DD/YY,I/K,STOCK/FUND,IK,의심,amount-multi;type;date;notified;owner;name-illegible,59.4
8221358,Ro Khanna (D-CA17),34,SP,"!GARTNER, INC. CMN",,S,02/17/2026,03/04/2026,"$1,001-$15,000",STOCK/FUND,A,확인,,61.3
8221358,Ro Khanna (D-CA17),34,,EQUIFAX INC. CMN,,S,02/17/2026,03/04/2026,"$1,001-$15,000",STOCK/FUND,A,의심,owner;name-illegible,51.1
8221358,Ro Khanna (D-CA17),34,SP,FACTSET RESEARCH SYSTEMS INC CMN,,S,02/17/2026,03/04/2026,"$1,001-$15,000",STOCK/FUND,A,확인,,74.8
8221358,Ro Khanna (D-CA17),34,SP,GLOBAL PAYMENTS INC. CMN,,S,02/17/2026,03/04/2026,"$1,001-$15,000",STOCK/FUND,A,확인,,81.1
8221358,Ro Khanna (D-CA17),34,SP,\CAP GEMINI ADR CMN,,S,02/13/2026,03/04/2026,"$1,001-$15,000",STOCK/FUND,A,확인,,74.2
8221358,Ro Khanna (D-CA17),34,SP,"BLOCK, INC. CMN CLASS A",,S,02/17/2026,03/04/2026,"$1,001-$15,000",STOCK/FUND,A,확인,,79.8
8221358,Ro Khanna (D-CA17),34,SP,"TRADE DESK, INC. (THE) CMN",,S,02/17/2026,03/04/2026,"$1,001-$15,000",STOCK/FUND,A,확인,,83.9
8221358,Ro Khanna (D-CA17),34,SP,"WORKDAY, INC. CMN CLASS A",,S,02/17/2026,03/04/2026,"$1,001-$15,000",STOCK/FUND,A,확인,,86.2
8221358,Ro Khanna (D-CA17),34,SP,MOODY'S CORPORATION CMN,,S,02/17/2026,03/04/2026,"$1,001-$15,000",STOCK/FUND,A,확인,,65.6
8221358,Ro Khanna (D-CA17),34,SP,QUEST ICMN DIAGNOSTICS INCORPORATED,,S,02/17/2026,03/04/2026,"$1,001-$15,000",STOCK/FUND,A,확인,,85.4
8221358,Ro Khanna (D-CA17),34,SP,CARVANA CO. CMN CLASS A,,S,02/17/2026,03/04/2026,"$1,001-$15,000",STOCK/FUND,A,확인,,70.3
8221358,Ro Khanna (D-CA17),34,SP,REALTY INCOME CORPORATION CMN,,S,02/17/2026,03/04/2026,"$1,001-$15,000",STOCK/FUND,A,확인,,84.5
8221358,Ro Khanna (D-CA17),34,SP,ROLLINS INC. REGOFF SCTASKO796638,,S,02/17/2026,03/04/2026,"$1,001-$15,000",STOCK/FUND,A,확인,,87.4
8221358,Ro Khanna (D-CA17),35,,"» PROVIDE FULL NAME, NOT TICKER SYMBOL",,P/S/E,,BRUDG YY,I/K,STOCK/FUND,IK,의심,amount-multi;type;date;notified;owner,70.2
8221358,Ro Khanna (D-CA17),35,,ACCENTURE 1994 TRUST PLC | CMN CLASS A,,P/S/E,02/17/2025,03/04/2026,I/K,STOCK/FUND,IK,의심,amount-multi;type;owner,65.5
8221358,Ro Khanna (D-CA17),35,SP,INTEL CORPORATION CMN,INTC.O,S,02/17/2026,03/04/2026,"$1,001-$15,000",STOCK/FUND,A,의심,name-illegible,47.1
8221358,Ro Khanna (D-CA17),35,,"SP__|GENUINE PARTS CO, CMN",,S,02/17/2026,o3/oa/26|,"$1,001-$15,000",STOCK/FUND,A,의심,notified;owner,84.6
8221358,Ro Khanna (D-CA17),35,SP,W.R. BERKLEY CORPORATION CMN,,S,02/17/2026,03/04/2026,"$1,001-$15,000",STOCK/FUND,A,확인,,74.0
8221358,Ro Khanna (D-CA17),35,,SP__{AVOTING COMCAST CORPORATION ; CMN CLASS,,S,02/17/2026,03/04/2026,"$1,001-$15,000",STOCK/FUND,A,의심,owner;name-illegible,33.4
8221358,Ro Khanna (D-CA17),35,SP,IDEXX LABORATORIES CIN,,S,02/17/2026,03/04/2026,"$1,001-$15,000",STOCK/FUND,A,확인,,71.3
8221358,Ro Khanna (D-CA17),35,SP,"TYLER TECHNOLOGIES, INC. CRIN",,S,02/17/2026,_.03/04/261,"$1,001-$15,000",STOCK/FUND,A,의심,notified,65.2
8221358,Ro Khanna (D-CA17),35,SP,PTC INC. CMN,,S,02/17/2026,03/04/2026,"$1,001-$15,000",STOCK/FUND,A,의심,name-illegible,39.0
8221358,Ro Khanna (D-CA17),35,,DEERE & COMPANY CMN,,S,02/17/2026,03/04/2026,"$1,001-$15,000",STOCK/FUND,A,의심,owner,78.9
8221358,Ro Khanna (D-CA17),35,SP,BEST BUY CO INC CMN,,S,02/17/2026,03/04/2026,"$1,001-$15,000",STOCK/FUND,A,확인,,80.2
8221358,Ro Khanna (D-CA17),35,SP,ISHARES MSCI AUSTRALIA ETF,,S,02/13/2026,03/04/2026,"$1,001-$15,000",STOCK/FUND,A,확인,,76.7
8221358,Ro Khanna (D-CA17),35,SP,DELL IC TECHNOLOGIES INC. CMN CLASS,,S,02/17/2026,03/04/2026,"$1,001-$15,000",STOCK/FUND,A,확인,,80.3
8221358,Ro Khanna (D-CA17),35,,"SP__|MOLINA HEALTHCARE, INC, CMN",,S,02/17/2026,03/04/2026,"$1,001-$15,000",STOCK/FUND,A,의심,owner,84.0
8221358,Ro Khanna (D-CA17),35,SP,BROADRIDGE |INCMN FINANCIAL _ SOLUTIONS,,S,02/17/2026,03/04/2026,"$1,001-$15,000",STOCK/FUND,A,확인,,65.4
8221358,Ro Khanna (D-CA17),35,,SP__|MSCIINC. \ CMN,,S,02/17/2026,03/04/2026,"$1,001-$15,000",STOCK/FUND,A,의심,owner,68.4
8221358,Ro Khanna (D-CA17),35,SP,/OMNICOM GROUP CMN,,S,02/17/2026,03/04/2026,"$1,001-$15,000",STOCK/FUND,A,확인,,71.7
8221358,Ro Khanna (D-CA17),35,,TOYOTA JADR MOTOR CORPORATION SPON,,S,02/13/2026,03/04/2026,"$1,001-$15,000",STOCK/FUND,A,의심,owner,89.3
8221358,Ro Khanna (D-CA17),35,,TAKEDA {SPONSORED PHARMACEUTICAL ADR CMN CO LTD,,S,02/13/2026,03/04/2026,"$1,001-$15,000",STOCK/FUND,A,의심,owner,87.7
8221358,Ro Khanna (D-CA17),36,,NOVARTIS |CMN 1994 TRUST AG-ADR SPONSORED ADR,,P/S/E,02/13/2026,03/04/2026,I/K,STOCK/FUND,IK,의심,amount-multi;type;owner,87.6
8221358,Ro Khanna (D-CA17),36,,COCA-COLA |CMN EUROPEAN PARTNERS PL,,S,02/13/2026,03/04/2026,"$1,001-$15,000",STOCK/FUND,A,의심,owner,81.2
8221358,Ro Khanna (D-CA17),36,SP,VINC| SA ADR CMN,,S,02/13/2026,03/04/2026,"$1,001-$15,000",STOCK/FUND,A,의심,name-illegible,30.0
8221358,Ro Khanna (D-CA17),36,,SP__|ADRCMN KONINKLUKE AHOLD N.V. SPONSORED,,S,02/13/2026,03/04/2026,"$1,001-$15,000",STOCK/FUND,A,의심,owner,77.9
8221358,Ro Khanna (D-CA17),36,,COMPASS CMN GROUP PLC SPONSORED,,S,02/13/2026,03/04/2025,"$1,001-$15,000",STOCK/FUND,A,의심,owner,94.3
8221358,Ro Khanna (D-CA17),36,SP,SIEMENS _|SPONSGRED AKTIENGESELLSCHAFT ADR CMN,,S,02/13/2026,03/04/2026,"$1,001-$15,000",STOCK/FUND,A,확인,,76.4
8221358,Ro Khanna (D-CA17),36,SP,CMN INDUSTRIA DE DISENO TEXTIL S. ADR,,S,02/13/2026,03/04/2026,"$1,001-$15,000",STOCK/FUND,A,확인,,79.6
8221358,Ro Khanna (D-CA17),36,,SP__|UNSPONSORED SCHNEIDER ELECTRIC ADR (FRANCE) SE,,S,02/13/2026,03/04/2026,"$1,001-$15,000",STOCK/FUND,A,의심,owner,86.6
8221358,Ro Khanna (D-CA17),36,SP,JENELSOCIETA PER AZIONI ADR CMN,,S,02/13/2026,03/04/2026,"$1,001-$15,000",STOCK/FUND,A,확인,,72.7
8221358,Ro Khanna (D-CA17),36,SP,SPONSORED INFINEON TECHNOLOGIES ADR CMN AG - ADR,,S,02/13/2026,03/04/2026,"$1,001-$15,000",STOCK/FUND,A,확인,,84.0
8221358,Ro Khanna (D-CA17),37,,FULL,,P/S/E,Date cfTressaction|,Transaction,G/H,STOCK/FUND,GH,의심,amount-multi;type;date;notified;owner;name-illegible,46.8
8221358,Ro Khanna (D-CA17),37,,"METLIFE, AUTONATION {USD INC. HYBRID INC 3.85% 03/15/2056 03/01/2032",,P,02/24/26] 02/02/26|,03/04/26| 03/04/26|,A/I/K,BOND,AIK,의심,amount-multi;date;notified;owner,66.7
8221358,Ro Khanna (D-CA17),37,,08/15/2056 NEXTERA [HYBRID EVERSOURCE 06/15/2054 ENERGY ENERGY CAPITAL USD HYBRID HOLDING,,P,_02/23/26} 02/17/26| :,03/04/26; 03/04/26|,A/I/K,STOCK/FUND,AIK,의심,amount-multi;date;notified;owner,85.3
8221358,Ro Khanna (D-CA17),38,,"PROVIDE FUL NAME, NOT OCKER SYMBOL",,P/E,MM/OD/TY,MM/DOY,I/K,STOCK/FUND,IK,의심,amount-multi;type;date;notified;owner,71.5
8221358,Ro Khanna (D-CA17),39,,FAL,,P/S/E,Guta of Trenaaction,"Tate Trroaction Notl""edel",G/H,STOCK/FUND,GH,의심,amount-multi;type;date;notified;owner,78.7
8221358,Ro Khanna (D-CA17),39,,"PROVIDE FUL AOME, NOT TICKER SYMBOL",,P/S/E,satDoyrY,aowpoyrr,I/K,STOCK/FUND,IK,의심,amount-multi;type;date;notified;owner,61.6
8221358,Ro Khanna (D-CA17),40,,FOAL,,P/S/E,Date of Transaction,Tate Tramaction Fat Tato,G/H,STOCK/FUND,GH,의심,amount-multi;type;date;notified;owner,61.1
8221358,Ro Khanna (D-CA17),41,,NETFLIX 1924 TRUST INC,,P/S/E,02/18/2026,02/18/2026,A/B/C/D/E/F/G/H/I/J/K,STOCK/FUND,ABCDEFGHIJK,의심,amount-multi;type;owner;name-illegible,36.5
8221358,Ro Khanna (D-CA17),41,SP,INTUITIVE SURGICAL INC,,S,02/18/2026,02/18/2026,"$1,001-$15,000",STOCK/FUND,A,확인,,73.6
8221358,Ro Khanna (D-CA17),41,,HOLDINGS 'ABBOTT LABORATORIES,,P/S/E,02/18/2026,02/18/2026,A/B/C/D/E/F/G/H/I/J/K,STOCK/FUND,ABCDEFGHIJK,의심,amount-multi;type;owner,71.1
8221358,Ro Khanna (D-CA17),41,,NETFUXINC USHA AHUJA 2010 TRREV TRUST FBO,,P/S/E,02/18/2026,02/18/2026,A/B/C/D/E/F/G/H/I/J/K,STOCK/FUND,ABCDEFGHIJK,의심,amount-multi;type;owner,66.6
8221358,Ro Khanna (D-CA17),41,DC,INTUITIVE SURGICAL INC,,S,02/18/2026,02/18/2026,"$1,001-$15,000",STOCK/FUND,A,확인,,63.4
8221358,Ro Khanna (D-CA17),41,DC,FTI CONSULTING INC,,S,02/18/2026,02/18/2026,"$1,001-$15,000",STOCK/FUND,A,의심,name-illegible,47.2
8221358,Ro Khanna (D-CA17),41,DC,DANAHER CORPORATION COM,,S,02/18/2026,02/18/2026,"$1,001-$15,000",STOCK/FUND,A,확인,,77.0
8221358,Ro Khanna (D-CA17),41,,HOLDINGS ABBOTT LABORATORIES,,P/S/E,02/18/2026,02/18/2026,A/B/C/D/E/F/G/H/I/J/K,STOCK/FUND,ABCDEFGHIJK,의심,amount-multi;type;owner,80.0
8221358,Ro Khanna (D-CA17),41,,INETFLIXINC FBO KHANNA CHILDREN,,P/S/E,02/18/2026,02/18/2026,A/B/C/D/E/F/G/H/I/J/K,STOCK/FUND,ABCDEFGHIJK,의심,amount-multi;type;owner,63.8
8221359,Michael McCaul (R-TX10),1,SP,NORTHERN TAX-ADVGT ULTRA-SHRT FIXED INC,,P,02/11/2026,03/05/2026,"over $1,000,000 (SP/DC)",STOCK/FUND,K,확인,,92.6
8221359,Michael McCaul (R-TX10),1,SP,NORTHERN TAX-ADVGT ULTRA-SHRT FIXED INC,,P,02/11/2026,03/05/2026,"$500,001-$1,000,000",STOCK/FUND,F,확인,,80.2
8221359,Michael McCaul (R-TX10),1,SP,NORTHERN INTERMED TAX EXEMPT FUND,,P,02/11/2026,03/05/2026,"$500,001-$1,000,000",STOCK/FUND,F,확인,,95.9
8221359,Michael McCaul (R-TX10),1,SP,NORTHERN TAX-ADVGT ULTRA-SHRT FIXED INC,,P,02/11/2026,03/05/2026,"$250,001-$500,000",STOCK/FUND,E,확인,,93.2
8221359,Michael McCaul (R-TX10),1,SP,NORTHERN TAX-ADVGT ULTRA-SHRT FIXED INC,,P,02/11/2026,03/05/2026,"$250,001-$500,000",STOCK/FUND,E,확인,,84.3
8221359,Michael McCaul (R-TX10),1,SP,NORTHERN INTERMED TAX EXEMPT FUND,,P,02/11/2026,03/05/2026,"$250,001-$500,000",STOCK/FUND,E,확인,,92.8
8221359,Michael McCaul (R-TX10),1,SP,NORTHERN INTERMED TAX EXEMPT FUND °,,P,02/11/2026,03/05/2026,"$100,001-$250,000",STOCK/FUND,D,확인,,79.7
8221359,Michael McCaul (R-TX10),1,SP,NORTHERN TAX-ADVGT ULTRA-SHRT FIXED INC,,P,02/11/2026,03/05/2026,"$100,001-$250,000",STOCK/FUND,D,확인,,94.3
8221359,Michael McCaul (R-TX10),1,SP,NORTHERN INTERMED TAX EXEMPT FUND ’,,P,02/11/2026,3/5/2026 -,"$100,001-$250,000",STOCK/FUND,D,의심,notified,71.4
8221359,Michael McCaul (R-TX10),1,SP,NORTHERN TAX-ADVGT ULTRA-SHRT FIXED INC,,P,02/11/2026,03/05/2026,"$100,001-$250,000",STOCK/FUND,D,확인,,93.1
8221359,Michael McCaul (R-TX10),1,SP,NORTHERN TAX-ADVGT ULTRA-SHRT FIXED INC,,P,02/11/2026,03/05/2026,"$100,001-$250,000",STOCK/FUND,D,확인,,92.9
8221359,Michael McCaul (R-TX10),1,SP,9) NORTHERN TAX-ADVGT ULTRA-SHRT FIXED INC,,P,02/11/2026,03/05/2026,"$100,001-$250,000",STOCK/FUND,D,확인,,86.5
8221359,Michael McCaul (R-TX10),1,SP,HAWAII ST GO BDS,,P,02/26/2026,03/05/2026,"$100,001-$250,000",STOCK/FUND,D,확인,,93.2
8221359,Michael McCaul (R-TX10),1,SP,PHOENIX ARIZ CIVIC IMPT CORP WTR SYS,,P,02/04/2026,03/05/2026,"$100,001-$250,000",STOCK/FUND,D,확인,,89.9
8221359,Michael McCaul (R-TX10),1,SP,NORTHERN INTERMED TAX EXEMPT FUND,,P,02/11/2026,03/05/2026,"$50,001-$100,000",STOCK/FUND,C,확인,,96.6
8221359,Michael McCaul (R-TX10),1,SP,MAYS-ALLOCATE 2025 LP,,P,02/24/2026,03/05/2026,"$50,001-$100,000",STOCK/FUND,C,확인,,95.2
8221359,Michael McCaul (R-TX10),1,SP,NORTHERN INTERMED TAX EXEMPT FUND,,P,02/11/2026,03/05/2026,"$50,001-$100,000",STOCK/FUND,C,확인,,95.6
8221359,Michael McCaul (R-TX10),1,SP,NORTHERN INTERMED TAX EXEMPT FUND,,P,02/11/2026,03/05/2026,"$50,001-$100,000",STOCK/FUND,C,확인,,96.2
8221359,Michael McCaul (R-TX10),1,SP,NORTHERN INTERMED TAX EXEMPT FUND,,P,02/11/2026,03/05/2026,"$50,001-$100,000",STOCK/FUND,C,확인,,81.1
8221359,Michael McCaul (R-TX10),1,SP,NORTHERN TAX-ADVGT ULTRA-SHRT FIXED INC,,P,02/11/2026 -,03/05/2026,"$50,001-$100,000",STOCK/FUND,C,의심,date,93.3
8221359,Michael McCaul (R-TX10),1,SP,CAVCO INDUSTRIES INC,,P,02/04/2026,03/05/2026,"$50,001-$100,000",STOCK/FUND,C,확인,,89.0
8221359,Michael McCaul (R-TX10),1,SP,NORTHERN TAX-ADVGT ULTRA-SHRT FIXED INC,,P,02/11/2026,03/05/2026,"$15,001-$50,000",STOCK/FUND,B,확인,,93.3
8221359,Michael McCaul (R-TX10),1,SP,HURON CONSULTING GROUP INC,,P,02/12/2026,03/05/2026,"$15,001-$50,000",STOCK/FUND,B,확인,,96.4
8221359,Michael McCaul (R-TX10),1,SP,HPS SPECIAL OPP FUND [I LP,,P,02/27/2026,03/05/2026,"$15,001-$50,000",STOCK/FUND,B,확인,,89.6
8221359,Michael McCaul (R-TX10),1,SP,FORMENTERA PARTNERS FUND IT LP,,P,02/26/2026,03/05/2026,"$15,001-$50,000",STOCK/FUND,B,확인,,60.6
8221359,Michael McCaul (R-TX10),2,SP,MUELLER WATER PRODUCTS INC,,P,02/03/2026,03/05/2026,"$15,001-$50,000",STOCK/FUND,B,확인,,96.3
8221359,Michael McCaul (R-TX10),2,SP,NORTHERN INTERMED TAX EXEMPT FUND,,P,02/11/2026,03/05/2026,"$15,001-$50,000",STOCK/FUND,B,확인,,96.7
8221359,Michael McCaul (R-TX10),2,SP,CH PRIVATE EQUITY 2025 FUND LP,,P,02/13/2026,03/05/2026,"$15,001-$50,000",STOCK/FUND,B,확인,,90.2
8221359,Michael McCaul (R-TX10),2,SP,PRIMERICA INC COM,,P,02/18/2026,03/05/2026,"$15,001-$50,000",STOCK/FUND,B,확인,,91.8
8221359,Michael McCaul (R-TX10),2,SP,HOULIHAN LOKEY INC CLA,,P,02/13/2026,03/05/2026,"$15,001-$50,000",STOCK/FUND,B,확인,,79.4
8221359,Michael McCaul (R-TX10),2,SP,FTI CONSULTING INC,,P,02/12/2026,03/05/2026,"$15,001-$50,000",STOCK/FUND,B,확인,,85.3
8221359,Michael McCaul (R-TX10),2,SP,NORTHERN INTERMED TAX EXEMPT FUND,,P,02/11/2026,03/05/2026,"$15,001-$50,000",STOCK/FUND,B,확인,,96.4
8221359,Michael McCaul (R-TX10),2,SP,HURON CONSULTING GROUP INC,,P,02/27/2026,03/05/2026,"$15,001-$50,000",STOCK/FUND,B,확인,,96.2
8221359,Michael McCaul (R-TX10),2,SP,LOUISIANA-PACIFIC CORP,,P,02/27/2026,03/05/2026,"$15,001-$50,000",STOCK/FUND,B,확인,,85.1
8221359,Michael McCaul (R-TX10),2,SP,FFI CONSULTING INC,,P,02/27/2026,03/05/2026,"$15,001-$50,000",STOCK/FUND,B,확인,,84.8
8221359,Michael McCaul (R-TX10),2,SP,ABBOTT LABORATORIES,,P,02/05/2026,03/05/2026,"$15,001-$50,000",STOCK/FUND,B,확인,,92.8
8221359,Michael McCaul (R-TX10),2,SP,MAYS-ALLOCATE 2025 LP,,P,02/04/2026,03/05/2026,"$15,001-$50,000",STOCK/FUND,B,확인,,88.7
8221359,Michael McCaul (R-TX10),2,SP,PURE STORAGE INC CLA,,P,02/13/2026,03/05/2026,"$15,001-$50,000",STOCK/FUND,B,확인,,67.3
8221359,Michael McCaul (R-TX10),2,SP,FAIR ISAAC CORP,,P,02/04/2026,03/05/2026,"$15,001-$50,000",STOCK/FUND,B,확인,,94.3
8221359,Michael McCaul (R-TX10),2,SP,SAP ADR,,P,02/03/2026,03/05/2026,"$1,001-$15,000",STOCK/FUND,A,확인,,95.7
8221359,Michael McCaul (R-TX10),2,SP,TERADYNE INC COM,,P,02/04/2026,03/05/2026,"$1,001-$15,000",STOCK/FUND,A,확인,,94.5
8221359,Michael McCaul (R-TX10),2,SP,AUTODESK INC,,P,02/27/2026,03/05/2026,"$1,001-$15,000",STOCK/FUND,A,확인,,96.1
8221359,Michael McCaul (R-TX10),2,SP,INTUIT INC,,P,02/17/2026,03/05/2026,"$1,001-$15,000",STOCK/FUND,A,확인,,93.3
8221359,Michael McCaul (R-TX10),2,SP,SPOTIFY TECHNOLOGY S.A. COM,,P,02/27/2026,03/05/2026,"$1,001-$15,000",STOCK/FUND,A,확인,,94.8
8221359,Michael McCaul (R-TX10),2,SP,MAYS-ALLOCATE LP,,P,02/05/2026,03/05/2026,"$1,001-$15,000",STOCK/FUND,A,확인,,94.6
8221359,Michael McCaul (R-TX10),2,SP,ENTEGRIS INC,,P,02/04/2026,03/05/2026,"$1,001-$15,000",STOCK/FUND,A,확인,,94.3
8221359,Michael McCaul (R-TX10),2,SP,SPOTIFY TECHNOLOGY S.A. COM,,P,02/04/2026,03/05/2026,"$1,001-$15,000",STOCK/FUND,A,확인,,94.9
8221359,Michael McCaul (R-TX10),2,SP,SPOTIFY TECHNOLOGY S.A. COM,,P,02/10/2026,03/05/2026,"$1,001-$15,000",STOCK/FUND,A,확인,,94.8
8221359,Michael McCaul (R-TX10),2,SP,ENTEGRIS INC,,P,02/10/2026,03/05/2026,"$1,001-$15,000",STOCK/FUND,A,확인,,94.5
8221359,Michael McCaul (R-TX10),2,SP,SAP ADR,,P,02/13/2026,03/05/2026,"$1,001-$15,000",STOCK/FUND,A,확인,,96.3
8221359,Michael McCaul (R-TX10),2,SP,MERCADOLIBRE INC COM,,P,02/27/2026,03/05/2026,"$1,001-$15,000",STOCK/FUND,A,확인,,94.0
8221359,Michael McCaul (R-TX10),3,SP,NETFLIX INC,,P,02/17/2026,03/05/2026,"$1,001-$15,000",STOCK/FUND,A,확인,,64.0
8221359,Michael McCaul (R-TX10),3,SP,META PLATFORMS INC CLASS A,META.O,P,02/20/2026,03/05/2026,"$1,001-$15,000",STOCK/FUND,A,확인,,94.2
8221359,Michael McCaul (R-TX10),3,SP,META PLATFORMS INC CLASS A,META.O,P,02/11/2026,03/05/2026,"$1,001-$15,000",STOCK/FUND,A,확인,,92.6
8221359,Michael McCaul (R-TX10),3,SP,WORKDAY INC COM CLA “,,P,02/27/2026,03/05/2026,"$1,001-$15,000",STOCK/FUND,A,확인,,76.1
8221359,Michael McCaul (R-TX10),3,SP,ORACLE CORP,ORCL.K,P,02/11/2026,03/05/2026,"$1,001-$15,000",STOCK/FUND,A,확인,,96.0
8221359,Michael McCaul (R-TX10),3,SP,REDDITINCCLA,,P,02/11/2026,03/05/2026,"$1,001-$15,000",STOCK/FUND,A,확인,,64.4
8221359,Michael McCaul (R-TX10),3,SP,PURE STORAGE INC CLA,,P,02/26/2026,03/05/2026,"$1,001-$15,000",STOCK/FUND,A,확인,,79.9
8221359,Michael McCaul (R-TX10),3,SP,SAP ADR,,P,02/10/2026,03/05/2026,"$1,001-$15,000",STOCK/FUND,A,확인,,95.7
8221359,Michael McCaul (R-TX10),3,SP,SAP ADR,,P,02/05/2026,03/05/2026,"$1,001-$15,000",STOCK/FUND,A,확인,,92.8
8221359,Michael McCaul (R-TX10),3,SP,INTUIT INC,,P,02/05/2026,03/05/2026,"$1,001-$15,000",STOCK/FUND,A,확인,,93.2
8221359,Michael McCaul (R-TX10),3,SP,NETFLIX INC,,P,02/05/2026,03/05/2026,"$1,001-$15,000",STOCK/FUND,A,의심,name-illegible,52.6
8221359,Michael McCaul (R-TX10),3,SP,WORKDAYINCCOMCLA,,P,02/05/2026,03/05/2026,"$1,001-$15,000",STOCK/FUND,A,확인,,90.3
8221359,Michael McCaul (R-TX10),3,SP,LONDON STOCK EXCHANGE GROUP SPON ADS,,P,02/17/2026,03/05/2026,"$1,001-$15,000",STOCK/FUND,A,확인,,95.1
8221359,Michael McCaul (R-TX10),3,SP,ORACLE CORP,ORCL.K,P,02/27/2026,03/05/2026,"$1,001-$15,000",STOCK/FUND,A,확인,,69.7
8221359,Michael McCaul (R-TX10),3,SP,LONDON STOCK EXCHANGE GROUP SPON ADS,,P,02/10/2026,03/05/2026,"$1,001-$15,000",STOCK/FUND,A,확인,,94.8
8221359,Michael McCaul (R-TX10),3,SP,NETFLIX INC,,P,02/27/2026,03/05/2026,"$1,001-$15,000",STOCK/FUND,A,확인,,95.1
8221359,Michael McCaul (R-TX10),3,SP,HPS SPECIAL OPP FUND II LP,,P,02/27/2026,03/05/2026,"$1,001-$15,000",STOCK/FUND,A,확인,,95.2
8221359,Michael McCaul (R-TX10),3,SP,MAYS-ALLOCATE 2025 LP,,P,02/20/2026,03/05/2026,"$1,001-$15,000",STOCK/FUND,A,확인,,94.6
8221359,Michael McCaul (R-TX10),3,SP,AERCAP HOLDINGS N.V,,S,02/03/2026,03/05/2026,"$1,001-$15,000",STOCK/FUND,A,의심,name-illegible,59.2
8221359,Michael McCaul (R-TX10),3,SP,WORKDAY INC COM CLA,,S,02/09/2026,03/05/2026,"$1,001-$15,000",STOCK/FUND,A,확인,,77.4
8221359,Michael McCaul (R-TX10),3,SP,COMCAST CORP,,S,02/26/2026,03/05/2026,"$1,001-$15,000",STOCK/FUND,A,확인,,96.1
8221359,Michael McCaul (R-TX10),3,SP,USER TECHNOLOGIES INC COM,,S,02/11/2026,03/05/2026,"$1,001-$15,000",STOCK/FUND,A,확인,,81.1
8221359,Michael McCaul (R-TX10),3,SP,NVIDIA CORPORATICN COM,NVDA.O,S,02/26/2026,03/05/2026,"$1,001-$15,000",STOCK/FUND,A,확인,,70.8
8221359,Michael McCaul (R-TX10),3,SP,GE AEROSPACE COM NEW,,S,02/04/2026,03/05/2026,"$1,001-$15,000",STOCK/FUND,A,확인,,96.1
8221359,Michael McCaul (R-TX10),3,SP,* BAYER AG SPON ADR,,S,02/05/2026,03/05/2026,"$1,001-$15,000",STOCK/FUND,A,확인,,82.8
8221359,Michael McCaul (R-TX10),3,SP,ASML HOLDING NV,ASML.O,S,02/05/2026,03/05/2026,"$1,001-$15,000",STOCK/FUND,A,확인,,95.7
8221359,Michael McCaul (R-TX10),4,SP,NORTHERN TAX-ADVGT ULTRA-SHRT FIXED INC,,S,02/17/2026,03/05/2026,"$1,001-$15,000",STOCK/FUND,A,확인,,80.5
8221359,Michael McCaul (R-TX10),4,SP,MICROSOFT CORP,MSFT.O,S,02/27/2026,03/05/2026,"$1,001-$15,000",STOCK/FUND,A,확인,,96.6
8221359,Michael McCaul (R-TX10),4,SP,BAYER AG SPON ADR,,S,02/17/2026,03/05/2026,"$1,001-$15,000",STOCK/FUND,A,확인,,77.2
8221359,Michael McCaul (R-TX10),4,SP,WORKDAY INC COM CLA,,S,02/10/2026,03/05/2026,"$1,001-$15,000",STOCK/FUND,A,확인,,95.9
8221359,Michael McCaul (R-TX10),4,SP,GE VERNOVA INC COM,GEV,S,02/04/2026,03/05/2026,"$1,001-$15,000",STOCK/FUND,A,확인,,93.2
8221359,Michael McCaul (R-TX10),4,SP,UBER TECHNOLOGIES INC COM,,S,02/13/2026,03/05/2026,"$1,001-$15,000",STOCK/FUND,A,확인,,67.3
8221359,Michael McCaul (R-TX10),4,SP,AMAZON.COM INC,AMZN.O,S,02/13/2026,03/05/2026,"$1,001-$15,000",STOCK/FUND,A,확인,,95.8
8221359,Michael McCaul (R-TX10),4,SP,VULCAN MATERIALS CO,VMC,S,02/23/2026,03/05/2026,"$1,001-$15,000",STOCK/FUND,A,확인,,67.6
8221359,Michael McCaul (R-TX10),4,SP,WOODWARD INC COM,,S,02/27/2026,03/05/2026,"$1,001-$15,000",STOCK/FUND,A,확인,,81.8
8221359,Michael McCaul (R-TX10),4,SP,WOODWARD INC COM,,S,02/03/2026,- ° 3/5/2026,"$1,001-$15,000",STOCK/FUND,A,의심,notified,62.5
8221359,Michael McCaul (R-TX10),4,SP,WOODWARD INC COM,,S,02/18/2026,03/05/2026,"$1,001-$15,000",STOCK/FUND,A,의심,name-illegible,57.8
8221359,Michael McCaul (R-TX10),4,SP,’ MARTIN MARIETTA MATERIALS INC,,S,02/17/2026,03/05/2026,"$1,001-$15,000",STOCK/FUND,A,확인,,78.2
8221359,Michael McCaul (R-TX10),4,SP,HILTON WORLDWIDE HLDGS INC,,S,02/06/2026,03/05/2026,"$1,001-$15,000",STOCK/FUND,A,확인,,83.1
8221359,Michael McCaul (R-TX10),4,SP,ESTEE LAUDER COMPANIES INC CLASS A,,S,02/02/2026,03/05/2026,"$1,001-$15,000",STOCK/FUND,A,확인,,85.2
8221359,Michael McCaul (R-TX10),4,SP,NORTHERN TAX-ADVGT ULTRA-SHRT FIXED INC,,S,02/17/2026,03/05/2026,"$1,001-$15,000",STOCK/FUND,A,확인,,84.7
8221359,Michael McCaul (R-TX10),4,SP,BAYER AG SPON ADR,,S,02/06/2026,03/05/2026,"$1,001-$15,000",STOCK/FUND,A,확인,,94.2
8221359,Michael McCaul (R-TX10),4,SP,PTC INC,,S,02/24/2026,03/05/2026,"$1,001-$15,000",STOCK/FUND,A,확인,,87.2
8221359,Michael McCaul (R-TX10),4,SP,INTUITINC,,S,02/11/2026,03/05/2026,"$1,001-$15,000",STOCK/FUND,A,의심,name-illegible,15.6
8221359,Michael McCaul (R-TX10),4,SP,DEXCOM INC,,S,02/04/2026,03/05/2026,"$1,001-$15,000",STOCK/FUND,A,의심,name-illegible,56.0
8221359,Michael McCaul (R-TX10),4,SP,MARTIN MARIETTA MATERIALS INC,,S,02/23/2026,- 3/5/2026,"$1,001-$15,000",STOCK/FUND,A,의심,notified,96.1
8221359,Michael McCaul (R-TX10),4,SP,WOODWARD INC COM,,S,02/10/2026,03/05/2026,"$15,001-$50,000",STOCK/FUND,B,확인,,84.3
8221359,Michael McCaul (R-TX10),4,SP,AERCAP HOLDINGS N.V,,S,02/13/2026,03/05/2026,"$15,001-$50,000",STOCK/FUND,B,확인,,61.1
8221359,Michael McCaul (R-TX10),4,SP,HILTON WORLDWIDE HLDGS INC,,S,02/23/2026,03/05/2026,"$15,001-$50,000",STOCK/FUND,B,확인,,67.5
8221359,Michael McCaul (R-TX10),4,SP,ALPHABET INC CAP STK CLA,GOOGL.O,S,02/04/2026,03/05/2026,"$15,001-$50,000",STOCK/FUND,B,확인,,64.3
8221359,Michael McCaul (R-TX10),4,SP,AMAZON.COM INC,AMZN.O,S,02/10/2026,03/05/2026,"$15,001-$50,000",STOCK/FUND,B,의심,name-illegible,56.8
8221359,Michael McCaul (R-TX10),4,SP,GE VERNOVA INC COM,GEV,S,02/05/2026,03/05/2026,"$15,001-$50,000",STOCK/FUND,B,확인,,93.9
8221359,Michael McCaul (R-TX10),5,SP,ABBOTT LABORATORIES,,S,02/27/2026,03/05/2026,"$15,001-$50,000",STOCK/FUND,B,확인,,64.5
8221359,Michael McCaul (R-TX10),5,SP,PLEXUS CORP,,S,02/04/2026,03/05/2026,"$15,001-$50,000",STOCK/FUND,B,확인,,96.5
8221359,Michael McCaul (R-TX10),5,SP,PLEXUS CORP,,S,02/12/2026,03/05/2026,"$50,001-$100,000",STOCK/FUND,C,의심,name-illegible,54.9
8221359,Michael McCaul (R-TX10),5,SP,KANE CNTY ILL CMNTY UNIT SCH DIST,,S,02/27/2026,03/05/2026,"$50,001-$100,000",STOCK/FUND,C,확인,,82.7
8221359,Michael McCaul (R-TX10),5,SP,WOODRIDGE ILL GO REF,,S,02/02/2026,03/05/2026,"$50,001-$100,000",STOCK/FUND,C,확인,,95.5
8221359,Michael McCaul (R-TX10),5,SP,DONALDSON COMPANY INC,,S,02/18/2026,03/05/2026,"$100,001-$250,000",STOCK/FUND,D,확인,,93.8
8221359,Michael McCaul (R-TX10),5,SP,EAGLE MTN & SAGINAW TEX INDPT SCH DIST,,S,02/17/2026,03/05/2026,"$100,001-$250,000",STOCK/FUND,D,확인,,94.8
8221359,Michael McCaul (R-TX10),5,SP,DALLAS TEX INDPT SCH ‘,,S,02/17/2026,03/05/2026,"$100,001-$250,000",STOCK/FUND,D,확인,,78.9
8221359,Michael McCaul (R-TX10),5,SP,KENTUCKY ST PPTY & BLDGS COMMN REVS BDS,,S,02/02/2026,03/05/2026,"$250,001-$500,000",STOCK/FUND,E,확인,,85.5
8221359,Michael McCaul (R-TX10),5,SP,BAXTER INTERNATIONAL INC,,P,02/17/2026,03/05/2026,"$100,001-$250,000",STOCK/FUND,D,확인,,75.1
8221359,Michael McCaul (R-TX10),5,SP,NORTHERN TAX-ADVGT ULTRA-SHRT FIXED INC,,P,02/11/2026,03/05/2026,"$100,001-$250,000",STOCK/FUND,D,확인,,93.4
8221359,Michael McCaul (R-TX10),5,SP,HEALTHPEAK PROPERTIES INC COM A,,P,02/06/2026,03/05/2026,"$100,001-$250,000",STOCK/FUND,D,확인,,80.8
8221359,Michael McCaul (R-TX10),5,SP,NORTHERN INTERMED TAX EXEMPT FUND,,P,02/11/2026,03/05/2026,"$50,001-$100,000",STOCK/FUND,C,확인,,89.4
8221359,Michael McCaul (R-TX10),5,SP,GENUINE PARTS CO,,P,02/20/2026,03/05/2026,"$15,001-$50,000",STOCK/FUND,B,확인,,96.5
8221359,Michael McCaul (R-TX10),5,SP,CVS HEALTH CORPORATION,,P,02/20/2026,03/05/2026,"$15,001-$50,000",STOCK/FUND,B,확인,,83.3
8221359,Michael McCaul (R-TX10),5,SP,VISHAY INTERTECHNOLOGY INC,,S,02/12/2026,03/05/2026,"$15,001-$50,000",STOCK/FUND,B,확인,,93.2
8221359,Michael McCaul (R-TX10),5,SP,MURPHY OIL CORP,,S,02/20/2026,03/05/2026,"$50,001-$100,000",STOCK/FUND,C,확인,,64.9
8221359,Michael McCaul (R-TX10),5,SP,HUMANA INC,,S,02/17/2026,03/05/2026,"$50,001-$100,000",STOCK/FUND,C,확인,,96.1
8221359,Michael McCaul (R-TX10),5,SP,ALEXANDRIA REALESTATE EQUITIES,,S,02/06/2026,03/05/2026,"$100,001-$250,000",STOCK/FUND,D,확인,,64.2
8221359,Michael McCaul (R-TX10),5,SP,NORTHERN INTERMED TAX EXEMPT FUND,,P,02/19/2026,03/05/2026,"over $1,000,000 (SP/DC)",STOCK/FUND,K,확인,,87.3
9115726,Ro Khanna (D-CA17),02,,FULLASS ME A,,P/S/E,te fTrantactc,“Bate T nsaction__ Houber or,F/G/H/I/K,STOCK/FUND,FGHIK,의심,amount-multi;type;date;notified;owner;name-illegible,34.3
9115726,Ro Khanna (D-CA17),02,,AND USHA _ PROVID = FULT 2010 AM — _UCK_ YMBO!_____‘LPSSCHAVE TRUST FBO,,P/E,| sanynbyy,mavoppry,I/K,STOCK/FUND,IK,의심,amount-multi;type;date;notified;owner,63.6
9115726,Ro Khanna (D-CA17),02,,GOLD BANK OF MINERS AHUJA MONTREAL ETF LNKD TO VANECK,,P/E,03/16/2026,04/02/2026,I/K,STOCK/FUND,IK,의심,amount-multi;type;owner,90.3
9115726,Ro Khanna (D-CA17),03,,SPPDCITT _ PROF OT ÉCKER SYMBOL,,P/E,} MM/DD/VY,MIYDDAY,I/K,STOCK/FUND,IK,의심,amount-multi;type;date;notified;owner;name-illegible,39.5
9115726,Ro Khanna (D-CA17),03,,AHUJA DC GRANDCHILDREN |NASDAQINC S CMN EDUCATION TRUST,,P/S/E,03/24/2026,04/02/2026,I/K,STOCK/FUND,IK,의심,amount-multi;type;owner,73.4
9115726,Ro Khanna (D-CA17),04,,—_PRAXBLE AUBPAME FOT <TER YRRTOK,,P/E,|___ MaM/OD/VY,MAYDOSYE,I/K,STOCK/FUND,IK,의심,amount-multi;type;date;notified;owner;name-illegible,19.4
9115726,Ro Khanna (D-CA17),04,DC,TRUST |MCDONALDSCORPCMN F8O KHANNA CHILDREN,,P/E,03/30/2026,04/02/2026,I/K,STOCK/FUND,IK,의심,amount-multi;type,78.2
9115726,Ro Khanna (D-CA17),04,DC,CISCOSYSTEMS INC CMN,,P,03/30/2026,04/02/2026,"$50,001-$100,000",STOCK/FUND,C,확인,,77.2
9115726,Ro Khanna (D-CA17),04,,COCA COLA COMPANY (THE) EU CMN PNENY,,P,03/30/2026,04/02/2026,"$50,001-$100,000",STOCK/FUND,C,의심,owner;name-illegible,59.7
9115726,Ro Khanna (D-CA17),04,,UNITEDHEALTH }CMN — GROUP INCORPORATE,,P,03/30/2026,04/02/2026,"$15,001-$50,000",STOCK/FUND,B,의심,owner,75.0
9115726,Ro Khanna (D-CA17),04,,STOCK BOSTON SCIENTIFIC CORP COMMON,,P,03/30/2026,04/02/2026,"$15,001-$50,000",STOCK/FUND,B,의심,owner,89.5
9115726,Ro Khanna (D-CA17),04,DC,THE [CMN PROGRESSIVE CORPORATION,,P,03/30/2026,04/02/2026,"$15,001-$50,000",STOCK/FUND,B,확인,,80.8
9115726,Ro Khanna (D-CA17),04,DC,AMAZON COM INC CMN,AMZN.O,P,03/30/2026,04/02/2026,"$15,001-$50,000",STOCK/FUND,B,확인,,77.5
9115726,Ro Khanna (D-CA17),04,DC,INTUITINC CMN,,P,03/30/2026,04/02/2026,B/I/K,STOCK/FUND,BIK,의심,amount-multi;name-illegible,45.3
9115726,Ro Khanna (D-CA17),04,DC,S&P GLOBAL INC CMN,,P,03/30/2026,04/02/2026,"$15,001-$50,000",STOCK/FUND,B,의심,name-illegible,45.1
9115726,Ro Khanna (D-CA17),04,DC,SALESFORCE INC CMN,CRM,P,03/30/2026,04/02/2026,B/F/I,STOCK/FUND,BFI,의심,amount-multi,81.5
9115726,Ro Khanna (D-CA17),04,DC,REALTY INCOME CORPORATION CMN,,P,03/30/2026,04/02/2026,B/D/H,STOCK/FUND,BDH,의심,amount-multi,70.0
9115726,Ro Khanna (D-CA17),04,DC,ORACLE CORPORATION CMN,ORCL.K,P,03/30/2026,04/02/2026,"$15,001-$50,000",STOCK/FUND,B,확인,,75.7
9115726,Ro Khanna (D-CA17),04,,+}AMERICAN EXPRESS CO CMN,,P,03/30/2026,04/02/2026,B/D,STOCK/FUND,BD,의심,amount-multi;owner;name-illegible,50.6
9115726,Ro Khanna (D-CA17),04,,TRUIST JCMN FINANCIAL CORPORATION —,,P,03/30/2026,04/02/2026,"$15,001-$50,000",STOCK/FUND,B,의심,owner,69.1
9115726,Ro Khanna (D-CA17),04,,ALPHABET INC CMN CLASS A,GOOGL.O,P,03/30/2026,04/02/2026,"$15,001-$50,000",STOCK/FUND,B,의심,owner,85.4
9115726,Ro Khanna (D-CA17),04,DC,WALT DISNEY COMPANY (THE) CMN,,P,03/30/2026,04/02/2026,"$15,001-$50,000",STOCK/FUND,B,확인,,76.3
9115726,Ro Khanna (D-CA17),04,,MOODY 5 CORPORATION CIVN,,P,03/30/2026,04/02/2026,"$15,001-$50,000",STOCK/FUND,B,의심,owner,85.1
9115726,Ro Khanna (D-CA17),04,DC,PALO ALTO NETWORKS INC_CMN,PANW.O,P,03/30/2026,04/02/2026,"$15,001-$50,000",STOCK/FUND,B,의심,name-illegible,59.5
9115726,Ro Khanna (D-CA17),05,,PROVIDES AM AO TICKERSYM OF,,P/S/E,Part,MM/DD/YY ra Aad,I/K,STOCK/FUND,IK,의심,amount-multi;type;date;notified;owner;name-illegible,53.9
9115726,Ro Khanna (D-CA17),05,,AUTOMATIC {CMN }PRUDENTIAL DATA FINANCIAL PROCESSING INC CMN INC,,P,~,|__ — 03/30/26 03/30/26 04/02/26 04/02/26,B/I/K,STOCK/FUND,BIK,의심,amount-multi;date;notified;owner,72.3
9115726,Ro Khanna (D-CA17),05,,MARTIN MARIETTA MATERIALS —— INC,,P,~~,03/30/26| Z _04/02/26}_x,"$1,001-$15,000",STOCK/FUND,A,의심,date;notified;owner,80.6
9115726,Ro Khanna (D-CA17),05,DC,VERTIV HOLDINGS = LLC CMN _ CLASS A,VRT,P,,03/30/26 — 04/02/26},"$1,001-$15,000",STOCK/FUND,A,의심,date;notified,88.0
9115726,Ro Khanna (D-CA17),05,DC,UBER TECHNOLOGIES INC. CMN,,P,,03/30/26 04/02/26|,"$1,001-$15,000",STOCK/FUND,A,의심,date;notified;name-illegible,55.6
9115726,Ro Khanna (D-CA17),06,DC,TRUST | WASTE FBO KHANNA MANAGEMENT CHILDREN INC CMN,,P/E,,03/30/2026,A/B/I/K,STOCK/FUND,ABIK,의심,amount-multi;type;date,74.2
9115726,Ro Khanna (D-CA17),06,DC,JARTHURJ GALLAGHER & CO CMN,,P,,03/30/2026,"$1,001-$15,000",STOCK/FUND,A,의심,date,83.2
9115726,Ro Khanna (D-CA17),06,DC,GENUINEPARTSCO CMN |X,,P,|,03/30/2026,"$1,001-$15,000",STOCK/FUND,A,의심,date;name-illegible,55.6
9115726,Ro Khanna (D-CA17),06,DC,TRIMBLE INC CMN,,P,,03/30/2026,"$1,001-$15,000",STOCK/FUND,A,의심,date,62.0
9115726,Ro Khanna (D-CA17),06,DC,DC_|HENRYSCHEIN KEYSIGHT TECHNOLOGIES INCCOMMON INC STOCK CMN,,P/E,,03/30/26 03/30/26},"$1,001-$15,000",STOCK/FUND,A,의심,type;date;notified,73.1
9115726,Ro Khanna (D-CA17),06,DC,ROBINHOCD MARKETS INC. CMN,,P,,03/30/2026,"$1,001-$15,000",STOCK/FUND,A,의심,date,81.4
9115726,Ro Khanna (D-CA17),06,DC,DATADOG INC CMN CLASS A,DDOG.O,P,,03/30/2026,"$1,001-$15,000",STOCK/FUND,A,의심,date,65.4
9115726,Ro Khanna (D-CA17),06,,BLOCK INC CMNCLASSA,,P,.,03/30/2026,"$1,001-$15,000",STOCK/FUND,A,의심,date;owner,86.8
9115726,Ro Khanna (D-CA17),06,DC,LAM RESEARCH CORPORATION CMN,,P,,03/30/2026,"$1,001-$15,000",STOCK/FUND,A,의심,date,79.4
9115726,Ro Khanna (D-CA17),06,DC,"DC_|VISAING BERKSHIRE CMN HATHAWAY CLASS A INC, CLASS B",BRKb,P/S/E,|_x _ x,| 03/30/26] 03/30/26},"$1,001-$15,000",STOCK/FUND,A,의심,type;date;notified;name-illegible,50.6
9115726,Ro Khanna (D-CA17),06,DC,CLASSA_ MASTERCARD INCORPORATED CMN,MA,S,x,03/30/2026,"$1,001-$15,000",STOCK/FUND,A,의심,date,79.7
9115726,Ro Khanna (D-CA17),06,DC,ABBVIE INC CMN,,S,x,03/30/2026,"$1,001-$15,000",STOCK/FUND,A,의심,date;name-illegible,55.0
9115726,Ro Khanna (D-CA17),06,DC,CHARLES |CMN SCHWAB CORPORATION,,S,,03/30/2026,"$1,001-$15,000",STOCK/FUND,A,의심,date,83.1
9115726,Ro Khanna (D-CA17),07,,PROVID FULLIRAM NO CHER YIRBOL,,P/S/E,Mwoo/rr,musi |,I/K,STOCK/FUND,IK,의심,amount-multi;type;date;notified;owner;name-illegible,47.6
9115726,Ro Khanna (D-CA17),07,DC,ADOBE INC CMN,,S,03/30/2026,04/02/2026,"$15,001-$50,000",STOCK/FUND,B,확인,,77.8
9115726,Ro Khanna (D-CA17),07,,STRYKER CORPORATION CMN,,S,03/30/2026,04/02/2026,"$15,001-$50,000",STOCK/FUND,B,의심,owner,74.7
9115726,Ro Khanna (D-CA17),07,DC,BOOKING HOLDINGS INC CMIN,,S,03/30/2026,04/02/2026,"$1,001-$15,000",STOCK/FUND,A,확인,,84.8
9115726,Ro Khanna (D-CA17),07,DC,COGNIZANT CORP CLASS A TECHNOLOGY SOLUTIONS,,S,03/30/2026,04/02/2026,"$1,001-$15,000",STOCK/FUND,A,확인,,94.4
9115726,Ro Khanna (D-CA17),07,,3M COMPANY CMN,,S,03/30/2026,04/02/2026,"$1,001-$15,000",STOCK/FUND,A,의심,owner,92.8
9115726,Ro Khanna (D-CA17),08,,FULL AXSET,,P/S/E,Date of Transaction,Gatenonradel Transaction,G/H,STOCK/FUND,GH,의심,amount-multi;type;date;notified;owner,75.5
9115726,Ro Khanna (D-CA17),08,,PROVIDE FULINAM NE DEKER SYMBOL,,P/E,"Am, OO/rY",a myr,I/K,STOCK/FUND,IK,의심,amount-multi;type;date;notified;owner;name-illegible,54.1
9115726,Ro Khanna (D-CA17),08,DC,TRUST |CSX FBO CORPORATION KHANNA CHILDREN CMN,,P/S/E,03/30/2026,04/02/2026,I/K,STOCK/FUND,IK,의심,amount-multi;type,73.4
9115726,Ro Khanna (D-CA17),08,DC,FINTL BUSINESS MACHINES CORP CMN,,S,03/30/2026,04/02/2026,"$1,001-$15,000",STOCK/FUND,A,확인,,86.9
9115726,Ro Khanna (D-CA17),08,DC,CLASSA META PLATFORMS INC CLASS A CMN,META.O,S,03/30/2026,04/02/2026,"$1,001-$15,000",STOCK/FUND,A,확인,,89.1
9115726,Ro Khanna (D-CA17),08,DC,PALANTIAR TECHNOLOGIES INC _CMN,,S,03/30/2026,04/02/2026,"$1,001-$15,000",STOCK/FUND,A,의심,name-illegible,52.6
9115726,Ro Khanna (D-CA17),08,,TAKE INC TWO INTERACTIVE SOFTWARE,,S,03/30/2026,04/02/2026,"$1,001-$15,000",STOCK/FUND,A,의심,owner,64.9
9115726,Ro Khanna (D-CA17),08,DC,NIKE CLASS B CMN CLASS B,,S,03/30/2026,04/02/2026,"$1,001-$15,000",STOCK/FUND,A,의심,name-illegible,44.6
9115726,Ro Khanna (D-CA17),08,DC,METLIFE JNC CMN,,S,_.03/30/261.,04/02/2026,A/C,STOCK/FUND,AC,의심,amount-multi;date,88.6
9115726,Ro Khanna (D-CA17),08,DC,CHIPOTLE MEXICAN GRILL INC CMN,,S,,03/30/26|___04/02/26|,A/I,STOCK/FUND,AI,의심,amount-multi;date;notified,90.4
9115726,Ro Khanna (D-CA17),08,,MEDTRONIC |CMN PUBLIC LIMITED COMPA,,S,03/30/2026,04/02/2026,"$1,001-$15,000",STOCK/FUND,A,의심,owner,84.6
9115726,Ro Khanna (D-CA17),08,DC,EDWARDS {|CMN LIFESCIENCES CORPORAT!,,S,03/30/2026,04/02/2026,"$1,001-$15,000",STOCK/FUND,A,의심,name-illegible,58.8
9115726,Ro Khanna (D-CA17),08,DC,INTERNATIONAL PAPER CO _CMN,,S,03/30/2026,04/02/2026,"$1,001-$15,000",STOCK/FUND,A,의심,name-illegible,49.0
9115726,Ro Khanna (D-CA17),09,,TRUST _|EIMERSON FBO KHANNA ELECTRIC CHILDREN CO CMN,,P/S/E,03/30/2026,04/02/2026,I/K,STOCK/FUND,IK,의심,amount-multi;type;owner,74.8
9115726,Ro Khanna (D-CA17),09,DC,NXP SEMICONDUCTORS NV CMN,,S,03/30/2026,1 04/02/26],"$1,001-$15,000",STOCK/FUND,A,의심,notified;name-illegible,54.0
9115726,Ro Khanna (D-CA17),09,DC,CLASSA ESTEE LAUDER COS INC CL ACMN,,S,03/30/2026,04/02/2026,"$1,001-$15,000",STOCK/FUND,A,확인,,86.0
9115726,Ro Khanna (D-CA17),09,DC,T ROWE PRICE — GROUP INC CMN,,S,03/30/2026,04/02/2026,"$1,001-$15,000",STOCK/FUND,A,확인,,65.8
9115726,Ro Khanna (D-CA17),09,,MSCIINC ~ CMN —,,S,03/30/2026,04/02/2026,A/I,STOCK/FUND,AI,의심,amount-multi;owner;name-illegible,52.9
9115726,Ro Khanna (D-CA17),09,DC,GLOBAL PAYMENTS INC. CMN,,S,,03/30/26|___04/o2/26|_,"$1,001-$15,000",STOCK/FUND,A,의심,date;notified,87.4
9115726,Ro Khanna (D-CA17),09,,ROYAL |LROOO8862868 CARIBBEAN GROUP ISIN,,S,03/30/2026,04/02/2026,"$1,001-$15,000",STOCK/FUND,A,의심,owner,74.6
9115726,Ro Khanna (D-CA17),09,DC,DARDEN RESTAURANTS INC. CMIN,,S,03/30/2026,04/02/2026,"$1,001-$15,000",STOCK/FUND,A,확인,,87.6
9115726,Ro Khanna (D-CA17),09,,FIRSTSOLAR INC CMN,,S,03/30/2026,04/02/2026,"$1,001-$15,000",STOCK/FUND,A,의심,owner,83.6
9115726,Ro Khanna (D-CA17),09,DC,GODADDY INC CMN CLASSA,,P/S,03/30/2026,04/02/2026,"$1,001-$15,000",STOCK/FUND,A,의심,type,76.8
9115726,Ro Khanna (D-CA17),09,,WARNER |CLASSA BROS DISCOVERY INC CMN,,S,03/30/2026,04/02/2026,"$1,001-$15,000",STOCK/FUND,A,의심,owner,84.3
9115726,Ro Khanna (D-CA17),09,DC,MID AMERICA APT CMNTYS INC CMN,,S,03/30/2026,04/02/2026,A/K,STOCK/FUND,AK,의심,amount-multi,82.1
9115726,Ro Khanna (D-CA17),10,,PROVEIEF: AM NO TCKER YMBOL,,P/E,mooiry,Mapper },I/K,STOCK/FUND,IK,의심,amount-multi;type;date;notified;owner;name-illegible,46.1
9115726,Ro Khanna (D-CA17),10,,TRUST |SYNCHRONY FBO KHANNA FINANCIALCMN CHILDREN,,P/S/E,03/30/2026,04/02/2026,I/K,STOCK/FUND,IK,의심,amount-multi;type;owner,74.6
9115726,Ro Khanna (D-CA17),10,,KEURIG DR PEPPER INC CMN,,S/E,03/30/2026,04/02/2026,"$1,001-$15,000",STOCK/FUND,A,의심,type;owner;name-illegible,59.5
9115726,Ro Khanna (D-CA17),10,DC,"WILLIAMS SONOMA, INC CIMN 7",,S,03/30/2026,04/02/2026,"$1,001-$15,000",STOCK/FUND,A,의심,name-illegible,58.2
9115726,Ro Khanna (D-CA17),10,DC,CARRIER GLOBAL CORPORATION CMN,,S,03/30/2026,04/02/2026,"$1,001-$15,000",STOCK/FUND,A,확인,,82.5
9115726,Ro Khanna (D-CA17),10,DC,"DOMINC 5 PIZZA, INC CMN",,S,03/30/2026,_-04/02/26|__x,"$1,001-$15,000",STOCK/FUND,A,의심,notified,71.9
9115726,Ro Khanna (D-CA17),10,DC,PTCINC CMN,,S,03/30/2026,04/02/2026,"$1,001-$15,000",STOCK/FUND,A,확인,,79.7
9115726,Ro Khanna (D-CA17),10,,¢MN OTIS WORLDWIDE CORPORATION,,S,,03/30/26|__.04/02/26|,A/K,STOCK/FUND,AK,의심,amount-multi;date;notified;owner,80.5
9115726,Ro Khanna (D-CA17),10,DC,PULTEGROUP INC CMN,,S,03/30/2026,04/02/2026,A/F,STOCK/FUND,AF,의심,amount-multi,87.2
9115726,Ro Khanna (D-CA17),10,DC,TRADE DESK INC (THE) CMN,,S,03/30/2026,04/02/2026,"$1,001-$15,000",STOCK/FUND,A,확인,,73.6
9115726,Ro Khanna (D-CA17),10,DC,DEXCOM INC CMN,,S,03/30/2026,04/02/2026,A/I,STOCK/FUND,AI,의심,amount-multi,60.9
9115726,Ro Khanna (D-CA17),10,,CMN NORWEGIAN CRUISE LINE HLDG LTD,,S,03/30/2026,04/02/2026,"$1,001-$15,000",STOCK/FUND,A,의심,owner,88.2
9115726,Ro Khanna (D-CA17),10,DC,BXP INC COMMON STOCK,,S,03/30/2026,04/02/2026,"$1,001-$15,000",STOCK/FUND,A,확인,,86.4
9115726,Ro Khanna (D-CA17),10,DC,JAGILENT TECHNOLOGIES INC CMN,,S,03/30/2026,04/02/2026,"$1,001-$15,000",STOCK/FUND,A,확인,,81.1
9115726,Ro Khanna (D-CA17),10,,DR {LKQ CORPORATION HORTON INC CMN CMN,,P/S/E,03/30/2026,ox/a0/2el__oavoz/26 -04/n2/26i1_,A/I/K,STOCK/FUND,AIK,의심,amount-multi;type;notified;owner,82.5
9115726,Ro Khanna (D-CA17),10,,DC_|AUTOZONE INC CMN,,S,03/30/2026,04/02/2026,A/E,STOCK/FUND,AE,의심,amount-multi;owner,72.4
9115726,Ro Khanna (D-CA17),10,DC,CONAGRA BRANDS INC CMN,,S,03/30/2026,04/02/2026,A/G/I,STOCK/FUND,AGI,의심,amount-multi,78.7
9115726,Ro Khanna (D-CA17),10,DC,RESMED INC CMN,,S,03/30/2026,04/02/2026,"$1,001-$15,000",STOCK/FUND,A,확인,,64.7
9115726,Ro Khanna (D-CA17),10,DC,JMOLINA HEALTHCARE INC CMN,,S,03/30/2026,04/02/2026,"$1,001-$15,000",STOCK/FUND,A,확인,,75.6
9115726,Ro Khanna (D-CA17),11,,FELL ASSAT AM,,P/S/E,Date {Transact,Date Transacho Nour ed oF,G/H,STOCK/FUND,GH,의심,amount-multi;type;date;notified;owner;name-illegible,58.2
9115726,Ro Khanna (D-CA17),11,,PROVID FU NEM NOT TCKERSYNBOL,,P/E,MayDOo/rY,MM DO,I/K,STOCK/FUND,IK,의심,amount-multi;type;date;notified;owner;name-illegible,45.8
9115726,Ro Khanna (D-CA17),11,DC,TRUST STERIS |CMN FBO PUBLIC KHANNA LIMITED CHILDREN COMPANY _ ——,,P/S/E,03/30/2026,04/02/2026,I/K,STOCK/FUND,IK,의심,amount-multi;type,78.7
9115726,Ro Khanna (D-CA17),11,DC,JCOSTAR GROUP INC. CMN,,S,03/30/2026,04/02/2026,"$1,001-$15,000",STOCK/FUND,A,확인,,81.0
9115726,Ro Khanna (D-CA17),11,DC,CARNIVAL CORPORATION CIMN,,S,03/30/2026,04/02/2026,"$1,001-$15,000",STOCK/FUND,A,확인,,81.6
9115726,Ro Khanna (D-CA17),11,DC,THE HERSHEY COMPANY = CMN,,S,03/30/2026,04/02/2026,"$1,001-$15,000",STOCK/FUND,A,확인,,89.0
9115726,Ro Khanna (D-CA17),11,DC,BAXTER INTERNATIONAL INC_CMN,,S,03/30/2026,04/02/2026,A/K,STOCK/FUND,AK,의심,amount-multi,72.7
9115726,Ro Khanna (D-CA17),11,DC,CRH PUBLIC LIMITED COMPANY CMN,,S,03/30/2026,04/02/2026,A/F,STOCK/FUND,AF,의심,amount-multi,83.0
9115726,Ro Khanna (D-CA17),11,,ZEBRA |A TECHNOLOGIES INC CMN CLASS,,S,03/30/2026,04/02/2026,A/I/K,STOCK/FUND,AIK,의심,amount-multi;owner,76.3
9115726,Ro Khanna (D-CA17),11,DC,MICROCHIP |CMN TECHNOLOGY _ — __ INCORPORA,,S,03/30/2026,04/02/2026,A/I,STOCK/FUND,AI,의심,amount-multi,74.1
9115726,Ro Khanna (D-CA17),11,,UNITED AIRLINES HOLDINGS INCCMN,,S,03/30/2026,04/02/2026,"$1,001-$15,000",STOCK/FUND,A,의심,owner,67.0
9115726,Ro Khanna (D-CA17),11,DC,GENERAL MILLS INC CMN,,S,03/30/2026,04/02/2026,"$1,001-$15,000",STOCK/FUND,A,확인,,88.7
9115726,Ro Khanna (D-CA17),11,DC,MCCORMICK [CMNCLASSN & CONON VTGSHRS ~,,S,03/30/2026,04/02/2026,"$1,001-$15,000",STOCK/FUND,A,확인,,70.1
9115726,Ro Khanna (D-CA17),11,DC,J|STOCK MOHAWK INDUSTRIES INCCOMMON,,S,~ 03/30/26 7,04/02/2026,"$1,001-$15,000",STOCK/FUND,A,의심,date,75.1
9115726,Ro Khanna (D-CA17),11,DC,ELEVANCE HEALTH {NC CMN,,S,03/30/2026,04/02/2026,"$1,001-$15,000",STOCK/FUND,A,확인,,76.1
9115726,Ro Khanna (D-CA17),11,DC,BUILDERS FIRSTSOURCE INC_CMN,,S,03/30/2026,04/02/2026,"$1,001-$15,000",STOCK/FUND,A,확인,,71.3
9115726,Ro Khanna (D-CA17),11,,DIGITAL INC CMN,,S,03/30/2026,04/02/2026,A/H/I/J,STOCK/FUND,AHIJ,의심,amount-multi;owner,74.9
9115726,Ro Khanna (D-CA17),12,,FULL ARTET AME,,P/S/E,Date fire ctio,Tat Tra WT ttesar oct,G/H,STOCK/FUND,GH,의심,amount-multi;type;date;notified;owner,70.0
9115726,Ro Khanna (D-CA17),12,,PRO TD FULLNAME —TEKER SYMBOL,,P/E,| pavpnyy,! | mayppyer,I/K,STOCK/FUND,IK,의심,amount-multi;type;date;notified;owner;name-illegible,54.7
9115726,Ro Khanna (D-CA17),12,,SP_{INDEX BOFA DECLARATION FINANCE OF LLC TRUST LINKED TO S&P 500,,P/E,I|_03/12/26|__04/02/26,,I/K,STOCK/FUND,IK,의심,amount-multi;type;date;notified;owner,89.0
9115726,Ro Khanna (D-CA17),12,SP,BANK OF AMERICA CORP CMN = 7,,P,03/10/2026,04/02/2026,B/G,STOCK/FUND,BG,의심,amount-multi,77.2
9115726,Ro Khanna (D-CA17),12,SP,CLASSA MASTERCARD INCORPORATED CMN,MA,P,03/10/2026,04/02/2026,"$15,001-$50,000",STOCK/FUND,B,확인,,85.5
9115726,Ro Khanna (D-CA17),12,SP,VISAINC CMN CLASSA,V,P,03/10/2026,04/02/2026,"$15,001-$50,000",STOCK/FUND,B,의심,name-illegible,48.3
9115726,Ro Khanna (D-CA17),12,SP,COCA COLA COMPANY {THE} CMN,,P/E,03/10/2026,04/02/2026,"$15,001-$50,000",STOCK/FUND,B,의심,type,60.4
9115726,Ro Khanna (D-CA17),12,SP,MC DONALDS CORP CMN,,P,03/10/2026,04/02/2026,B/I,STOCK/FUND,BI,의심,amount-multi,76.3
9115726,Ro Khanna (D-CA17),12,SP,IMERCK&CO INC CMN,,P,03/10/2026,04/02/2026,"$15,001-$50,000",STOCK/FUND,B,확인,,71.3
9115726,Ro Khanna (D-CA17),12,SP,PHILIP MORRIS INTLINCCMN,,P,03/10/2026,04/02/2026,"$15,001-$50,000",STOCK/FUND,B,확인,,71.0
9115726,Ro Khanna (D-CA17),12,SP,LOWES COMPANIES INC CIMN,,P,03/10/2026,04/02/2026,B/I,STOCK/FUND,BI,의심,amount-multi,84.1
9115726,Ro Khanna (D-CA17),12,SP,APPLIED MATERIALS INC CMN,,P/E,03/10/2026,04/02/2026,B/C,STOCK/FUND,BC,의심,amount-multi;type,72.1
9115726,Ro Khanna (D-CA17),12,SP,JLINDE PLC CMN,,P,03/10/2026,04/02/2026,"$15,001-$50,000",STOCK/FUND,B,확인,,64.0
9115726,Ro Khanna (D-CA17),12,SP,CMN UNITEDHEALTH GROUP INCORPORATE,,P,03/10/2026,04/02/2026,"$15,001-$50,000",STOCK/FUND,B,확인,,85.5
9115726,Ro Khanna (D-CA17),12,SP,NVIDIA CORPORATION CMN,NVDA.O,P,03/10/2026,04/02/2026,"$1,001-$15,000",STOCK/FUND,A,확인,,78.5
9115726,Ro Khanna (D-CA17),12,SP,ABBOTT LABORATORIES SS CMN,,P,03/10/2026,04/02/2026,"$1,001-$15,000",STOCK/FUND,A,확인,,78.3
9115726,Ro Khanna (D-CA17),12,SP,SALESFORCE INC CMN,CRM,P,03/10/2026,04/02/2026,"$1,001-$15,000",STOCK/FUND,A,확인,,81.1
9115726,Ro Khanna (D-CA17),12,SP,ARTHUR J GALLAGHER & CO CMN—,,P/S,03/10/2026,04/02/2026,"$1,001-$15,000",STOCK/FUND,A,의심,type,79.1
9115726,Ro Khanna (D-CA17),12,,COMMON UNITED PARCEL STOCK SERVICE INC. CLASS B,,P,03/10/2026,04/02/2026,"$1,001-$15,000",STOCK/FUND,A,의심,owner,90.9
9115726,Ro Khanna (D-CA17),12,SP,GARMIN LTD CMN,,P,03/10/2026,04/02/2026,"$1,001-$15,000",STOCK/FUND,A,확인,,72.3
9115726,Ro Khanna (D-CA17),13,,FULL AS ETN ME,,P/S/E,,Date of rantartion|,A/H,STOCK/FUND,AH,의심,amount-multi;type;date;notified;owner;name-illegible,39.1
9115726,Ro Khanna (D-CA17),13,,PROADS FULLNAM NA RICHER PRERBOL,,P/E,Transaction Parttot,Pied =—_—=—,A/C/I/K,STOCK/FUND,ACIK,의심,amount-multi;type;date;notified;owner;name-illegible,41.0
9115726,Ro Khanna (D-CA17),13,,ORACLE DECLARATION CORPORATIONCMN OF TRUST,ORCL.K,P/E,,03/10/2026,A/C/I/K,STOCK/FUND,ACIK,의심,amount-multi;type;date;owner,72.6
9115726,Ro Khanna (D-CA17),13,SP,DANAHER CORPORATION CMN,,P,,03/10/2026,"$1,001-$15,000",STOCK/FUND,A,의심,date,77.3
9115726,Ro Khanna (D-CA17),13,SP,NIKE CLASS ~ 8 CMN CLASS B,,P,_ ees,03/10/2026,"$1,001-$15,000",STOCK/FUND,A,의심,date,74.1
9115726,Ro Khanna (D-CA17),13,SP,CMN CHARLES SCHWAB CORPORATION,,P,,03/10/2026,"$1,001-$15,000",STOCK/FUND,A,의심,date,89.6
9115726,Ro Khanna (D-CA17),13,SP,ALEXANDRIA {INC REAL ESTATE EQUITIES,,P,,03/10/2026,"$1,001-$15,000",STOCK/FUND,A,의심,date,94.0
9115726,Ro Khanna (D-CA17),13,SP,AMCOR PLC CMN,,P,,03/10/2026,"$1,001-$15,000",STOCK/FUND,A,의심,date,83.2
9115726,Ro Khanna (D-CA17),13,SP,APOLLO {CMNCLASSA GLOBAL MANAGEMENT INC,,P,—— _,03/10/2026,"$1,001-$15,000",STOCK/FUND,A,의심,date,91.2
9115726,Ro Khanna (D-CA17),13,SP,AGILENT TECHNOLOGIES INC_CMN,,P,,03/10/2026,"$1,001-$15,000",STOCK/FUND,A,의심,date,72.6
9115726,Ro Khanna (D-CA17),13,SP,METLIFE INC CMN,,P,,03/10/2026,"$1,001-$15,000",STOCK/FUND,A,의심,date,83.1
9115726,Ro Khanna (D-CA17),13,SP,TRACTOR SUPPLY COMPANY CMN,,P,,03/10/2026,"$1,001-$15,000",STOCK/FUND,A,의심,date,79.0
9115726,Ro Khanna (D-CA17),13,SP,\PAYPAL HOLDINGS INC CMIN,,P,,03/10/2026,"$1,001-$15,000",STOCK/FUND,A,의심,date;name-illegible,48.4
9115726,Ro Khanna (D-CA17),14,,F WASSE NAM ~ = —,,P/S/E,Ba of Transactio,Dien Transact ited F,G/H/I/K,STOCK/FUND,GHIK,의심,amount-multi;type;date;notified;owner;name-illegible,34.0
9115726,Ro Khanna (D-CA17),14,,PROVD FULL M OT CK SFRBOL,,P/E,AtYDONY —,| __MM/DoO/y,I/K,STOCK/FUND,IK,의심,amount-multi;type;date;notified;owner,67.3
9115726,Ro Khanna (D-CA17),14,,KKR&CO DECLARATION INC OF CMN TRUST —,,P/E,03/10/2026,04/02/2026,I/K,STOCK/FUND,IK,의심,amount-multi;type;owner,81.1
9115726,Ro Khanna (D-CA17),14,,AIRBN& }FISERV INC INC CMN CMN CLASS A,,P,03/10/26! 03/10/26!,04/02/26 04/02/26],A/I/K,STOCK/FUND,AIK,의심,amount-multi;date;notified;owner,70.3
9115726,Ro Khanna (D-CA17),14,SP,QVLA HOLDINGS INC CMN,,P,03/10/2026,04/02/2026,"$1,001-$15,000",STOCK/FUND,A,확인,,78.6
9115726,Ro Khanna (D-CA17),14,,BUSINESS MACHINES CORPCMN,,P,03/10/2026,04/02/2026,A/J,STOCK/FUND,AJ,의심,amount-multi;owner;name-illegible,44.1
9115726,Ro Khanna (D-CA17),14,SP,PROLOGIS INC CMN,,P,03/10/2026,04/02/2026,"$1,001-$15,000",STOCK/FUND,A,확인,,79.1
9115726,Ro Khanna (D-CA17),14,,"DOW {BLOCK,INC INC ————= CMN CMNCLASSA",,P,03/10/2026,03/10/261.__04/02/26 04/02/26,A/B/H/I/K,STOCK/FUND,ABHIK,의심,amount-multi;notified;owner,68.2
9115726,Ro Khanna (D-CA17),14,SP,I|TESLA INC CMN,TSLA.O,P,03/10/2026,04/02/2026,"$1,001-$15,000",STOCK/FUND,A,의심,name-illegible,40.4
9115726,Ro Khanna (D-CA17),14,SP,ALBERTSONS |CLASSA _ COMPANIES ~ — INC CMN,,P,03/10/2026,04/02/2026,"$1,001-$15,000",STOCK/FUND,A,확인,,81.8
9115726,Ro Khanna (D-CA17),14,SP,GENIUS SPORTS LTD CMN,,P,03/09/2026,04/02/2026,A/B,STOCK/FUND,AB,의심,amount-multi,77.6
9115726,Ro Khanna (D-CA17),14,,SP__|CLASSA ALBERTSONS COMPANIES INC. CMN,,P,03/04/2026,04/02/2026,"$1,001-$15,000",STOCK/FUND,A,의심,owner,77.8
9115726,Ro Khanna (D-CA17),15,,= FULLASSE NAME —_ —,,P/S/E,es ofTrans ctlo,i | Date Transactlo __ todof,G/H/I/K,STOCK/FUND,GHIK,의심,amount-multi;type;date;notified;owner;name-illegible,58.5
9115726,Ro Khanna (D-CA17),15,,"? ONDE FULLNAME, OT TAKER SYMBOL",,P/E,MM/DD/YY,MafDO/V,I/K,STOCK/FUND,IK,의심,amount-multi;type;date;notified;owner;name-illegible,59.0
9115726,Ro Khanna (D-CA17),16,,~ =,,E,,,B/D/E/F,STOCK/FUND,BDEF,의심,amount-multi;date;notified;owner,63.4
9115726,Ro Khanna (D-CA17),16,,DEFUINAME NETT HERRYMPOT,,P/E,,i,I/K,STOCK/FUND,IK,의심,amount-multi;type;date;notified;owner;name-illegible,13.0
9115726,Ro Khanna (D-CA17),16,,PRINCIPAL |CMN DECLARATION FINANCIAL OF TRUST GROUP INC,,P/S/E,03/10/2026,04/02/2026,I/K,STOCK/FUND,IK,의심,amount-multi;type;owner,80.2
9115726,Ro Khanna (D-CA17),16,SP,CARVANACO CMN CLASS A,,S,03/10/2026,04/02/2026,"$1,001-$15,000",STOCK/FUND,A,확인,,64.2
9115726,Ro Khanna (D-CA17),16,SP,AMERICAN EXPRESS CO CMN,,S,03/10/2026,04/02/2026,A/I,STOCK/FUND,AI,의심,amount-multi,72.3
9115726,Ro Khanna (D-CA17),16,SP,MICRON TECHNOLOGY INC CMN,MU.O,S,03/12/2026,04/02/2026,A/E,STOCK/FUND,AE,의심,amount-multi,81.6
9115726,Ro Khanna (D-CA17),17,,FULLFSSETMAME =,,P/E,Date of Tramsattio,B&F fransaction,G/H,STOCK/FUND,GH,의심,amount-multi;type;date;notified;owner,69.3
9115726,Ro Khanna (D-CA17),17,,COOPER DECLARATION COS INC/THE OF TRUST CMN,,P/S/E,03/10/2026,04/02/2026,I/K,STOCK/FUND,IK,의심,amount-multi;type;owner,84.3
9115726,Ro Khanna (D-CA17),17,SP,ARCHCAPITALGROUPLTD ~~ CMN,,S,03/10/2026,04/02/2026,"$1,001-$15,000",STOCK/FUND,A,의심,name-illegible,47.0
9115726,Ro Khanna (D-CA17),17,,MONOLITHIC POWER SYSTEMS. INC,,S,03/10/2026,04/02/2026,A/I,STOCK/FUND,AI,의심,amount-multi;owner,72.1
9115726,Ro Khanna (D-CA17),17,SP,FRANKLIN RESOURCES INC CMN,,S,03/10/2026,04/02/2026,"$1,001-$15,000",STOCK/FUND,A,확인,,70.1
9115726,Ro Khanna (D-CA17),17,SP,INCYTE CORPORATION CMN,,S,03/10/2026,04/02/2026,A/D,STOCK/FUND,AD,의심,amount-multi,76.7
9115726,Ro Khanna (D-CA17),18,,PROVID FULL AM NO CH SYMBOL,,P/E,Fransoxtion Postial,Muyooyry |,A/D/I/K,STOCK/FUND,ADIK,의심,amount-multi;type;date;notified;owner,73.7
9115726,Ro Khanna (D-CA17),18,,SP__|WILLIAMS DECLARATION SONOMA OF TRUST INC CMN,,P/S/E,,03/10/2026,A/D/I/K,STOCK/FUND,ADIK,의심,amount-multi;type;date;owner,79.7
9115726,Ro Khanna (D-CA17),18,SP,SP__|UNITED _|AIR PRODUCTS AIRLINES & CHEMICALSINCCMN| HOLDINGS INC CMN,,P/S/E,=,03/10/26{ 03/10/26] =T,"$1,001-$15,000",STOCK/FUND,A,의심,type;date;notified,81.3
9115726,Ro Khanna (D-CA17),19,,FULL ATSET NARN,,P/S/E,Date fIransactlo,O Tr tON nsactlo thed of,E/G/H/I/K,STOCK/FUND,EGHIK,의심,amount-multi;type;date;notified;owner,68.1
9115726,Ro Khanna (D-CA17),19,,HOT TICKER YRBOT,,P/E,,,I/K,STOCK/FUND,IK,의심,amount-multi;type;date;notified;owner;name-illegible,50.2
9115726,Ro Khanna (D-CA17),19,SP,SALESFORCE INC CMN,CRM,P,03/23/2026,04/02/2026,"$15,001-$50,000",STOCK/FUND,B,확인,,84.5
9115726,Ro Khanna (D-CA17),19,,S&PGLOBALINC CMN _—,,P,03/23/2026,04/02/2026,"$15,001-$50,000",STOCK/FUND,B,의심,owner;name-illegible,18.1
9115726,Ro Khanna (D-CA17),20,,FOLASSE NME —,,P/S/E,DO tact = ase jon,-_-— masa,G/H/I/K,STOCK/FUND,GHIK,의심,amount-multi;type;date;notified;owner;name-illegible,28.4
9115726,Ro Khanna (D-CA17),20,SP,AUTOZONE INC CMN,,P,03/23/2026,04/02/2026,A/D,STOCK/FUND,AD,의심,amount-multi,82.4
9115726,Ro Khanna (D-CA17),20,SP,COCA _3CMN COLA EUROPEAN PARTNERS PL,,P,03/13/2026,04/02/2026,A/C,STOCK/FUND,AC,의심,amount-multi,82.9
9115726,Ro Khanna (D-CA17),21,,PROVID FULL M THER YERBOL,,P/E,| aavonyyy,stony,I/K,STOCK/FUND,IK,의심,amount-multi;type;date;notified;owner;name-illegible,45.4
9115726,Ro Khanna (D-CA17),21,,GARTNER 1994 TRUST INC CMN _ —~ 4H,,P/E,63/23/26},04/02/2026,I/K,STOCK/FUND,IK,의심,amount-multi;type;date;owner;name-illegible,58.1
9115726,Ro Khanna (D-CA17),21,SP,WELLS FARGO & COMPANY CIN,,P,03/23/2026,04/02/2026,"$1,001-$15,000",STOCK/FUND,A,확인,,78.9
9115726,Ro Khanna (D-CA17),21,SP,WASTE MANAGEMENT INC EEE CMN,,P,03/23/2026,04/02/2026,A/E,STOCK/FUND,AE,의심,amount-multi,70.6
9115726,Ro Khanna (D-CA17),22,,"ROVID FULLNAME, OT EKE SYMBOL",,P/E,| Matonyer,mafoprry,I/K,STOCK/FUND,IK,의심,amount-multi;type;date;notified;owner,74.5
9115726,Ro Khanna (D-CA17),22,SP,JESSEX PROPERTY TRUSTINCCMN,,P,03/23/2026,04/02/2026,"$1,001-$15,000",STOCK/FUND,A,의심,name-illegible,59.6
9115726,Ro Khanna (D-CA17),23,,"I PROD FULLNAME, —_CHERSYMBOL",,P/E,| MAYDDYY,teA7OO fe,I/K,STOCK/FUND,IK,의심,amount-multi;type;date;notified;owner;name-illegible,51.2
9115726,Ro Khanna (D-CA17),23,,VERISIGN 1994 TRUST INC CMN,,P/E,03/23/2026,04/02/2026,I/K,STOCK/FUND,IK,의심,amount-multi;type;owner,84.9
9115726,Ro Khanna (D-CA17),23,SP,AMERIPRISE FINANCIAL INC. CMN,,P,03/23/2026,04/02/2026,"$1,001-$15,000",STOCK/FUND,A,확인,,78.6
9115726,Ro Khanna (D-CA17),23,SP,NOVC-NORDISK A/S AOR ADR CMN,,P,03/13/2026,04/02/2026,"$1,001-$15,000",STOCK/FUND,A,확인,,86.1
9115726,Ro Khanna (D-CA17),23,SP,TJX COMPANIES INC (NEW) CMN,,P,03/23/2026,04/02/2026,"$1,001-$15,000",STOCK/FUND,A,확인,,90.2
9115726,Ro Khanna (D-CA17),23,SP,BECTON |CMN DICKINSON AND = COMPANY,,P,03/23/2026,04/02/2026,"$1,001-$15,000",STOCK/FUND,A,확인,,75.7
9115726,Ro Khanna (D-CA17),23,SP,MC DONALDS CORP CMN,,P,03/23/2026,04/02/2026,"$1,001-$15,000",STOCK/FUND,A,확인,,86.8
9115726,Ro Khanna (D-CA17),23,SP,INTELCORPORATION CMN,,P,03/23/2026,04/02/2026,"$1,001-$15,000",STOCK/FUND,A,의심,name-illegible,49.8
9115726,Ro Khanna (D-CA17),23,SP,LAMB WESTON HOLDINGS INC CMN,,P,03/23/2026,04/02/2026,"$1,001-$15,000",STOCK/FUND,A,확인,,88.6
9115726,Ro Khanna (D-CA17),24,,FU ASSE NAME,,P/S/E,Dat {Trans th,Transzctio,G/H,STOCK/FUND,GH,의심,amount-multi;type;date;notified;owner;name-illegible,56.8
9115726,Ro Khanna (D-CA17),24,,PROVID FILL NE OTTICKER SYMBOL,,P/E,‘|,wynary,I/K,STOCK/FUND,IK,의심,amount-multi;type;date;notified;owner;name-illegible,49.8
9115726,Ro Khanna (D-CA17),24,,SP__|GENUINE AHUJA 1994 TRUST PARTS CO _CMN,,P/E,03/23/2026,04/02/2026,I/K,STOCK/FUND,IK,의심,amount-multi;type;owner,72.0
9115726,Ro Khanna (D-CA17),24,SP,HEALTHPEAK PROPERTIES INC — CMN,,P,03/23/2026,04/02/2026,"$1,001-$15,000",STOCK/FUND,A,확인,,71.1
9115726,Ro Khanna (D-CA17),24,SP,CARVANA CO CMNCLASSA,,P,| | 03/23/26| 1,04/02/2026,"$1,001-$15,000",STOCK/FUND,A,의심,date,67.8
9115726,Ro Khanna (D-CA17),24,SP,TRADE DESK INC (THE) CMN,,P,03/23/2026,04/02/2026,A/G,STOCK/FUND,AG,의심,amount-multi,82.2
9115726,Ro Khanna (D-CA17),24,,SP__|MOSAIC COMPANY (THE) CMIN,,P,03/23/2026,04/02/2026,"$1,001-$15,000",STOCK/FUND,A,의심,owner,80.9
9115726,Ro Khanna (D-CA17),24,SP,THE KRAFT HEINZ CO CMIN,,P,03/23/2026,04/02/2026,"$1,001-$15,000",STOCK/FUND,A,확인,,74.3
9115726,Ro Khanna (D-CA17),24,SP,CORPAY INC CMN,,P,03/23/2026,04/02/2026,"$1,001-$15,000",STOCK/FUND,A,확인,,77.7
9115726,Ro Khanna (D-CA17),24,SP,ROLLINSINC REGOFF SCTASKO796638,,P,03/23/2026,04/02/2026,"$1,001-$15,000",STOCK/FUND,A,확인,,80.0
9115726,Ro Khanna (D-CA17),24,SP,AIR PRODUCTS & CHEMICALS INCCMN,,P,,1__03/23/26|__04/02/26|,"$1,001-$15,000",STOCK/FUND,A,의심,date;notified;name-illegible,59.0
9115726,Ro Khanna (D-CA17),24,SP,'|MSCIINC CMN,,P,03/23/2026,04/02/2026,A/D,STOCK/FUND,AD,의심,amount-multi,77.1
9115726,Ro Khanna (D-CA17),24,SP,ECOLABINC CMN,,P,03/23/2026,04/02/2026,"$1,001-$15,000",STOCK/FUND,A,확인,,64.5
9115726,Ro Khanna (D-CA17),24,SP,VERTEX {CMN PHARMACEUTICALS INCORPO,,P,03/23/2026,04/02/2026,"$1,001-$15,000",STOCK/FUND,A,확인,,80.3
9115726,Ro Khanna (D-CA17),24,,SP__|03/31/2026 PUT/XSP @ 655 EXP,,P,,_}!_03/30/26)__04/02/26]_x_|,"$1,001-$15,000",OPTION,A,의심,date;notified;owner,79.7
9115726,Ro Khanna (D-CA17),24,SP,03/13/2026 CALL/SHEL FLEX EURO PM 76 EXP,,P,03/13/2026,04/02/2026,A/C/F/I,OPTION,ACFI,의심,amount-multi,81.1
9115726,Ro Khanna (D-CA17),24,SP,CALL/TTE [03/13/2026 FLEX ___ EURO PM @ 69 — EXP,,P,03/13/2026,04/02/2026,A/I,OPTION,AI,의심,amount-multi,77.3
9115726,Ro Khanna (D-CA17),25,,PROVID FULL OME NOTHCKE SYMBOL,,P/E,rtd,MYDD,I/K,STOCK/FUND,IK,의심,amount-multi;type;date;notified;owner;name-illegible,58.8
9115726,Ro Khanna (D-CA17),25,,03/20/2026 PUT/XSP 1994 TRUST @ 660 EXP,,P/E,03/19/2026,04/02/2026,I/K,OPTION,IK,의심,amount-multi;type;owner,85.4
9115726,Ro Khanna (D-CA17),25,SP,SP__|03/13/2026 {03/13/2026 CALL/CCEP CALL/NGG FLEX FLEX EURO EURO PM PM - 94 @ 8S EXP EXP,,P,03/13/26| 03/13/26|,04/02/26] 04/02/26!,A/F/G/H/I/K,OPTION,AFGHIK,의심,amount-multi;date;notified,76.3
9115726,Ro Khanna (D-CA17),25,SP,06/30/2026 PUT/XSP @ 610 EXP,,S,03/30/2026,04/02/2026,"$1,001-$15,000",OPTION,A,확인,,85.8
9115726,Ro Khanna (D-CA17),25,,1|06/18/2026 |05/29/2026 PUT/XSP PUT/XSP __ @ @ _ 610 625 EXP EXP,,P/S/E,03/19/26} 03/06/26},04/02/26] _04/02/26|__x -,A/I/K,OPTION,AIK,의심,amount-multi;type;date;notified;owner,66.6
9115726,Ro Khanna (D-CA17),25,SP,VISAINC CMN CLASSA,V,S,03/23/2026,04/02/2026,"$15,001-$50,000",STOCK/FUND,B,확인,,60.1
9115726,Ro Khanna (D-CA17),25,,MASTERCARD |CLASSA |INTL —_ BUSINESS INCORPORATED MACHINES CORP CMN CMN,MA,P/S,03/23/26) 03/23/26!,_ 04/02/26 04/02/26,B/H/I/K,STOCK/FUND,BHIK,의심,amount-multi;type;date;notified;owner,77.0
9115726,Ro Khanna (D-CA17),25,SP,ORACLE CORPORATION CMN,ORCL.K,S,03/23/2026,04/02/2026,"$15,001-$50,000",STOCK/FUND,B,확인,,72.0
9115726,Ro Khanna (D-CA17),25,SP,STOCK BOSTON SCIENTIFIC CORP COMMON,,S,03/23/2026,04/02/2026,"$15,001-$50,000",STOCK/FUND,B,확인,,85.5
9115726,Ro Khanna (D-CA17),25,SP,ADOBE INC CMN,,S,03/23/2026,04/02/2024,B/E,STOCK/FUND,BE,의심,amount-multi,70.9
9115726,Ro Khanna (D-CA17),26,,PROT FULLNAME POPRCIESSYMOOL,,P/E,MEAIDOYY ~~),MMDOAYY,I/K,STOCK/FUND,IK,의심,amount-multi;type;date;notified;owner;name-illegible,32.5
9115726,Ro Khanna (D-CA17),26,,STRYKER 1994 TRUST CORPORATION C©MN,,P/S/E,03/23/2026,04/02/2026,I/K,STOCK/FUND,IK,의심,amount-multi;type;owner,79.4
9115726,Ro Khanna (D-CA17),26,SP,"PAYCHEX, — INC CMN OO",,S,03/23/2026,04/02/2026,"$15,001-$50,000",STOCK/FUND,B,확인,,63.9
9115726,Ro Khanna (D-CA17),26,SP,LOWES COMPANIES INC CMN,,S,03/23/2026,04/02/2026,"$15,001-$50,000",STOCK/FUND,B,확인,,83.2
9115726,Ro Khanna (D-CA17),26,SP,SP__|UDRINC JOREILLY CMN A AUTOMOTIVE INC. CMN,,P/S/E,03/23/26| 03/23/26 —,"_ 04/02/26]! 04/02/26}, ——",B/G/I/K,STOCK/FUND,BGIK,의심,amount-multi;type;date;notified,60.8
9115726,Ro Khanna (D-CA17),26,SP,MID-AMERICA APT CMNTYS INC CMN,,S,03/23/2026,04/02/2026,"$15,001-$50,000",STOCK/FUND,B,확인,,80.1
9115726,Ro Khanna (D-CA17),26,SP,WESTERN DIGITAL CORPORATION CMN,WDC.O,S,03/23/2026,04/02/2026,"$1,001-$15,000",STOCK/FUND,A,확인,,68.4
9115726,Ro Khanna (D-CA17),26,SP,BANK OF AMERICA CORP CMN,,S,03/23/2026,04/02/2026,A/I/K,STOCK/FUND,AIK,의심,amount-multi,86.6
9115726,Ro Khanna (D-CA17),26,,CORP CMN,,S,03/23/2026,04/02/2026,"$1,001-$15,000",STOCK/FUND,A,의심,owner,88.6
9115726,Ro Khanna (D-CA17),26,SP,LULULEMON ATHLETICA INC. CMIN,,S,03/23/2026,04/02/2026,"$1,001-$15,000",STOCK/FUND,A,확인,,69.2
9115726,Ro Khanna (D-CA17),26,SP,PHILIP MORRIS INTL INC CMN,,S,03/23/2026,04/02/2026,"$1,001-$15,000",STOCK/FUND,A,확인,,73.0
9115726,Ro Khanna (D-CA17),27,,FULL AS ET NAME,,P/S/E,Daf sansaction),=T TW ites ass 1 T,G/H,STOCK/FUND,GH,의심,amount-multi;type;date;notified;owner;name-illegible,49.1
9115726,Ro Khanna (D-CA17),27,,PROWD FULLNAME —OCKERSYMBA. = =,,P/E,woo = _|_,moor,I/K,STOCK/FUND,IK,의심,amount-multi;type;date;notified;owner;name-illegible,50.3
9115726,Ro Khanna (D-CA17),27,,AT&TINC 1994 TRUST CMN,,P/S/E,03/23/2026,04/02/2026,I/K,STOCK/FUND,IK,의심,amount-multi;type;owner,77.6
9115726,Ro Khanna (D-CA17),27,SP,THE PROGRESSIVE CORPORATION __ CMN,,S,03/23/2026,04/02/2026,"$1,001-$15,000",STOCK/FUND,A,확인,,73.9
9115726,Ro Khanna (D-CA17),27,,SP__|MCKESSON CORPORATION CMN,,S,03/23/2026,04/02/2026,"$1,001-$15,000",STOCK/FUND,A,의심,owner,69.1
9115726,Ro Khanna (D-CA17),27,SP,FORTINET INC CMN,FTNT.O,S,03/23/2026,04/02/2026,"$1,001-$15,000",STOCK/FUND,A,확인,,75.5
9115726,Ro Khanna (D-CA17),27,SP,METLIFE INC CMN,,S,03/23/2026,04/02/2026,"$1,001-$15,000",STOCK/FUND,A,확인,,69.1
9115726,Ro Khanna (D-CA17),27,SP,PUBLIC STORAGE CMN =,,S,03/23/2026,04/02/2026,"$1,001-$15,000",STOCK/FUND,A,의심,name-illegible,59.0
9115726,Ro Khanna (D-CA17),27,SP,CMN MONSTER BEVERAGE CORPORATION,,S,03/23/2026,04/02/2026,"$1,001-$15,000",STOCK/FUND,A,확인,,91.5
9115726,Ro Khanna (D-CA17),27,SP,ADRCMN KONINKLUKE AHOLD _ NV SPONSORED,,S,03/13/2026,04/02/2026,"$1,001-$15,000",STOCK/FUND,A,확인,,73.7
9115726,Ro Khanna (D-CA17),27,SP,TRACTOR SUPPLY COMPANY - CMIN,,S,03/23/2026,04/02/2026,"$1,001-$15,000",STOCK/FUND,A,의심,name-illegible,56.1
9115726,Ro Khanna (D-CA17),27,SP,DOORDASH INC CMN CLASS A,,S,03/23/2026,04/02/2026,A/I/J,STOCK/FUND,AIJ,의심,amount-multi,84.7
9115726,Ro Khanna (D-CA17),27,SP,ERIE {CLASSA INDEMNITY COMPANY CL A _ CMN,,S,03/23/2026,04/02/2026,A/H,STOCK/FUND,AH,의심,amount-multi,80.1
9115726,Ro Khanna (D-CA17),27,SP,STARBUCKS CORP CIMN,,S,03/23/2026,04/02/2026,A/I/J,STOCK/FUND,AIJ,의심,amount-multi;name-illegible,53.9
9115726,Ro Khanna (D-CA17),27,SP,EQUITY RESIDENTIAL CMN,,S,03/23/2026,04/02/2026,"$1,001-$15,000",STOCK/FUND,A,확인,,65.0
9115726,Ro Khanna (D-CA17),27,SP,CHARTER |CMN COMMUNICATIONS INC,,S,03/23/2026,04/02/2026,A/C/J,STOCK/FUND,ACJ,의심,amount-multi,80.8
9115726,Ro Khanna (D-CA17),27,SP,CINTAS CORPORATION CMN,,S,| 93/23/26!,04/02/2026,A/C/D,STOCK/FUND,ACD,의심,amount-multi;date,74.8
9115726,Ro Khanna (D-CA17),28,,FULL SET AME,,P/S/E,Doete of fra sactisn],Gate © Transattlo Note Tor,G/H,STOCK/FUND,GH,의심,amount-multi;type;date;notified;owner,79.6
9115726,Ro Khanna (D-CA17),28,,— _ OO,,E,,—_,C/E/G/H/I,STOCK/FUND,CEGHI,의심,amount-multi;date;notified;owner;name-illegible,53.0
9115726,Ro Khanna (D-CA17),28,,PROVID FUD NAM SEKER SYMB 4,,P/S/E,waypory {|,esooy,I/K,STOCK/FUND,IK,의심,amount-multi;type;date;notified;owner;name-illegible,53.7
9115726,Ro Khanna (D-CA17),28,SP,ABB LTD SPONSORED ADR CMN,,S,,03/13/26|__04/02/26},A/I,STOCK/FUND,AI,의심,amount-multi;date;notified,78.9
9115726,Ro Khanna (D-CA17),28,SP,NIKE CLASS B CMN CLASS B,,S,03/23/2026,04/02/2026,"$1,001-$15,000",STOCK/FUND,A,확인,,76.2
9115726,Ro Khanna (D-CA17),28,SP,JOHNSON |CMN CONTROLS INTERNATIONAL,,S,03/23/2026,04/02/2026,"$1,001-$15,000",STOCK/FUND,A,확인,,74.1
9115726,Ro Khanna (D-CA17),29,,"PRO D FULL .OME, NOT TUCKER SYMBOL",,P/E,| uaypony,mwyonprr__},I/K,STOCK/FUND,IK,의심,amount-multi;type;date;notified;owner,65.5
9115726,Ro Khanna (D-CA17),29,,SP__|VINCISAADR 1994 TRUST CMN,,P/S/E,03/13/2026,04/02/2026,I/K,STOCK/FUND,IK,의심,amount-multi;type;owner,67.8
9115726,Ro Khanna (D-CA17),29,SP,TRANE |CMN TECHNOLOGIES PUBLIC LIMI,,S,03/23/2026,04/02/2026,A/C,STOCK/FUND,AC,의심,amount-multi,84.8
9115726,Ro Khanna (D-CA17),29,SP,SHARES AXA UAP AMERICAN DEPOSITARY,,S,03/13/2026,04/02/2026,A/F,STOCK/FUND,AF,의심,amount-multi,85.7
9115726,Ro Khanna (D-CA17),29,SP,INSULET CORPORATION FD CMN,,S,63/23/26,04/02/2026,"$1,001-$15,000",STOCK/FUND,A,의심,date,77.1
9115726,Ro Khanna (D-CA17),29,SP,STERIS |CMN PUBLIC . LIMITED — COMPANY,,S,03/23/2026,04/02/2026,"$1,001-$15,000",STOCK/FUND,A,의심,name-illegible,59.5
9115726,Ro Khanna (D-CA17),29,SP,EXTRA SPACE STORAGE INC CMN —,,S,03/23/2026,04/02/2026,A/H,STOCK/FUND,AH,의심,amount-multi,62.2
9115726,Ro Khanna (D-CA17),29,SP,ADR COMPASS CMN GROUP PLC SPONSORED,,S,03/13/2026,04/02/2026,"$1,001-$15,000",STOCK/FUND,A,의심,name-illegible,43.0
9115726,Ro Khanna (D-CA17),29,SP,AVALONBAY COMMUNITIES INC CMIN,,S,03/23/2026,04/02/2026,"$1,001-$15,000",STOCK/FUND,A,확인,,62.0
9115726,Ro Khanna (D-CA17),29,SP,AON |CLASSA PUBLIC LIMITED COMPANY — CMN,,S,03/23/2026,04/02/2026,A/F,STOCK/FUND,AF,의심,amount-multi,73.5
9115726,Ro Khanna (D-CA17),29,SP,FRANKLIN RESOURCES INC CMN,,S,03/23/2026,04/02/2026,A/H/I,STOCK/FUND,AHI,의심,amount-multi,67.9
9115726,Ro Khanna (D-CA17),29,SP,CENCORAINCCMN,,S,03/23/2026,04/02/2026,A/D,STOCK/FUND,AD,의심,amount-multi;name-illegible,50.1
9115726,Ro Khanna (D-CA17),29,SP,C DELL TECHNOLOGIES INC _CMN CLASS,,S,03/23/2026,04/02/2026,"$1,001-$15,000",STOCK/FUND,A,확인,,75.6
9115726,Ro Khanna (D-CA17),29,SP,TRUIST [CMN FINANCIAL CORPORATION,,S,03/23/2026,04/02/2026,"$1,001-$15,000",STOCK/FUND,A,확인,,71.0
9115726,Ro Khanna (D-CA17),29,SP,DECKERS OUTDOORS CORP CMN,,S,03/23/2026,04/02/2026,A/G/H,STOCK/FUND,AGH,의심,amount-multi,70.4
9115726,Ro Khanna (D-CA17),29,SP,POOL CORP CMN,,S,03/23/2026,04/02/2026,A/H/I,STOCK/FUND,AHI,의심,amount-multi;name-illegible,29.4
9115726,Ro Khanna (D-CA17),30,,"PRD FULL AME, OTT CHER SYMBOT",,P/E,|__,serypoyry__|__zenannyry___,I/K,STOCK/FUND,IK,의심,amount-multi;type;date;notified;owner,61.6
9115726,Ro Khanna (D-CA17),30,,NETAPP 1994 TRUST INC CMN,,P/S/E,03/23/2026,04/02/2026,I/K,STOCK/FUND,IK,의심,amount-multi;type;owner,90.0
9115726,Ro Khanna (D-CA17),30,SP,TRIMBLEINCCMN_ —,,S,03/23/2026,04/02/2026,"$1,001-$15,000",STOCK/FUND,A,의심,name-illegible,35.2
9115726,Ro Khanna (D-CA17),30,SP,DEXCOM INC CMN,,S,03/23/2026,04/02/2026,"$1,001-$15,000",STOCK/FUND,A,확인,,73.9
9115726,Ro Khanna (D-CA17),30,,DARDEN RESTAURANTS INC CMN,,S,03/23/26|1,04/02/2026,"$1,001-$15,000",STOCK/FUND,A,의심,date;owner,76.1
9115726,Ro Khanna (D-CA17),30,,"SP__|COINBASE GLOBAL, INC CMN CLASS A",COIN.O,S,03/23/2026,04/02/2026,"$1,001-$15,000",STOCK/FUND,A,의심,owner,65.3
9115726,Ro Khanna (D-CA17),30,SP,CAMDEN PROPERTY TRUST CMN,,S,03/23/2026,04/02/2026,A/D/F,STOCK/FUND,ADF,의심,amount-multi,90.2
9115726,Ro Khanna (D-CA17),30,SP,ZOETISINC CMN CLASS A,,S,03/23/2026,04/02/2026,"$1,001-$15,000",STOCK/FUND,A,의심,name-illegible,43.3
9115726,Ro Khanna (D-CA17),30,SP,GE |CMN HEALTHCARE TECHNOLOGIES INC,,S,03/23/2026,04/02/2026,"$1,001-$15,000",STOCK/FUND,A,확인,,92.4
9115726,Ro Khanna (D-CA17),30,SP,JDANAHER CORPORATION CMN,,S,03/23/2026,04/02/2026,"$1,001-$15,000",STOCK/FUND,A,확인,,79.0
9115726,Ro Khanna (D-CA17),30,SP,AGILENT TECHNOLOGIES INC —_ CMN_ F,,S,03/23/2026,04/02/2026,"$1,001-$15,000",STOCK/FUND,A,의심,name-illegible,48.9
9115726,Ro Khanna (D-CA17),30,SP,WILLIAMS SONOMA INC CMN ',,S,03/23/2026,04/02/2026,"$1,001-$15,000",STOCK/FUND,A,확인,,73.6
9115726,Ro Khanna (D-CA17),30,SP,EPAM SYSTEMS INC. CMN,,S,03/23/2026,04/02/2026,"$1,001-$15,000",STOCK/FUND,A,확인,,86.2
9115726,Ro Khanna (D-CA17),30,,BROWN & BROWN INC_CMN,,S,03/23/2026,04/02/2026,"$1,001-$15,000",STOCK/FUND,A,의심,owner,91.7
9115726,Ro Khanna (D-CA17),30,,SP__|SPONSORED SIEMENS AKTIENGESELLSCHAFT ADR CMN,,S,03/13/2026,04/02/2026,A/B,STOCK/FUND,AB,의심,amount-multi;owner,85.8
9115726,Ro Khanna (D-CA17),30,SP,SPONSORED ING GROEP NV ADR SPONS CMN ADR,,S,03/13/2026,04/02/2026,"$1,001-$15,000",STOCK/FUND,A,확인,,80.3
9115726,Ro Khanna (D-CA17),31,,FULL ASVET NAME,,P/S/E,tenfTresactin|,Cate — Transactlo Noid ed of,G/H,STOCK/FUND,GH,의심,amount-multi;type;date;notified;owner,79.1
9115726,Ro Khanna (D-CA17),31,,PROVID FULL ME NOT TEKE SYMBOL,,P/E,| poy,mw Yooire,I/K,STOCK/FUND,IK,의심,amount-multi;type;date;notified;owner,74.1
9115726,Ro Khanna (D-CA17),31,,TOYOTA {ADR 1994 TRUST MOTOR CORPORATION SPON,,P/S/E,03/13/2026,04/02/2026,I/K,STOCK/FUND,IK,의심,amount-multi;type;owner,90.2
9115726,Ro Khanna (D-CA17),31,SP,CMN NOVARTIS AG ADR SPONSORED ADR,,S,03/13/2026,04/02/2026,"$1,001-$15,000",STOCK/FUND,A,확인,,93.0
9115726,Ro Khanna (D-CA17),31,SP,LENNAR CORPORATION CMN CLASS A,,S,03/23/2026,04/02/2026,"$1,001-$15,000",STOCK/FUND,A,의심,name-illegible,58.0
9115726,Ro Khanna (D-CA17),31,SP,SMURFIT ICMN WESTROCK PUBLIC LIMITE!,,S,03/23/2026,_04/02/26|' 7,A/D,STOCK/FUND,AD,의심,amount-multi;notified,72.3
9115726,Ro Khanna (D-CA17),31,SP,SUPER MICRO COMPUTER INC. CMN,,S,03/23/2026,04/02/2026,"$1,001-$15,000",STOCK/FUND,A,확인,,73.6
9115726,Ro Khanna (D-CA17),31,SP,RESMED INC CMN,,S,03/23/2026,04/02/2026,A/G,STOCK/FUND,AG,의심,amount-multi,75.9
9115726,Ro Khanna (D-CA17),31,SP,FIINTUITINCCMN,,S,03/23/2026,04/02/2026,"$1,001-$15,000",STOCK/FUND,A,의심,name-illegible,0.0
9115726,Ro Khanna (D-CA17),31,SP,ZEBRA LA TECHNOLOGIES INC CMN CLASS,,S,03/23/2026,04/02/2026,"$1,001-$15,000",STOCK/FUND,A,확인,,78.7
9115726,Ro Khanna (D-CA17),31,SP,SUMITOMO |SPONSOREDADRCMN MITSUI FINANCIAL _ SSS GRP §SD|_S,,P/S,03/13/2026,04/02/2026,"$1,001-$15,000",STOCK/FUND,A,의심,type,67.4
9115726,Ro Khanna (D-CA17),31,SP,TAIWAN |LTD ADS 2ADS SEMICONDUCTOR EQUALS SORDS MFG ADS,,S,03/13/2026,04/02/2026,A/D/E,STOCK/FUND,ADE,의심,amount-multi,87.6
9115726,Ro Khanna (D-CA17),31,SP,SCHNEIDER _|UNSPONSORED ELECTRIC ADR (FRANCE) SE,,S,03/13/2026,04/02/2026,A/E/G,STOCK/FUND,AEG,의심,amount-multi,85.8
9115726,Ro Khanna (D-CA17),31,SP,31 |CMN GROUP PLC UNSPONSORED ADR,,S,03/13/2026,04/02/2026,A/I,STOCK/FUND,AI,의심,amount-multi,87.2
9115726,Ro Khanna (D-CA17),31,SP,CMN INDUSTRIA DE DISENO TEXTIL 5 ADR —,,S,03/13/2026,04/02/2026,A/F/G/H,STOCK/FUND,AFGH,의심,amount-multi,74.9
9115726,Ro Khanna (D-CA17),32,,F NASE NOME,,P/E,Date {Transaction},Data — Transactlo Neue of,G/H,STOCK/FUND,GH,의심,amount-multi;type;date;notified;owner;name-illegible,50.8
9115726,Ro Khanna (D-CA17),32,,SPPOEYIR BROVID FULLNCM OT TLEXER SYMBOL,,P/S/E,| = muDoyy,marporry |,I/K,STOCK/FUND,IK,의심,amount-multi;type;date;notified;owner;name-illegible,34.2
9115726,Ro Khanna (D-CA17),33,,FULLAS ET ME A,,P/S/E,te F Transaction,D Trans tan treads ctlo,G/H,STOCK/FUND,GH,의심,amount-multi;type;date;notified;owner;name-illegible,58.1
9115726,Ro Khanna (D-CA17),33,,"PROVE’ FUT ME, NOT TCKE NENBOT —",,P/S/E,wfoofYy — _,| __sma/poye,I/K,STOCK/FUND,IK,의심,amount-multi;type;date;notified;owner;name-illegible,46.6
9115726,Ro Khanna (D-CA17),33,,TRUST {GOLD BANK PARTNERSHIP OF MINERS MONTREAL ETF LNKD TO VANECK,,P/S/E,03/16/2026,04/02/2026,I/K,STOCK/FUND,IK,의심,amount-multi;type;owner,91.4
9115726,Ro Khanna (D-CA17),33,,BARCLAYS {S00 INDEX BANK PLC LINKED TO S&P,,P,03/02/2026,04/02/2026,"$50,001-$100,000",STOCK/FUND,C,의심,owner,84.7
9115726,Ro Khanna (D-CA17),33,DC,CONSTELLATION ENERGY CORP CMN,CEG.O,P,03/19/2026,a4/02/26|1_,A/J,STOCK/FUND,AJ,의심,amount-multi;notified,71.9
9115726,Ro Khanna (D-CA17),33,DC,COLLEGE {02/15/27 STATION FA TEX DB SY,,P,03/27/2026,04/02/2026,"$1,001-$15,000",STOCK/FUND,A,확인,,76.4
9115726,Ro Khanna (D-CA17),33,DC,OHIO {06/01/26 ST WTR JD DEV AUTH WTR REV 5%,,S,03/23/2026,04/02/2026,"$50,001-$100,000",BOND,C,확인,,85.7
9115726,Ro Khanna (D-CA17),34,,= FULL ASSA NARN,,P/S/E,Date fTransacho,Bat ransect Nother T,G/H,STOCK/FUND,GH,의심,amount-multi;type;date;notified;owner,80.7
9115726,Ro Khanna (D-CA17),34,,TRUST {06/15/26 DEL VALLE PARTNERSHIP JD TEX INDPT SCH DIST GO 5%,,P/S/E,03/26/2026,04/02/2026,I/K,BOND,IK,의심,amount-multi;type;owner,84.1
9115726,Ro Khanna (D-CA17),34,,DC_|HONEYWELL INTLINC CMN,,S/E,03/19/2026,04/02/2026,"$15,001-$50,000",STOCK/FUND,B,의심,type;owner;name-illegible,53.2
9115726,Ro Khanna (D-CA17),34,DC,OHIO |REV 5 WATER 0000% 06/01/26 DEVELOPMENT JD _ AUTH,,S,03/26/2026,04/02/2026,"$15,001-$50,000",BOND,B,확인,,88.5
9115726,Ro Khanna (D-CA17),34,DC,COLUMBUS OHIO DB 5% 10/01/26 AO,,S,03/26/2026,04/02/2026,"$15,001-$50,000",BOND,B,확인,,85.8
9115726,Ro Khanna (D-CA17),34,DC,OHIO ST REV 5% 12/01/26 ID,,S,03/23/2026,04/02/2026,B/C,BOND,BC,의심,amount-multi,68.7
9115726,Ro Khanna (D-CA17),34,DC,MISSISSIPPI ST GO 5% 11/01/36 MN,,S,03/23/2026,04/02/2026,"$15,001-$50,000",BOND,B,확인,,82.8
9115726,Ro Khanna (D-CA17),34,DC,OHIO 15 0000Y STATE 12/01/26 UNIVERSITY JD (THE) REV,,S,03/23/2026,04/02/2026,"$15,001-$50,000",STOCK/FUND,B,확인,,85.1
9115726,Ro Khanna (D-CA17),34,,OHIO ST GO 5 0000% 06/15/26 JD —,,S,03/26/2026,04/02/2026,"$15,001-$50,000",BOND,B,의심,owner,77.1
9115726,Ro Khanna (D-CA17),34,DC,OHIO ST GO 5% 08/01/26 FA,,S,03/26/2026,04/02/2026,B/H,BOND,BH,의심,amount-multi,86.7
9115726,Ro Khanna (D-CA17),34,DC,ORACLE CORPORATION CMN,ORCL.K,S,03/18/2026,04/02/2026,"$1,001-$15,000",STOCK/FUND,A,확인,,75.8
9115726,Ro Khanna (D-CA17),34,DC,DUBLIN OHIO DB 5% 12/01/26 ID,,S,03/26/2026,04/02/2026,"$1,001-$15,000",BOND,A,확인,,77.1
9115726,Ro Khanna (D-CA17),34,,5 OHIO COOAY STATE 12/01/26 UNIVERSITY JD {THE} REV,,S,03/26/2026,04/02/2026,"$1,001-$15,000",STOCK/FUND,A,의심,owner,79.9
9115726,Ro Khanna (D-CA17),34,DC,5% HONOLULU 07/01/26) HAWAII CITY & CNTY GO,,S,03/26/2026,04/02/2026,"$1,001-$15,000",BOND,A,확인,,73.6
9115726,Ro Khanna (D-CA17),34,DC,JOHIO ST GO 5% 09/15/26 MS,,S,03/26/2026,- 04/02/26},"$1,001-$15,000",BOND,A,의심,notified,89.5
9115726,Ro Khanna (D-CA17),34,,OHIO |5 0000% ST DEPT 09/01/26 ADMINISTRATIVE CAMS COPS,,S,03/26/2026,04/02/2026,"$1,001-$15,000",BOND,A,의심,owner,89.2
9115726,Ro Khanna (D-CA17),34,,5 OHIO 0000Y ST DEPT 09/01/26 ADMINISTRATIVE CA MS COPS ',,S,03/23/2026,04/02/2026,"$1,001-$15,000",STOCK/FUND,A,의심,owner,75.2
9115726,Ro Khanna (D-CA17),35,,"= ROWD FULLRAME, OTTICKE SYMBOL. ____,_[PURCHISE",,P/E,,MMpOD YY }],I/K,STOCK/FUND,IK,의심,amount-multi;type;date;notified;owner;name-illegible,51.8
9115726,Ro Khanna (D-CA17),35,,TRUST JDATADOG PARTNERSHIP INC.CMNCLASSA,DDOG.O,P/S/E,03/18/2026,04/02/2026,I/K,STOCK/FUND,IK,의심,amount-multi;type;owner,60.2
9115726,Ro Khanna (D-CA17),35,DC,06/01/26 NEW MEXICO JD FIN AUTH REV REV 5%,,S,03/26/2026,04/02/2026,A/D,BOND,AD,의심,amount-multi,90.1
9115726,Ro Khanna (D-CA17),35,DC,MINNESOTA IE ST GO SY 08/01/26 FA,,S,03/26/2026,04/02/2026,"$1,001-$15,000",STOCK/FUND,A,확인,,74.8
9115726,Ro Khanna (D-CA17),35,DC,OHIO ST GO 5% 05/01/26 MN,,S,03/26/2026,04/02/2026,A/B/C,BOND,ABC,의심,amount-multi,60.4
9115726,Ro Khanna (D-CA17),36,SP,"DCAT PROVIDE FULL NAME, NO TICKER SYMBOL. =",,P/E,MAA/DOSYY,ayoany,I/K,STOCK/FUND,IK,의심,amount-multi;type;date;notified,69.7
9115726,Ro Khanna (D-CA17),37,,UFL ASSE NM,,P/S/E,Data {Transaction,|__ Transact!,G/H,STOCK/FUND,GH,의심,amount-multi;type;date;notified;owner;name-illegible,28.4
9115726,Ro Khanna (D-CA17),37,,= =,,P/E,,|,I/K,STOCK/FUND,IK,의심,amount-multi;type;date;notified;owner,94.8
9115726,Ro Khanna (D-CA17),37,,AHUJA GS {PORTFOLIO TAX KHANNA ADVANTAGED CLASS UTMA P GLOBAL _ EQUITY,,P/E,03/10/2026,04/02/2026,I/K,STOCK/FUND,IK,의심,amount-multi;type;owner,84.3
9115726,Ro Khanna (D-CA17),38,,RUTE ~ SP AHUJA FO BOFA 1994 00000% TRUST FIN LLC 03/07/2028 SER A MTN ZERO CPN _ X,,S/E,03/02/2026,03/02/2026,A/B/C/D/E/F/G/H/I/J/K,BOND,ABCDEFGHIJK,의심,amount-multi;type;owner,77.4
9115726,Ro Khanna (D-CA17),38,SP,PUT 26 $155 (NVDA) (100 NVIDIA SHS) CORPORATION SEP 18,NVDA.O,P,03/16/2026,03/16/2026,A/J,OPTION,AJ,의심,amount-multi,93.8
9115726,Ro Khanna (D-CA17),38,SP,PUT $280 {AVGO) (100 SKS} BROADCOM INC COM SEP 18 26,AVGO.O,P/S,03/16/2026,03/16/2026,"$1,001-$15,000",OPTION,A,의심,type,88.0
9115726,Ro Khanna (D-CA17),38,SP,PUT $170 (AMD} (100 SHS) ADVANCED _ MICRO SEP 18 _ 26,AMD.O,P/S,03/16/2026,03/16/2026,A/F,OPTION,AF,의심,amount-multi;type,73.2
9115726,Ro Khanna (D-CA17),38,SP,PUT $340 (MSFT} (100 SHS) MICROSOFT CORP SEP 18 26,MSFT.O,P,03/16/2026,03/16/2026,"$1,001-$15,000",OPTION,A,확인,,92.5
9115726,Ro Khanna (D-CA17),38,SP,NE PALANTIR SEP 18 26 $130 (100,PLTR.O,P,03/16/2026,03/16/2026,"$1,001-$15,000",STOCK/FUND,A,확인,,84.7
9115726,Ro Khanna (D-CA17),38,SP,"IL, PUT $280 (AVGO} [100 BROADCOM SHS) INC COM MAR 19",AVGO.O,P,03/16/2026,03/16/2026,A/D,OPTION,AD,의심,amount-multi,83.2
9115726,Ro Khanna (D-CA17),38,SP,SP $340 27 PUT PUT $155 {NVDA) (MSFT) {100 (100 SHS} MICROSOFT NVIDIA SHS} CORPORATION CORP MAR MAR 19 27 - 19,MSFT.O,P/S/E,03/ 03/16/26 16/26 ~,"| , 03/16/26 03/16/26",A/F/H/I,OPTION,AFHI,의심,amount-multi;type;date;notified,86.9
9115726,Ro Khanna (D-CA17),38,SP,S165 PUT (AMD) (100 SHS) ADVANCED MICRO MAR 19 27,AMD.O,P,03/26/2026,03/16/2026,A/B,OPTION,AB,의심,amount-multi,75.2
9115726,Ro Khanna (D-CA17),38,SP,A - —_— PALANTIR MAR MAR 1 19 27 $130 (100,PLTR.O,P,03/16/2026,1 |! 03/16/26,A/J,STOCK/FUND,AJ,의심,amount-multi;notified,77.8
9115726,Ro Khanna (D-CA17),38,SP,HOME DEPOT ING,,P,03/20/2026,03/20/2026,"$1,001-$15,000",STOCK/FUND,A,확인,,84.5
9115726,Ro Khanna (D-CA17),38,SP,SP _|INFOSYS |MASTERCARD LTD SPON INCORPORATED ADR EACH REP CLA 1 0RDSHS} X,MA,P/S/E,", 03/20/26 03/20/26 ——S",| |' 03/20/26 03/20/26,A/B/F/I/J/K,STOCK/FUND,ABFIJK,의심,amount-multi;type;date;notified;name-illegible,59.8
9115726,Ro Khanna (D-CA17),38,SP,NETFLIX INC 7 T X,,?,03/20/2026,03/20/2026,"$1,001-$15,000",STOCK/FUND,A,의심,type;name-illegible,33.9
9115726,Ro Khanna (D-CA17),38,SP,PR BANK CENTRAL ASIA TBK UNSPONSORD X,,?,03/20/2026,03/20/2026,"$1,001-$15,000",STOCK/FUND,A,의심,type,79.5
9115726,Ro Khanna (D-CA17),38,SP,PROCTER AND GAMBLE CO COM,,P,03/20/2026,03/20/2026,"$1,001-$15,000",STOCK/FUND,A,확인,,79.1
9115726,Ro Khanna (D-CA17),38,SP,UNITEDHEALTH GROUP INC,,P,03/20/2026,03/20/2026,"$1,001-$15,000",STOCK/FUND,A,확인,,79.7
9115726,Ro Khanna (D-CA17),40,,HILDREN JO BOFA USHA VOANA% FIN AHUJA LLC 03/07/2028 201GIRR SER AMTN TRU ZERO TFBO CPN,,P/E,03/02/2026,03/02/2026,A/B/C/D/E/F/G/H/I/J/K,STOCK/FUND,ABCDEFGHIJK,의심,amount-multi;type;owner,70.6
9115726,Ro Khanna (D-CA17),40,DC,PUT 56 $155 (NVDA) (100 NVIDIA SHS} CORPORATION _ SEP 18 7,NVDA.O,S,03/16/2026,03/16/2026,"$1,001-$15,000",OPTION,A,확인,,72.2
9115726,Ro Khanna (D-CA17),40,,LARGO PUT {AVGO) {100 SHS) BROADCOM INC COM SEP 18 26,AVGO.O,S/E,03/16/26 7 ~,03/16/2026,"$1,001-$15,000",OPTION,A,의심,type;date;owner,81.7
9115726,Ro Khanna (D-CA17),40,DC,PUT $170 (AMD) {100 SHS) ADVANCED MICRO SEP 18 26,AMD.O,S,03/16/2026,03/16/2026,"$1,001-$15,000",OPTION,A,확인,,83.7
9115726,Ro Khanna (D-CA17),40,DC,E PUT 4340 {MSFT} (100 SHS) MICROSOFT CORP SEP 18 26,MSFT.O,S,03/16/2026,03/16/2026,"$1,001-$15,000",OPTION,A,확인,,83.5
9115726,Ro Khanna (D-CA17),40,,PA IAL PALANTIR SEP 18 26 $130 (100,PLTR.O,S,03/16/2026,03/16/2026,"$1,001-$15,000",STOCK/FUND,A,의심,owner,72.1
9115726,Ro Khanna (D-CA17),40,DC,PUT {37 S780 (AVGQ) (100 BROADCOM SHS) INC COM MAR 18,AVGO.O,S,03/16/2026,03/16/2026,"$1,001-$15,000",OPTION,A,확인,,70.9
9115726,Ro Khanna (D-CA17),40,,$340 PUT (MSFT) (100 SHS) MICROSOFT CORP MAR 19 27,MSFT.O,S,03/16/2026,03/16/2026,"$1,001-$15,000",OPTION,A,의심,owner,93.9
9115726,Ro Khanna (D-CA17),40,,"PUT |, $455 (NVDA} (100 NVIDIA SHS) CORPORATION MAR 19",NVDA.O,S,03/16/2026,03/16/2026,"$1,001-$15,000",OPTION,A,의심,owner,82.4
9115726,Ro Khanna (D-CA17),40,DC,PUT $165 {AMD} (100 SHS) ADVANCED MICRO MAR 19 27,AMD.O,S,03/16/2026,03/16/2026,"$1,001-$15,000",OPTION,A,확인,,82.9
9115726,Ro Khanna (D-CA17),40,,A {PLTR) PALANTIR MAR 19 27 $130 (100,PLTR.O,S,03/16/2026,03/16/2026,"$1,001-$15,000",STOCK/FUND,A,의심,owner,79.0
9115726,Ro Khanna (D-CA17),40,,HOME DEPOT INC,,S,03/20/2026,03/20/2026,"$1,001-$15,000",STOCK/FUND,A,의심,owner,87.1
9115726,Ro Khanna (D-CA17),40,DC,INFOSYS LTD SPON ADR EACH REP1ORDSHS,,P,03/20/2026,03/20/2026,"$1,001-$15,000",STOCK/FUND,A,확인,,70.6
9115726,Ro Khanna (D-CA17),40,DC,MASTERCARD INCORPORATED CLA,MA,S,03/20/2026,03/20/2026,"$1,001-$15,000",STOCK/FUND,A,확인,,64.4
9115726,Ro Khanna (D-CA17),40,DC,NETFUXINC,,P,03/20/2026,03/20/2026,"$1,001-$15,000",STOCK/FUND,A,의심,name-illegible,30.0
9115726,Ro Khanna (D-CA17),40,,RR BANK CENTRAL ASIA TBK UNSPONSORD,,P,03/20/2026,03/20/2026,"$1,001-$15,000",STOCK/FUND,A,의심,owner,86.5
9115726,Ro Khanna (D-CA17),40,DC,PROCTER AND GAMBLE CO COM,,S,03/20/2026,03/20/2026,"$1,001-$15,000",STOCK/FUND,A,확인,,78.9
9115726,Ro Khanna (D-CA17),40,DC,UNITEDHEALTH GROUP INC,,S,03/20/2026,03/20/2026,"$1,001-$15,000",STOCK/FUND,A,확인,,62.1
9115726,Ro Khanna (D-CA17),41,,PHILIP NEV U HA AHUJA MORRIS 2010 INTERNATIONAL IRRE TRUST FBO INC COM,,P/S/E,03/20/2026,03/20/2026,A/B/C/D/E/F/G/H/I/J/K,STOCK/FUND,ABCDEFGHIJK,의심,amount-multi;type;owner,83.8
9115726,Ro Khanna (D-CA17),41,DC,SALESFORCE INC COM,CRM,S,03/20/2026,03/20/2026,"$1,001-$15,000",STOCK/FUND,A,확인,,79.7
9115726,Ro Khanna (D-CA17),41,DC,NVR INC COM USDO 01,,P,03/20/2026,03/20/2026,"$1,001-$15,000",STOCK/FUND,A,의심,name-illegible,44.8
9115726,Ro Khanna (D-CA17),42,,© BOFA FBO 00000% KHANNA FIN LLC 03/07/2028 CHILDREN SER A MTN ZERO CPN,,P/E,03/02/2026,03/02/2026,A/B/C/D/E/F/G/H/I/J/K,BOND,ABCDEFGHIJK,의심,amount-multi;type;owner,90.8
9115726,Ro Khanna (D-CA17),42,,PUT 26 $155 (NVDA) (100 NVIDIA SHS) CORPORATION SEP 18,NVDA.O,S,03/16/2026,03/16/2026,"$1,001-$15,000",OPTION,A,의심,owner,89.8
9115726,Ro Khanna (D-CA17),42,DC,$280 PUT (AVGO) (100 SHS) BROADCOM INC COM SEP 18 26,AVGO.O,S,03/16/2026,03/16/2026,"$1,001-$15,000",OPTION,A,확인,,93.4
9115726,Ro Khanna (D-CA17),42,DC,$170 PUT (AMD) (100 SHS) ADVANCED _ MICRO SEP 18 26,AMD.O,S,03/16/2026,03/16/2026,"$1,001-$15,000",OPTION,A,확인,,84.4
9115726,Ro Khanna (D-CA17),42,,PUT $340 (MSFT} {100 SHS) MICROSOFT CORP SEP 18 26,MSFT.O,S,03/16/2026,03/16/2026,"$1,001-$15,000",OPTION,A,의심,owner,91.8
9115726,Ro Khanna (D-CA17),42,DC,AA {PLTR) PALANTIR TIF SEP 18 26 $130 $130 ( (100,PLTR.O,S,03/16/2026,03/16/2026,"$1,001-$15,000",STOCK/FUND,A,확인,,75.3
9115726,Ro Khanna (D-CA17),42,DC,PUT E280 (AVGO) (200SHS) BROADCOM INC COM MAR 19,AVGO.O,S,03/16/2026,03/16/2026,"$1,001-$15,000",OPTION,A,확인,,67.7
9115726,Ro Khanna (D-CA17),42,,$340 PUT (MSFT) (200 SHS) MICROSOFT CORP MAR 19 27,MSFT.O,S,03/16/2026,03/16/2026,"$1,001-$15,000",OPTION,A,의심,owner,93.4
9115726,Ro Khanna (D-CA17),42,,27 PUT $155 (NVDA) (100 NVIDIA SHS)__ CORPORATION _ MAR 19,NVDA.O,S/E,03/16/2026,03/16/2026,"$1,001-$15,000",OPTION,A,의심,type;owner,79.0
9115726,Ro Khanna (D-CA17),42,,$165 PUT (AMD) (100 SHS) ADVANCED MICRO MAR 19 27,AMD.O,S,03/16/2026,03/16/2026,"$1,001-$15,000",OPTION,A,의심,owner,96.0
9115726,Ro Khanna (D-CA17),42,,NIAL PALANTIR MAR 19 27 $130 (100,PLTR.O,S,03/16/2026,03/16/2026,"$1,001-$15,000",STOCK/FUND,A,의심,owner,79.4
9115726,Ro Khanna (D-CA17),42,DC,HOME DEPOT INC,,S,03/20/2026,03/20/2026,"$1,001-$15,000",STOCK/FUND,A,확인,,84.4
9115726,Ro Khanna (D-CA17),42,DC,JINFOSYS LTD SPON ADR EACH REP 1 ORDSHS,,P,03/20/2026,03/20/2026,"$1,001-$15,000",STOCK/FUND,A,확인,,68.2
9115726,Ro Khanna (D-CA17),42,DC,MASTERCARD INCORPORATED CLA,MA,S,03/20/2026,03/20/2026,A/F,STOCK/FUND,AF,의심,amount-multi,80.9
9115726,Ro Khanna (D-CA17),42,DC,NETFLIX INC,,P,03/20/2026,03/20/2026,"$1,001-$15,000",STOCK/FUND,A,의심,name-illegible,0.0
9115726,Ro Khanna (D-CA17),42,,ADR CENTRALASIATBK UNSPONSORD,,P,03/20/2026,03/20/2026,A/E,STOCK/FUND,AE,의심,amount-multi;owner,60.3
9115726,Ro Khanna (D-CA17),42,DC,PROCTER AND GAMBLE CO COM,,S,03/20/2026,03/20/2026,"$1,001-$15,000",STOCK/FUND,A,확인,,75.3
9115726,Ro Khanna (D-CA17),43,,2020 DC TRUST UNITEDHEALTH F8O KHANNA CHILDREN GROUP —_. INC =,,P/S/E,03/20/2026,03/20/2026,A/B/C/D/E/F/G/H/I/J/K,STOCK/FUND,ABCDEFGHIJK,의심,amount-multi;type;owner,68.4
9115728,Michael McCaul (R-TX10),1,SP,CEDAR HOLDINGS LP INV 1292,,P,03/24/2026,04/06/2026,"$500,001-$1,000,000",STOCK/FUND,F,확인,,87.4
9115728,Michael McCaul (R-TX10),1,SP,JACKSONVILLE FLA TRANS REV,,P,03/16/2026,04/06/2026,"$100,001-$250,000",STOCK/FUND,D,확인,,94.7
9115728,Michael McCaul (R-TX10),1,SP,TENNESSEE HSG DEV AGY RESIDENTIAL FIN,,P,03/02/2026,04/06/2026,"$100,001-$250,000",STOCK/FUND,D,확인,,94.0
9115728,Michael McCaul (R-TX10),1,SP,BULLOCH CNTY GA DEV AUTH STUDENT HSG REV,,P,03/18/2026,04/06/2026,"$100,001-$250,000",STOCK/FUND,D,확인,,94.1
9115728,Michael McCaul (R-TX10),1,SP,MAYS ALLOCATE 2025 LP,,P,03/16/2026,04/06/2026,"$100,001-$250,000",STOCK/FUND,D,확인,,95.7
9115728,Michael McCaul (R-TX10),1,SP,CHEMEKETA ORE CMNTY COLLEGE DIST GO REF,,P,03/05/2026,04/06/2026,"$100,001-$250,000",STOCK/FUND,D,확인,,94.2
9115728,Michael McCaul (R-TX10),1,SP,LANSING MICH BRD WTR & LT UTIL SYS REV,,P,03/27/2026,04/06/2026,"$100,001-$250,000",STOCK/FUND,D,확인,,95.1
9115728,Michael McCaul (R-TX10),1,SP,LOS ANGELES CALIF DEPT ARPTS REV,,P,03/16/2026,04/06/2026,"$50,001-$100,000",STOCK/FUND,C,확인,,95.2
9115728,Michael McCaul (R-TX10),1,SP,ALBANY DOUGHERTY GA PAYROLL DEV AUTH,,P,03/18/2026,04/06/2026,"$50,001-$100,000",STOCK/FUND,C,확인,,95.1
9115728,Michael McCaul (R-TX10),1,SP,MAYS ALLOCATE LP,,P,03/31/2026,04/06/2026,"$50,001-$100,000",STOCK/FUND,C,확인,,96.4
9115728,Michael McCaul (R-TX10),1,SP,MAYS ALLOCATE LP,,P,03/04/2026,04/06/2026,"$15,001-$50,000",STOCK/FUND,B,확인,,96.1
9115728,Michael McCaul (R-TX10),1,SP,MAYS ALLACATE 2025 LP,,P,03/06/2026,04/06/2026,"$15,001-$50,000",STOCK/FUND,B,확인,,94.6
9115728,Michael McCaul (R-TX10),1,SP,INSIGHT ENTERPRISES INC,,P,03/03/2026,04/06/2026,"$15,001-$50,000",STOCK/FUND,B,확인,,95.8
9115728,Michael McCaul (R-TX10),1,SP,EQT CORP COM,,P,03/31/2026,04/06/2026,"$15,001-$50,000",STOCK/FUND,B,확인,,94.9
9115728,Michael McCaul (R-TX10),1,SP,ARTHUR J GALLAGHER & CO,,P,03/04/2026,04/06/2026,"$15,001-$50,000",STOCK/FUND,B,확인,,94.6
9115728,Michael McCaul (R-TX10),1,SP,MASTERCARD INCORPORATED CLA,MA,P,03/02/2026,04/06/2026,"$15,001-$50,000",STOCK/FUND,B,확인,,95.7
9115728,Michael McCaul (R-TX10),1,SP,S&P GLOBAL INC COM,,P,03/13/2026,04/06/2026,"$15,001-$50,000",STOCK/FUND,B,확인,,95.9
9115728,Michael McCaul (R-TX10),1,SP,ARTHURJ GALLAGHER & CO,,P,03/25/2026,04/06/2026,"$15,001-$50,000",STOCK/FUND,B,확인,,92.8
9115728,Michael McCaul (R-TX10),1,SP,ALBANY RD STRATEGIC OPP FUND LLC,,P,03/16/2026,04/06/2026,"$15,001-$50,000",STOCK/FUND,B,확인,,96.6
9115728,Michael McCaul (R-TX10),1,SP,ARTHUR J GALLAGHER & CO,,P,03/12/2026,04/06/2026,"$15,001-$50,000",STOCK/FUND,B,확인,,81.2
9115728,Michael McCaul (R-TX10),1,SP,MAYS ALLOCATE LP S,,P,03/16/2026,04/06/2026,"$1,001-$15,000",STOCK/FUND,A,확인,,78.4
9115728,Michael McCaul (R-TX10),1,SP,BOSTON SCIENTIFIC CORP,,P,03/27/2026,04/06/2026,"$1,001-$15,000",STOCK/FUND,A,확인,,95.5
9115728,Michael McCaul (R-TX10),1,SP,INTUIT INC,,P,03/20/2026,04/06/2026,"$1,001-$15,000",STOCK/FUND,A,확인,,94.3
9115728,Michael McCaul (R-TX10),1,SP,MAYS ALLOCATE 2025 LP,,P,03/20/2026,04/06/2026,"$1,001-$15,000",STOCK/FUND,A,확인,,96.7
9115728,Michael McCaul (R-TX10),1,SP,INTUIT INC,,P,03/02/2026,04/06/2026,"$1,001-$15,000",STOCK/FUND,A,확인,,92.5
9115728,Michael McCaul (R-TX10),2,,SAPCIOPARINCCOM,,P,,,"$1,001-$15,000",STOCK/FUND,A,의심,date;notified;owner;name-illegible,0.0
9115728,Michael McCaul (R-TX10),2,SP,SAPCIOPANINCCOM,,P,,,"$1,001-$15,000",STOCK/FUND,A,의심,date;notified;name-illegible,0.0
9115728,Michael McCaul (R-TX10),2,SP,SAPCIOGANINCCOM,,P,,,"$1,001-$15,000",STOCK/FUND,A,의심,date;notified;name-illegible,0.0
9115728,Michael McCaul (R-TX10),2,,X INMURRINC,,P,,,"$1,001-$15,000",STOCK/FUND,A,의심,date;notified;owner;name-illegible,28.7
9115728,Michael McCaul (R-TX10),2,,IMUM,,P,,,"$1,001-$15,000",STOCK/FUND,A,의심,date;notified;owner;name-illegible,19.1
9115728,Michael McCaul (R-TX10),2,SP,SAPAPR,,P,,,"$1,001-$15,000",STOCK/FUND,A,의심,date;notified;name-illegible,25.8
9115728,Michael McCaul (R-TX10),2,,APAP,,P,,,"$1,001-$15,000",STOCK/FUND,A,의심,date;notified;owner;name-illegible,0.0
9115728,Michael McCaul (R-TX10),2,,SAPCIOPANINCCOM YY,,P,errors,TP aysraes,"$1,001-$15,000",STOCK/FUND,A,의심,date;notified;owner;name-illegible,9.2
9115728,Michael McCaul (R-TX10),3,SP,ASML HOLDING NV,ASML.O,S,03/31/2026,04/06/2026,"$1,001-$15,000",STOCK/FUND,A,확인,,96.2
9115728,Michael McCaul (R-TX10),3,SP,WOODWARD INC,,S,03/11/2026,04/06/2026,"$1,001-$15,000",STOCK/FUND,A,확인,,96.1
9115728,Michael McCaul (R-TX10),3,SP,WOODWARD INC,,S,03/31/2026,04/06/2026,"$1,001-$15,000",STOCK/FUND,A,확인,,81.2
9115728,Michael McCaul (R-TX10),3,SP,AERCAP HOLDINGS N V,,S,03/03/2026,04/06/2026,"$1,001-$15,000",STOCK/FUND,A,확인,,90.8
9115728,Michael McCaul (R-TX10),3,SP,HILTON WORLDWIDE HLDGS INC,,S,03/03/2026,04/06/2026,"$1,001-$15,000",STOCK/FUND,A,확인,,94.6
9115728,Michael McCaul (R-TX10),3,SP,ABBOTT LABORATORIES,,S,03/04/2026,04/06/2026,"$1,001-$15,000",STOCK/FUND,A,확인,,95.8
9115728,Michael McCaul (R-TX10),3,SP,HILTON WORLDWIDE HLDGS INC,,S,03/12/2026,04/06/2026,"$15,001-$50,000",STOCK/FUND,B,확인,,91.8
9115728,Michael McCaul (R-TX10),3,SP,AON PLC SHS CLA,,S,03/12/2026,04/06/2026,"$15,001-$50,000",STOCK/FUND,B,확인,,87.4
9115728,Michael McCaul (R-TX10),3,SP,AON PLC SHS CLA 4,,S,03/25/2026,04/06/2026,"$15,001-$50,000",STOCK/FUND,B,확인,,70.4
9115728,Michael McCaul (R-TX10),3,SP,AON PLC SHS CLA,,S,03/04/2026,04/06/2026,"$15,001-$50,000",STOCK/FUND,B,확인,,81.2
9115728,Michael McCaul (R-TX10),3,SP,SHELL PLC SPON ADS,,S,03/31/2026,04/06/2026,"$15,001-$50,000",STOCK/FUND,B,확인,,94.5
9115728,Michael McCaul (R-TX10),3,SP,NORTHERN TAX ADVGT ULTRA SHRT FIXED INC,,S,03/23/2026,04/06/2026,"$15,001-$50,000",STOCK/FUND,B,확인,,94.3
9115728,Michael McCaul (R-TX10),3,SP,NORTHERN TAX ADVGT ULTRA SHRT.FIXED INC,,S,03/26/2026,04/06/2026,"$50,001-$100,000",STOCK/FUND,C,확인,,84.2
9115728,Michael McCaul (R-TX10),3,SP,PLEXUS CORP,,S,03/04/2026,04/06/2026,"$50,001-$100,000",STOCK/FUND,C,확인,,96.5
9115728,Michael McCaul (R-TX10),3,SP,NORTHERN TAX ADVGT ULTRA SHRT FIXED INC,,S,03/20/2026,04/06/2026,"$500,001-$1,000,000",STOCK/FUND,F,확인,,94.1
9115728,Michael McCaul (R-TX10),3,SP,PAYCHEX INC,,P,03/04/2026,04/06/2026,"$100,001-$250,000",STOCK/FUND,D,확인,,93.8
9115728,Michael McCaul (R-TX10),3,SP,ALEXANDRIA REAL ESTATE EQUITIES,,P,03/23/2026,04/06/2026,"$100,001-$250,000",STOCK/FUND,D,확인,,96.5
9115728,Michael McCaul (R-TX10),3,SP,EQUITABLE HLDGS INC COM,,P,03/02/2026,04/06/2026,"$50,001-$100,000",STOCK/FUND,C,확인,,92.6
9115728,Michael McCaul (R-TX10),3,SP,GLOBAL PAYMENTS INC,,P,03/23/2026,04/06/2026,"$15,001-$50,000",STOCK/FUND,B,확인,,93.9
9115728,Michael McCaul (R-TX10),3,SP,STANLEY BLACK & DECKER INC,,P,03/13/2026,04/06/2026,"$15,001-$50,000",STOCK/FUND,B,확인,,95.3
9115728,Michael McCaul (R-TX10),3,SP,BAXTER INTERNATIONAL INC,,P,03/23/2026,04/06/2026,"$15,001-$50,000",STOCK/FUND,B,확인,,96.6
9115728,Michael McCaul (R-TX10),3,SP,GENUINE PARTS CO COM USD1 00,,P,03/13/2026,04/06/2026,"$15,001-$50,000",STOCK/FUND,B,확인,,95.1
9115728,Michael McCaul (R-TX10),3,SP,INTERNATIONAL BUS MACH CORP ‘,,P,03/04/2026,04/06/2026,"$15,001-$50,000",STOCK/FUND,B,확인,,83.2
9115728,Michael McCaul (R-TX10),3,SP,CHEVRON CORP,,S,03/23/2026,04/06/2026,"$15,001-$50,000",STOCK/FUND,B,확인,,95.4
9115728,Michael McCaul (R-TX10),3,SP,CHEVRON CORP,,S,03/13/2026,04/06/2026,"$50,001-$100,000",STOCK/FUND,C,확인,,96.5
9115728,Michael McCaul (R-TX10),4,SP,LPL FINANCIAL HOLDINGS INC,,S,03/02/2026,04/06/2026,"$50,001-$100,000",STOCK/FUND,C,확인,,95.5
9115728,Michael McCaul (R-TX10),4,SP,HEALTHPEAK PROPERTIES INC,,S,03/23/2026,04/06/2026,"$100,001-$250,000",STOCK/FUND,D,확인,,95.1
9115728,Michael McCaul (R-TX10),4,SP,CHEVRON CORP,,S,03/04/2026,04/06/2026,"$100,001-$250,000",STOCK/FUND,D,확인,,96.2
9115728,Michael McCaul (R-TX10),4,SP,VANGUARD INDEX FDS VANGUARD TOTAL STK MKT ETF,,P,03/31/2026,04/06/2026,"$1,001-$15,000",STOCK/FUND,A,확인,,96.6
9115728,Michael McCaul (R-TX10),4,SP,ISHARES CORE S&P 500 ETF,,P,03/20/2026,04/06/2026,"$1,001-$15,000",STOCK/FUND,A,확인,,92.1
9115728,Michael McCaul (R-TX10),4,SP,DIMENSIONAL ETF TRUST INTERNATIONAL CORE EQUITY 2 ETF,,P,03/26/2026,04/06/2026,"$1,001-$15,000",STOCK/FUND,A,확인,,96.2
9115728,Michael McCaul (R-TX10),4,SP,VANGUARD INDEX FDS VANGUARD TOTAL STK MKT ETF,,P,03/31/2026,04/06/2026,"$1,001-$15,000",STOCK/FUND,A,확인,,96.5
9115728,Michael McCaul (R-TX10),4,SP,VANGUARD INDEX FUNDS S&P 500 ETF USD,,P,03/31/2026,04/06/2026,"$1,001-$15,000",STOCK/FUND,A,확인,,96.0
9115728,Michael McCaul (R-TX10),4,SP,VANGUARD TOTAL STOCK MARKET INDEX ADMIRAL,,P,03/27/2026,04/06/2026,"$1,001-$15,000",STOCK/FUND,A,확인,,96.7
9115728,Michael McCaul (R-TX10),4,SP,NORTHERN INTERMED TAX EXEMPT FUND,,P,03/24/2026,04/06/2026,"$15,001-$50,000",STOCK/FUND,B,확인,,96.4
9115728,Michael McCaul (R-TX10),4,SP,VANGUARD INDEX FUNDS S&P 500 ETF USD,,P,03/31/2026,04/06/2026,"$15,001-$50,000",STOCK/FUND,B,확인,,96.2
9115728,Michael McCaul (R-TX10),4,SP,VANGUARD TOTAL STOCK MARKET INSTL,,P,03/27/2026,04/06/2026,"$15,001-$50,000",STOCK/FUND,B,확인,,95.1
9115728,Michael McCaul (R-TX10),4,SP,DFA EMERGING MRKTS CORE EQU PORTE,,P,03/30/2026,04/06/2026,"$1,001-$15,000",STOCK/FUND,A,확인,,87.3
9115728,Michael McCaul (R-TX10),4,SP,DIMENSIONAL ETF TRUST INTERNATIONAL CORE EQUITY 2 ETF,,P,03/26/2026,04/06/2026,"$1,001-$15,000",STOCK/FUND,A,확인,,96.7
9115728,Michael McCaul (R-TX10),4,SP,VANGUARD DEVELOPED MARKETS INDEX FUND ETF,,P,03/24/2026,04/06/2026,"$1,001-$15,000",STOCK/FUND,A,확인,,96.5
9115728,Michael McCaul (R-TX10),4,SP,ISHARES CORE S&P 500 ETF,,P,03/20/2026,04/06/2026,"$1,001-$15,000",STOCK/FUND,A,확인,,95.4
9115728,Michael McCaul (R-TX10),4,SP,DFA INTERNATIONAL CORE EQUITY,,P,03/30/2026,04/06/2026,"$1,001-$15,000",STOCK/FUND,A,확인,,96.5
9115728,Michael McCaul (R-TX10),4,SP,VANGUARD INDEX FUNDS S&P 500 ETF USD,,P,03/31/2026,04/06/2026,"$1,001-$15,000",STOCK/FUND,A,확인,,96.3
9115728,Michael McCaul (R-TX10),4,SP,VANGUARD TOTAL STOCK MARKET INDEX ADMIRAL,,P,03/27/2026,04/06/2026,"$1,001-$15,000",STOCK/FUND,A,확인,,96.6
9115728,Michael McCaul (R-TX10),4,SP,DIMENSIONAL ETF TRUST INTERNATIONAL CORE EQUITY 2 ETF,,P,03/26/2026,04/06/2026,"$1,001-$15,000",STOCK/FUND,A,확인,,96.1
9115728,Michael McCaul (R-TX10),4,SP,ISHARES CORE S&P 500 ETF,,P,03/20/2026,04/06/2026,"$1,001-$15,000",STOCK/FUND,A,확인,,94.5
9115728,Michael McCaul (R-TX10),5,,VANAUARO NOEXROSVANCUARPRORASMERERR ———SS—=“—T*~‘“*~*É*SCCYC*DSC*DSC,,P,we‘,apeemwe,"$1,001-$15,000",STOCK/FUND,A,의심,date;notified;owner;name-illegible,14.7
9115820,Michael McCaul (R-TX10),1,SP,OHIO ST WTR DEV AUTH REV WTR DEV REV BDS,,P,04/09/2026,05/02/2026,"$250,001-$500,000",STOCK/FUND,E,확인,,95.0
9115820,Michael McCaul (R-TX10),1,SP,VIRGINIA COLLEGE BLDG AUTH VA EDL,,P,04/08/2026,05/02/2026,"$250,001-$500,000",STOCK/FUND,E,확인,,96.4
9115820,Michael McCaul (R-TX10),1,SP,UNIVERSITY HOUSTON TEX UNIV REVS,,P,04/07/2026,05/02/2026,"$100,001-$250,000",STOCK/FUND,D,확인,,96.4
9115820,Michael McCaul (R-TX10),1,SP,INDIANAPOLIS IND WTR SYS REV REF REV BDS,,P,04/24/2026,05/02/2026,"$100,001-$250,000",STOCK/FUND,D,확인,,95.3
9115820,Michael McCaul (R-TX10),1,SP,CONNECTICUT ST SPL TAX OBLIG REV SPL,,P,04/29/2026,05/02/2026,"$100,001-$250,000",STOCK/FUND,D,확인,,94.0
9115820,Michael McCaul (R-TX10),1,SP,JACKSON CNTY MO SPL OBLIG SPL OBLIG BDS,,P,04/15/2026,05/02/2026,"$100,001-$250,000",STOCK/FUND,D,확인,,93.9
9115820,Michael McCaul (R-TX10),1,SP,LONG BEACH CALIF UNI SCH DIST GO BDS,,P,04/13/2026,05/02/2026,"$100,001-$250,000",STOCK/FUND,D,확인,,94.5
9115820,Michael McCaul (R-TX10),1,SP,IOWA ST SPL OBLIG JOB PROG SPL OBLIG,,P,04/08/2026,05/02/2026,"$100,001-$250,000",STOCK/FUND,D,확인,,86.0
9115820,Michael McCaul (R-TX10),1,SP,CALIFORNIA INFRASTRUCTURE,,P,04/07/2026,05/02/2026,"$100,001-$250,000",STOCK/FUND,D,확인,,96.6
9115820,Michael McCaul (R-TX10),1,SP,ALLIANCE LAUNDRY HLDGS INC,,P,04/16/2026,05/02/2026,"$50,001-$100,000",STOCK/FUND,C,확인,,94.4
9115820,Michael McCaul (R-TX10),1,SP,INSIGHT ENTERPRISES INC,,P,04/23/2026,05/02/2026,"$15,001-$50,000",STOCK/FUND,B,확인,,79.2
9115820,Michael McCaul (R-TX10),1,SP,MAYS-ALLOCATE LP,,P,04/08/2026,05/02/2026,"$15,001-$50,000",STOCK/FUND,B,확인,,88.9
9115820,Michael McCaul (R-TX10),1,SP,MAYS-ALLOCATE 2025 LP,,P,04/03/2026,05/02/2026,"$15,001-$50,000",STOCK/FUND,B,확인,,92.2
9115820,Michael McCaul (R-TX10),1,SP,EQT CORP COM,,P,04/09/2026,05/02/2026,"$15,001-$50,000",STOCK/FUND,B,확인,,95.3
9115820,Michael McCaul (R-TX10),1,SP,ONEMAIN HLDGS INC,,P,04/09/2026,05/02/2026,"$15,001-$50,000",STOCK/FUND,B,확인,,92.6
9115820,Michael McCaul (R-TX10),1,SP,EQT CORP COM,,P,04/24/2026 -|,05/02/2026,"$15,001-$50,000",STOCK/FUND,B,의심,date,94.5
9115820,Michael McCaul (R-TX10),1,SP,MAYS-ALLOCATE LP,,P,04/27/2026,05/02/2026,"$15,001-$50,000",STOCK/FUND,B,확인,,93.1
9115820,Michael McCaul (R-TX10),1,SP,TERADYNE INC,,P,04/29/2026,05/02/2026,"$15,001-$50,000",STOCK/FUND,B,확인,,94.6
9115820,Michael McCaul (R-TX10),1,SP,HURON CONSULTING GROUP INC,,P,04/23/2026,05/02/2026,"$15,001-$50,000",STOCK/FUND,B,확인,,96.3
9115820,Michael McCaul (R-TX10),1,SP,KEYSIGHT TECHNOLOGIES INC,,P,04/17/2026,05/02/2026,"$15,001-$50,000",STOCK/FUND,B,확인,,95.1
9115820,Michael McCaul (R-TX10),1,SP,S&P GLOBAL INC,,P,04/01/2026,05/02/2026,"$1,001-$15,000",STOCK/FUND,A,확인,,95.8
9115820,Michael McCaul (R-TX10),1,SP,MAYS-ALLACATE LP,,P,04/20/2026,05/02/2026,"$1,001-$15,000",STOCK/FUND,A,확인,,90.4
9115820,Michael McCaul (R-TX10),1,SP,DANAHER CORPORATION COM,,P,04/28/2026,05/02/2026,"$1,001-$15,000",STOCK/FUND,A,확인,,95.3
9115820,Michael McCaul (R-TX10),1,SP,EQT CORP COM,,P,04/23/2026,05/02/2026,"$1,001-$15,000",STOCK/FUND,A,확인,,95.2
9115820,Michael McCaul (R-TX10),1,SP,"EVERPURE, INC. CLASS A",,P,04/27/2026,05/02/2026,"$1,001-$15,000",STOCK/FUND,A,확인,,94.4
9115820,Michael McCaul (R-TX10),2,SP,SIEMENS ENERGY AG SPON ADS,,P,04/27/2026,05/02/2026,"$1,001-$15,000",STOCK/FUND,A,확인,,94.6
9115820,Michael McCaul (R-TX10),2,SP,SAP ADR,,P,04/20/2026,05/02/2026,"$1,001-$15,000",STOCK/FUND,A,확인,,77.9
9115820,Michael McCaul (R-TX10),2,SP,ARTHUR J. GALLAGHER & CO. . : . °,,P,04/06/2026,05/02/2026,"$1,001-$15,000",STOCK/FUND,A,확인,,70.8
9115820,Michael McCaul (R-TX10),2,SP,WORKDAY INC COMCLA,,P,04/20/2026,05/02/2026,"$1,001-$15,000",STOCK/FUND,A,확인,,75.6
9115820,Michael McCaul (R-TX10),2,SP,MASTERCARD INCORPORATED CLA,MA,P,04/17/2026,05/02/2026,"$1,001-$15,000",STOCK/FUND,A,확인,,96.3
9115820,Michael McCaul (R-TX10),2,SP,S&P GLOBAL INC COM,,P,04/14/2026,05/02/2026,"$1,001-$15,000",STOCK/FUND,A,확인,,93.1
9115820,Michael McCaul (R-TX10),2,SP,INTUIT INC,,P,04/02/2026,05/02/2026,"$1,001-$15,000",STOCK/FUND,A,의심,name-illegible,51.4
9115820,Michael McCaul (R-TX10),2,SP,MASTERCARD INCORPORATED CLA,MA,P,04/01/2026,05/02/2026,"$1,001-$15,000",STOCK/FUND,A,확인,,95.1
9115820,Michael McCaul (R-TX10),2,SP,META PLATFORMS INC CLASS A,META.O,P,04/17/2026,05/02/2026,"$1,001-$15,000",STOCK/FUND,A,확인,,96.0
9115820,Michael McCaul (R-TX10),2,SP,REDDIT INCCLA,,P,04/17/2026,05/02/2026,"$1,001-$15,000",STOCK/FUND,A,확인,,60.5
9115820,Michael McCaul (R-TX10),2,SP,ARTHUR J. GALLAGHER & CO. ISIN #US3635761097 SEDOL #BDIQWIJO,,P,04/07/2026,05/02/2026,"$1,001-$15,000",STOCK/FUND,A,확인,,86.2
9115820,Michael McCaul (R-TX10),2,SP,INTUIT INC,,P,- 04/20/2026,05/02/2026,"$1,001-$15,000",STOCK/FUND,A,의심,date,94.0
9115820,Michael McCaul (R-TX10),2,SP,S&P GLOBAL INC,,P,04/28/2026,05/02/2026,"$1,001-$15,000",STOCK/FUND,A,의심,name-illegible,59.6
9115820,Michael McCaul (R-TX10),2,SP,S&P GLOBAL INC COM,,P,04/20/2026,- 5/2/2026 [|,"$1,001-$15,000",STOCK/FUND,A,의심,notified,63.9
9115820,Michael McCaul (R-TX10),2,SP,MASTERCARD INCORPORATED CLA,MA,P,04/28/2026,05/02/2026,"$1,001-$15,000",STOCK/FUND,A,확인,,96.3
9115820,Michael McCaul (R-TX10),2,SP,WORKDAY INC CLA . : ‘,,P,04/23/2026,05/02/2026,"$1,001-$15,000",STOCK/FUND,A,확인,,70.0
9115820,Michael McCaul (R-TX10),2,SP,MAYS-ALLOCATE LP,,P,04/14/2026,05/02/2026,"$1,001-$15,000",STOCK/FUND,A,확인,,86.4
9115820,Michael McCaul (R-TX10),2,SP,MAYS-ALLOCATE 2025 LP,,P,04/24/2026,05/02/2026,"$1,001-$15,000",STOCK/FUND,A,확인,,94.0
9115820,Michael McCaul (R-TX10),2,SP,WORKDAY INC CLA,,P,04/28/2026,05/02/2026,"$1,001-$15,000",STOCK/FUND,A,확인,,86.0
9115820,Michael McCaul (R-TX10),2,SP,INTUIT INC,,P,04/29/2026,05/02/2026,"$1,001-$15,000",STOCK/FUND,A,확인,,86.6
9115820,Michael McCaul (R-TX10),2,SP,ESTEE LAUDER COMPANIES INC CLASS A,,P,04/08/2026,05/02/2026,"$1,001-$15,000",STOCK/FUND,A,확인,,95.5
9115820,Michael McCaul (R-TX10),2,SP,ESTEE LAUDER COMPANIES INC COM USD0.01 CLASS A,,P,04/09/2026,05/02/2026,"$1,001-$15,000",STOCK/FUND,A,확인,,76.3
9115820,Michael McCaul (R-TX10),2,SP,ESTEE LAUDER COMPANIES INC CLASS A,,P,04/01/2026,05/02/2026,"$1,001-$15,000",STOCK/FUND,A,확인,,95.7
9115820,Michael McCaul (R-TX10),2,SP,MAYS-ALLOCATE 2025 LP,,P,04/28/2026,05/02/2026,"$1,001-$15,000",STOCK/FUND,A,확인,,61.7
9115820,Michael McCaul (R-TX10),2,SP,HUMANA INC,,P,04/10/2026,05/02/2026,"$1,001-$15,000",STOCK/FUND,A,의심,name-illegible,58.8
9115820,Michael McCaul (R-TX10),2,SP,MASTERCARD INCORPORATED CLA,MA,S,04/27/2026,05/02/2026,"$1,001-$15,000",STOCK/FUND,A,확인,,95.4
9115820,Michael McCaul (R-TX10),3,SP,ASML HOLDING NV EURO,ASML.O,S,04/17/2026,05/02/2026,"$1,001-$15,000",STOCK/FUND,A,확인,,96.1
9115820,Michael McCaul (R-TX10),3,SP,BAYER AG SPON ADR,,S,04/15/2026,05/02/2026,"$1,001-$15,000",STOCK/FUND,A,확인,,85.9
9115820,Michael McCaul (R-TX10),3,SP,ASMLHOLDING NV EURO,,S,04/06/2026,05/02/2026,"$1,001-$15,000",STOCK/FUND,A,확인,,82.8
9115820,Michael McCaul (R-TX10),3,SP,WOODWARD INC COM,,S,04/22/2026,05/02/2026,"$1,001-$15,000",STOCK/FUND,A,확인,,96.3
9115820,Michael McCaul (R-TX10),3,SP,WOODWARD INCCOM,,S,04/02/2026,05/02/2026,"$1,001-$15,000",STOCK/FUND,A,의심,name-illegible,28.4
9115820,Michael McCaul (R-TX10),3,SP,WOODWARD INC COM,,S,04/13/2026,05/02/2026,"$1,001-$15,000",STOCK/FUND,A,확인,,96.5
9115820,Michael McCaul (R-TX10),3,SP,BAYER AG SPON ADR J,,S,04/08/2026,05/02/2026,"$1,001-$15,000",STOCK/FUND,A,확인,,88.0
9115820,Michael McCaul (R-TX10),3,SP,SHELL PLC SPON ADS J,,S,04/23/2026,05/02/2026,"$1,001-$15,000",STOCK/FUND,A,확인,,86.0
9115820,Michael McCaul (R-TX10),3,SP,AERCAP HOLDINGS N.V. EURO.01,,S,04/10/2026,05/02/2026,"$1,001-$15,000",STOCK/FUND,A,확인,,87.1
9115820,Michael McCaul (R-TX10),3,SP,FAIR ISAAC CORP,,S,04/22/2026,05/02/2026,"$1,001-$15,000",STOCK/FUND,A,확인,,96.4
9115820,Michael McCaul (R-TX10),3,SP,VULCAN MATERIALS CO,VMC,S,04/29/2026,05/02/2026,"$1,001-$15,000",STOCK/FUND,A,확인,,96.6
9115820,Michael McCaul (R-TX10),3,SP,VISA INC,V,S,04/27/2026,05/02/2026,"$1,001-$15,000",STOCK/FUND,A,확인,,65.5
9115820,Michael McCaul (R-TX10),3,SP,AERCAP HOLDINGS N.V. EURO,,S,04/30/2026,5/2/2026 -|,"$1,001-$15,000",STOCK/FUND,A,의심,notified,92.6
9115820,Michael McCaul (R-TX10),3,SP,CONOCOPHILLIPS COM,,S,04/01/2026,05/02/2026,"$1,001-$15,000",STOCK/FUND,A,확인,,96.3
9115820,Michael McCaul (R-TX10),3,SP,BAYER AG SPON ADR,,S,04/23/2026,05/02/2026,"$15,001-$50,000",STOCK/FUND,B,확인,,80.0
9115820,Michael McCaul (R-TX10),3,SP,GE VERNOVA INC =,GEV,S,04/29/2026,05/02/2026,"$15,001-$50,000",STOCK/FUND,B,확인,,88.6
9115820,Michael McCaul (R-TX10),3,SP,CTS CORP,,S,04/23/2026,05/02/2026,"$15,001-$50,000",STOCK/FUND,B,확인,,96.0
9115820,Michael McCaul (R-TX10),3,SP,SHELL PLC SPON ADS,,S,04/24/2026,05/02/2026,"$15,001-$50,000",STOCK/FUND,B,확인,,94.5
9115820,Michael McCaul (R-TX10),3,SP,AON PLC SHS CLA COM USDO.01,,S,04/06/2026,05/02/2026,"$15,001-$50,000",STOCK/FUND,B,확인,,91.3
9115820,Michael McCaul (R-TX10),3,SP,NORTHERN TAX-ADVGT ULTRA-SHRT FIXED INC,,S,04/21/2026,05/02/2026,"$15,001-$50,000",STOCK/FUND,B,확인,,93.7
9115820,Michael McCaul (R-TX10),3,SP,SHELL PLC SPON ADS,,S,04/07/2026,05/02/2026,"$15,001-$50,000",STOCK/FUND,B,확인,,94.4
9115820,Michael McCaul (R-TX10),3,SP,INTUIT INC,,S,04/17/2026,05/02/2026,"$15,001-$50,000",STOCK/FUND,B,확인,,90.6
9115820,Michael McCaul (R-TX10),3,SP,NORTHERN TAX-ADVGT ULTRA-SHRT FIXED INC - ~,,S,04/02/2026,05/02/2026,"$15,001-$50,000",STOCK/FUND,B,확인,,71.9
9115820,Michael McCaul (R-TX10),3,SP,ARROW ELECTRONICS INC,,S,04/23/2026,05/02/2026,"$50,001-$100,000",STOCK/FUND,C,확인,,73.1
9115820,Michael McCaul (R-TX10),3,SP,APPLIED INDUSTRIAL TECHNOLOGIES INC,,S,04/09/2026,05/02/2026,"$50,001-$100,000",STOCK/FUND,C,확인,,82.7
9115820,Michael McCaul (R-TX10),3,SP,NEBRASKA INVT FIN AUTH SINGLE FAMILY,,S,04/14/2026,05/02/2026,"$500,001-$1,000,000",STOCK/FUND,F,확인,,94.9
9115820,Michael McCaul (R-TX10),4,SP,CENCORA INC COM,,S,04/30/2026,05/02/2026,"$100,001-$250,000",STOCK/FUND,D,확인,,71.1
9115820,Michael McCaul (R-TX10),4,SP,STATE STREET SPDR S&P SOO ETF UNITS,,P,04/30/2026,05/02/2026,"$1,001-$15,000",STOCK/FUND,A,확인,,71.5
9115820,Michael McCaul (R-TX10),4,SP,CLIFFWATER ENHANCED LENDING FUND INSTL,,P,04/02/2026,05/02/2026,"$15,001-$50,000",STOCK/FUND,B,확인,,91.2
9115820,Michael McCaul (R-TX10),4,SP,NORTHERN INTERMED TAX EXEMPT FUND,,P,04/23/2026,05/02/2026,"$50,001-$100,000",STOCK/FUND,C,확인,,96.5
9115820,Michael McCaul (R-TX10),4,SP,STATE STREET SPDR S&P 500 ETF UNITS,,P,04/30/2026,05/02/2026,"$1,001-$15,000",STOCK/FUND,A,확인,,94.6
9115820,Michael McCaul (R-TX10),4,SP,CLIFFWATER CORPORATE LENDING FUND,,P,04/02/2026,05/02/2026,"$15,001-$50,000",STOCK/FUND,B,확인,,94.1
9115820,Michael McCaul (R-TX10),4,SP,CLIFFWATER ENHANCED LENDING FUND INSTL,,P,04/02/2026,05/02/2026,"$15,001-$50,000",STOCK/FUND,B,확인,,94.0
9115820,Michael McCaul (R-TX10),4,SP,STATE STREET SPDR S&P 500 ETF UNITS,,P,04/30/2026,05/02/2026,"$1,001-$15,000",STOCK/FUND,A,확인,,95.5
9115820,Michael McCaul (R-TX10),4,,VANGUARD INDEX FDS VANGUARD TOTAL STK MKT ETF,,S,04/28/2026,05/02/2026,"$50,001-$100,000",STOCK/FUND,C,의심,owner,96.4
9115822,Ro Khanna (D-CA17),02,,JPMORGAN BASKET OF AHUJA INDICES CHASE 2020 & IRREV CO. LINKED TRUST FBO TO,,P/E,04/21/2026,05/04/2026,I/K,STOCK/FUND,IK,의심,amount-multi;type;owner,90.6
9115822,Ro Khanna (D-CA17),02,DC,AMAZON.COM INC CMN,AMZN.O,P,04/02/2026,05/04/2026,"$1,001-$15,000",STOCK/FUND,A,확인,,92.2
9115822,Ro Khanna (D-CA17),03,,"SPYPEYST PROVIDE FULL NAME, NOT TIEKER SYMBOL",,P/E,MM/DOyTY,AIM/DO/YY,I/K,STOCK/FUND,IK,의심,amount-multi;type;date;notified;owner;name-illegible,57.5
9115822,Ro Khanna (D-CA17),03,,AHUJA DC GRANDCHILDREN'S NASDAQ INC. CMN EDUCATION TRUST,,P/S/E,04/22/2026,05/04/2026,I/K,STOCK/FUND,IK,의심,amount-multi;type;owner,85.7
9115822,Ro Khanna (D-CA17),03,,OC LIONSGATE STUDIOS CORP CMN,,S,04/22/2026,05/04/2026,"$1,001-$15,000",STOCK/FUND,A,의심,owner,93.0
9115822,Ro Khanna (D-CA17),03,DC,"MICRON TECHNOLOGY, INC.CMN",MU.O,S,04/27/2026,05/04/2026,"$1,001-$15,000",STOCK/FUND,A,확인,,76.1
9115822,Ro Khanna (D-CA17),04,,BERKSHIRE DECLARATION HATHAWAY OF TRUST INC. CLASS B,BRKb,P/E,04/13/2026,05/04/2026,I/K,STOCK/FUND,IK,의심,amount-multi;type;owner,79.9
9115822,Ro Khanna (D-CA17),04,SP,"THE HOME DEPOT, INC. CMN",,P,04/13/2026,05/04/2026,"$15,001-$50,000",STOCK/FUND,B,확인,,81.0
9115822,Ro Khanna (D-CA17),04,SP,"CISCO SYSTEMS, INC. CMIN",CSCO.O,P,04/13/2026,05/04/2026,"$15,001-$50,000",STOCK/FUND,B,확인,,65.2
9115822,Ro Khanna (D-CA17),04,SP,OHNSON & JOHNSON CMN,,P,04/13/2026,05/04/2026,"$15,001-$50,000",STOCK/FUND,B,확인,,68.7
9115822,Ro Khanna (D-CA17),04,SP,THERMO FISHER SCIENTIFICINCCMN,,P,04/13/2026,05/04/2026,"$15,001-$50,000",STOCK/FUND,B,의심,name-illegible,35.3
9115822,Ro Khanna (D-CA17),04,SP,STRYKER CORPORATION CMN,,P,04/13/2026,05/04/2026,"$15,001-$50,000",STOCK/FUND,B,확인,,72.3
9115822,Ro Khanna (D-CA17),04,SP,AUTOMATIC CMN DATA PROCESSING INC,,P,04/13/2026,05/04/2026,"$15,001-$50,000",STOCK/FUND,B,확인,,92.3
9115822,Ro Khanna (D-CA17),04,,CLASS [MASTERCARD A INCORPORATED CMIN,MA,P,04/13/2026,08/04/2026,"$15,001-$50,000",STOCK/FUND,B,의심,owner,74.4
9115822,Ro Khanna (D-CA17),04,SP,LINTUITINCCMN,,P,04/13/2026,05/04/2026,"$1,001-$15,000",STOCK/FUND,A,의심,name-illegible,36.6
9115822,Ro Khanna (D-CA17),04,SP,JINTLBUSINESS MACHINES CORPCMN,,P,04/13/2026,05/04/2026,"$1,001-$15,000",STOCK/FUND,A,확인,,60.7
9115822,Ro Khanna (D-CA17),04,SP,HONEYWELL INTL INC CMIN,,P,04/13/2026,05/04/2026,"$1,001-$15,000",STOCK/FUND,A,확인,,63.9
9115822,Ro Khanna (D-CA17),04,,VERTEX CMN PHARMACEUTICALS INCORPO,,P,04/13/2026,05/04/2026,"$1,001-$15,000",STOCK/FUND,A,의심,owner,72.2
9115822,Ro Khanna (D-CA17),04,SP,PALO ALTO NETWORKS INC. CMN,PANW.O,P,04/13/2026,05/04/2026,"$1,001-$15,000",STOCK/FUND,A,확인,,82.6
9115822,Ro Khanna (D-CA17),04,,ARES CMN CLASS MANAGEMENT A CORPORATION,,P,04/13/2026,05/04/2026,"$1,001-$15,000",STOCK/FUND,A,의심,owner,85.1
9115822,Ro Khanna (D-CA17),04,SP,SERVICENOW INC CMN,NOW,P,04/13/2026,05/04/2026,"$1,001-$15,000",STOCK/FUND,A,확인,,79.5
9115822,Ro Khanna (D-CA17),04,SP,TYX COMPANIES INC (NEW) CMN,,P,04/13/2026,05/04/2026,"$1,001-$15,000",STOCK/FUND,A,확인,,75.4
9115822,Ro Khanna (D-CA17),04,SP,"NEXTERA ENERGY, INC. CMN",,P,04/13/2026,05/04/2026,"$1,001-$15,000",STOCK/FUND,A,확인,,92.8
9115822,Ro Khanna (D-CA17),05,,LKKR DECLARATION & CO. INC. OF CMN TRUST,,P/E,04/13/2026,05/04/2026,I/K,STOCK/FUND,IK,의심,amount-multi;type;owner,77.5
9115822,Ro Khanna (D-CA17),05,SP,JACCENTURE PLC CMN CLASS A,,P,04/13/2026,05/04/2026,"$1,001-$15,000",STOCK/FUND,A,확인,,71.4
9115822,Ro Khanna (D-CA17),05,SP,PRIZER INC. CMN,,P,04/13/2026,05/04/2026,"$1,001-$15,000",STOCK/FUND,A,확인,,76.8
9115822,Ro Khanna (D-CA17),05,SP,CORPAY INC CMN,,P,04/13/2026,05/04/2026,"$1,001-$15,000",STOCK/FUND,A,의심,name-illegible,56.7
9115822,Ro Khanna (D-CA17),05,SP,NASDAQ INC. CMN,,P,04/13/2026,05/04/2026,"$1,001-$15,000",STOCK/FUND,A,확인,,61.4
9115822,Ro Khanna (D-CA17),05,,CHARLES CMN SCHWAB CORPORATION,,P,04/13/2026,05/04/2026,"$1,001-$15,000",STOCK/FUND,A,의심,owner,80.3
9115822,Ro Khanna (D-CA17),05,,IDEXX LABORATORIES CMN,,P,04/13/2026,05/04/2026,"$1,001-$15,000",STOCK/FUND,A,의심,owner,61.7
9115822,Ro Khanna (D-CA17),05,SP,EMERSON ELECTRIC CO. CMN,,P,04/13/2026,05/04/2026,"$1,001-$15,000",STOCK/FUND,A,확인,,83.2
9115822,Ro Khanna (D-CA17),05,,"5PLCOPART, INC. CMN",,P,04/13/2026,05/04/2026,"$1,001-$15,000",STOCK/FUND,A,의심,owner;name-illegible,58.6
9115822,Ro Khanna (D-CA17),05,SP,LAPOBE INC CMN,,P,04/13/2026,05/04/2026,"$1,001-$15,000",STOCK/FUND,A,의심,name-illegible,45.0
9115822,Ro Khanna (D-CA17),05,SP,CADENCE DESIGN SYSTEMS INCCMN,,P,04/13/2026,05/04/2026,"$1,001-$15,000",STOCK/FUND,A,의심,name-illegible,28.4
9115822,Ro Khanna (D-CA17),05,SP,"LSYNOPSYS, INC. CMN",,P,04/13/2026,05/04/2026,"$1,001-$15,000",STOCK/FUND,A,확인,,61.5
9115822,Ro Khanna (D-CA17),05,SP,"CHIPOTLE MEXICAN GRILL,INC.CMN",,P,04/13/2026,05/04/2026,"$1,001-$15,000",STOCK/FUND,A,확인,,72.1
9115822,Ro Khanna (D-CA17),05,SP,FECOLAB INC. CMN,,P,04/13/2026,05/04/2026,"$1,001-$15,000",STOCK/FUND,A,확인,,60.3
9115822,Ro Khanna (D-CA17),05,SP,"PAYCHEX, INC. CMN",,P,04/13/2026,05/04/2026,"$1,001-$15,000",STOCK/FUND,A,확인,,60.6
9115822,Ro Khanna (D-CA17),05,SP,MARSH ORD CMN,,P,04/13/2026,05/04/2026,"$1,001-$15,000",STOCK/FUND,A,확인,,61.5
9115822,Ro Khanna (D-CA17),05,SP,THE BANK OF NY MELLON CORPCMN,,P,04/13/2026,05/04/2026,"$1,001-$15,000",STOCK/FUND,A,확인,,77.1
9115822,Ro Khanna (D-CA17),05,,SEAGATE ICMN TECHNOLOGY HOLDIN PLC,STX.O,P,04/13/2026,05/04/2026,"$1,001-$15,000",STOCK/FUND,A,의심,owner,72.3
9115822,Ro Khanna (D-CA17),06,,LEN REGENERON DECLARATION PHARMACEUTICAL OF TRUST INC,,P/E,05/04/2026,,I/K,STOCK/FUND,IK,의심,amount-multi;type;notified;owner,86.2
9115822,Ro Khanna (D-CA17),06,SP,ICARVANA CO. CMN CLASS A,,P,05/04/2026,,"$1,001-$15,000",STOCK/FUND,A,의심,notified,78.3
9115822,Ro Khanna (D-CA17),06,SP,"ANALOG DEVICES, INC. CMN",,P,05/04/2026,,"$1,001-$15,000",STOCK/FUND,A,의심,notified,78.9
9115822,Ro Khanna (D-CA17),06,SP,WESTERN DIGITALCORPORATIONCMN,WDC.O,P,05/04/2026,,"$1,001-$15,000",STOCK/FUND,A,의심,notified;name-illegible,45.6
9115822,Ro Khanna (D-CA17),06,SP,"AUTOZONE, INC. CMN",,P,05/04/2026,,"$1,001-$15,000",STOCK/FUND,A,의심,notified,70.5
9115822,Ro Khanna (D-CA17),06,SP,FACTSET RESEARCH SYSTEMS INCCMN,,P,,05/04/2026,"$1,001-$15,000",STOCK/FUND,A,의심,date,73.5
9115822,Ro Khanna (D-CA17),06,SP,"PNC FINANCIAL SERVICES GROUP, CMN",,P,05/04/2026,,"$1,001-$15,000",STOCK/FUND,A,의심,notified,77.0
9115822,Ro Khanna (D-CA17),06,,SROADRIDGE IN CMN FINANCIAL SOLUTIONS,,P,05/04/2026,,"$1,001-$15,000",STOCK/FUND,A,의심,notified;owner,79.8
9115822,Ro Khanna (D-CA17),06,SP,WALT DISNEY COMPANY (THE)CMN,,P,05/04/2026,,"$1,001-$15,000",STOCK/FUND,A,의심,notified,68.0
9115822,Ro Khanna (D-CA17),06,SP,AIR PRODUCTS & CHEMICALS INCCMN,,P,05/04/2026,,"$1,001-$15,000",STOCK/FUND,A,의심,notified,80.7
9115822,Ro Khanna (D-CA17),06,SP,"WORKDAY, INC, CMN CLASS A",,P,05/04/2026,,"$1,001-$15,000",STOCK/FUND,A,의심,notified,68.8
9115822,Ro Khanna (D-CA17),06,SP,THE PROGRESSIVE CORPORATION CMN,,P,05/04/2026,,"$1,001-$15,000",STOCK/FUND,A,의심,notified,61.4
9115822,Ro Khanna (D-CA17),06,,"CMN [RAYMOND JAMES FINANCIAL, INC",,P,05/04/2026,,"$1,001-$15,000",STOCK/FUND,A,의심,notified;owner,83.6
9115822,Ro Khanna (D-CA17),06,,"CMN {INTERACTIVE CLASS A BROKERS GROUP, INC",,P,05/04/2026,,"$1,001-$15,000",STOCK/FUND,A,의심,notified;owner,75.8
9115822,Ro Khanna (D-CA17),06,SP,VULCAN MATERIALS CO CMN,VMC,P,05/04/2026,,"$1,001-$15,000",STOCK/FUND,A,의심,notified,78.1
9115822,Ro Khanna (D-CA17),06,SP,LW.W. GRAINGER INC CMN,,P,05/04/2026,,"$1,001-$15,000",STOCK/FUND,A,의심,notified,62.5
9115822,Ro Khanna (D-CA17),06,,"DEXCOM, BALL CORPORATION INC. CMN CMN",,P,05/04/26! 05/04/26],,A/I/K,STOCK/FUND,AIK,의심,amount-multi;date;notified;owner,84.4
9115822,Ro Khanna (D-CA17),07,,"ROBINHOOD DECLARATION MARKETS, OF TRUST INC. CMN",HOOD.O,P/E,04/13/2026,05/04/2026,I/K,STOCK/FUND,IK,의심,amount-multi;type;owner,73.3
9115822,Ro Khanna (D-CA17),07,SP,LUS. BANCORP CMN,,P,04/13/2026,05/04/2026,"$1,001-$15,000",STOCK/FUND,A,확인,,73.8
9115822,Ro Khanna (D-CA17),07,SP,"O'REILLY AUTOMOTIVE, INC. CMN",,P,04/13/2026,05/04/2026,"$1,001-$15,000",STOCK/FUND,A,확인,,79.5
9115822,Ro Khanna (D-CA17),07,SP,CVS HEALTH CORP CMN,,P,04/13/2026,05/04/2026,"$1,001-$15,000",STOCK/FUND,A,확인,,69.2
9115822,Ro Khanna (D-CA17),07,SP,LMSCL INC. CMIN,,P,04/13/2026,05/04/2026,"$1,001-$15,000",STOCK/FUND,A,의심,name-illegible,43.3
9115822,Ro Khanna (D-CA17),07,,C [DELL TECHNOLOGIES INC. CMN CLASS,,P,04/13/2026,05/04/2026,"$1,001-$15,000",STOCK/FUND,A,의심,owner,78.0
9115822,Ro Khanna (D-CA17),07,SP,RORD MOTOR COMPANY CMN,,P,08/13/2026,05/04/2026,"$1,001-$15,000",STOCK/FUND,A,확인,,70.4
9115822,Ro Khanna (D-CA17),07,,HUNTINGTON CMN BANCSHARES INCORPOR,,P,04/13/2026,05/04/2026,"$1,001-$15,000",STOCK/FUND,A,의심,owner,74.7
9115822,Ro Khanna (D-CA17),07,,AMERICAN CMN TOWER CORPORATION,,P,04/13/2026,05/04/2026,"$1,001-$15,000",STOCK/FUND,A,의심,owner,84.8
9115822,Ro Khanna (D-CA17),07,,GENERAL MOTORS COMPANY CMN,,P,04/13/2026,05/04/2026,"$1,001-$15,000",STOCK/FUND,A,의심,owner,80.0
9115822,Ro Khanna (D-CA17),07,SP,ILENNAR CORPORATION CMNCLASSA,,P,04/13/2026,05/04/2026,"$1,001-$15,000",STOCK/FUND,A,확인,,69.6
9115822,Ro Khanna (D-CA17),07,SP,LXXYLEM INC. CMN,,P,04/13/2026,05/04/2026,"$1,001-$15,000",STOCK/FUND,A,의심,name-illegible,58.7
9115822,Ro Khanna (D-CA17),07,,GE CMN HEALTHCARE TECHNOLOGIES INC,,P,04/13/2026,05/04/2026,"$1,001-$15,000",STOCK/FUND,A,의심,owner,76.2
9115822,Ro Khanna (D-CA17),07,,UNION EQTY DN PACIFIC CASH BASE CORP. JSE UNPI INT,,P,04/13/2026,05/04/2026,"$1,001-$15,000",STOCK/FUND,A,의심,owner,88.0
9115822,Ro Khanna (D-CA17),07,SP,ISALESFORCE INC CMN,CRM,P,04/13/2026,05/04/2026,"$1,001-$15,000",STOCK/FUND,A,확인,,61.6
9115822,Ro Khanna (D-CA17),07,SP,"VERISK ANALYTICS, INC. CMN",,P,04/13/2026,05/04/2026,"$1,001-$15,000",STOCK/FUND,A,확인,,68.0
9115822,Ro Khanna (D-CA17),07,,CMN INTERCONTINENTAL EXCHANGE INC,,P,04/13/2026,05/04/2026,"$1,001-$15,000",STOCK/FUND,A,의심,owner,78.6
9115822,Ro Khanna (D-CA17),07,SP,"YUM BRANDS, INC. CMN",,P,04/13/2026,05/04/2026,"$1,001-$15,000",STOCK/FUND,A,확인,,94.8
9115822,Ro Khanna (D-CA17),08,,RESMED DECLARATION INC. CMN OF TRUST,,P/E,04/13/2026,05/04/2026,I/K,STOCK/FUND,IK,의심,amount-multi;type;owner,85.2
9115822,Ro Khanna (D-CA17),08,SP,WELLS FARGO & COMPANY CMN,,P,04/13/2026,05/04/2026,"$1,001-$15,000",STOCK/FUND,A,확인,,82.5
9115822,Ro Khanna (D-CA17),08,,A [APPLOVIN CORPORATION CMN CLASS,,P,04/13/2026,05/04/2026,"$1,001-$15,000",STOCK/FUND,A,의심,owner,81.2
9115822,Ro Khanna (D-CA17),08,SP,"UNITED RENTALS, INC. CMN",,P,04/13/2026,05/04/2026,"$1,001-$15,000",STOCK/FUND,A,확인,,77.7
9115822,Ro Khanna (D-CA17),08,SP,BROADCOM INC. CMN,AVGO.O,P,04/13/2026,05/04/2026,"$1,001-$15,000",STOCK/FUND,A,확인,,92.0
9115822,Ro Khanna (D-CA17),08,SP,ORACLE CORPORATION CMN,ORCL.K,P,04/13/2026,05/04/2026,"$1,001-$15,000",STOCK/FUND,A,확인,,86.1
9115822,Ro Khanna (D-CA17),08,,FEDEX CORPORATION CMN,,P,04/13/2026,05/04/2026,"$1,001-$15,000",STOCK/FUND,A,의심,owner,74.3
9115822,Ro Khanna (D-CA17),08,SP,"ALBERTSONS CLASS A COMPANIES, INC. CMN",,P,04/27/2026,05/04/2026,"$1,001-$15,000",STOCK/FUND,A,확인,,92.9
9115822,Ro Khanna (D-CA17),08,SP,"FROSS STORES,INC CMN",,P,04/13/2026,05/04/2026,"$1,001-$15,000",STOCK/FUND,A,확인,,69.5
9115822,Ro Khanna (D-CA17),08,SP,LULULEMON ATHLETICA INC. CMIN,,P,04/13/2026,05/04/2026,"$1,001-$15,000",STOCK/FUND,A,확인,,66.6
9115822,Ro Khanna (D-CA17),08,SP,"ITYLER TECHNOLOGIES, INC. CMN",,P,04/13/2026,05/04/2026,"$1,001-$15,000",STOCK/FUND,A,확인,,70.5
9115822,Ro Khanna (D-CA17),08,SP,POOL CORP CMN,,P,04/13/2026,05/04/2026,"$1,001-$15,000",STOCK/FUND,A,의심,name-illegible,51.5
9115822,Ro Khanna (D-CA17),08,SP,NCR VOYIX CORP CMN CLASS A,,P,04/21/2026,05/04/2026,"$1,001-$15,000",STOCK/FUND,A,확인,,72.1
9115822,Ro Khanna (D-CA17),08,,STOCK [WATERS CORPORATION COMMON,,P,04/13/2026,05/04/2026,"$1,001-$15,000",STOCK/FUND,A,의심,owner,85.7
9115822,Ro Khanna (D-CA17),08,SP,VISTRA CORP EMN,VST,P,04/13/2026,0s/04/26},"$1,001-$15,000",STOCK/FUND,A,의심,notified,61.2
9115822,Ro Khanna (D-CA17),08,SP,TELEVANCE HEALTH INC CMN,,P,04/13/2026,05/04/2026,"$1,001-$15,000",STOCK/FUND,A,확인,,70.0
9115822,Ro Khanna (D-CA17),08,SP,"PEPSICO, INC. CMN",,P,04/13/2026,05/04/2026,"$1,001-$15,000",STOCK/FUND,A,확인,,73.0
9115822,Ro Khanna (D-CA17),08,SP,DOORDASH INC CMN CLASS A,,P,04/13/2026,05/04/2026,"$1,001-$15,000",STOCK/FUND,A,확인,,84.2
9115822,Ro Khanna (D-CA17),09,SP,INSULET CORPORATION CMN X,,?,04/13/2026,05/04/2026,"$1,001-$15,000",STOCK/FUND,A,의심,type,87.5
9115822,Ro Khanna (D-CA17),09,SP,CMN _|MICROCHIP TECHNOLOGY INCORPORA X,,?,04/13/2026,05/04/2026,"$1,001-$15,000",STOCK/FUND,A,의심,type,71.2
9115822,Ro Khanna (D-CA17),09,SP,STARBUCKS CORP. CMN X,,?,04/13/2026,05/04/2026,"$1,001-$15,000",STOCK/FUND,A,의심,type,87.8
9115822,Ro Khanna (D-CA17),09,SP,SP EBAY KIMBERLY-CLARK INC. CMN CORPORATION CMN | X X,,P/S/E,04/13/26| 04/13/26|,05/04/26} 05/04/26],A/I/K,STOCK/FUND,AIK,의심,amount-multi;type;date;notified,87.4
9115822,Ro Khanna (D-CA17),10,SP,CARRIER GLOBAL CORPORATION CMN,,P/S,04/13/2026,05/04/2026,"$1,001-$15,000",STOCK/FUND,A,의심,type,93.4
9115822,Ro Khanna (D-CA17),10,,"MODERNA, NVIDIA CORPORATION INC. CMN CMN",NVDA.O,P/S,04/13/26| 04/13/26],05/04/26| 05/04/26|,A/I/K,STOCK/FUND,AIK,의심,amount-multi;type;date;notified;owner,89.4
9115822,Ro Khanna (D-CA17),10,SP,"STANLEY BLACK & DECKER, INC.CMN",,P/S,04/13/2026,05/04/2026,"$1,001-$15,000",STOCK/FUND,A,의심,type,93.7
9115822,Ro Khanna (D-CA17),10,SP,INTL.FLAVORS & FRAGRANCE CMN,,P/S,04/13/2026,05/04/2026,"$1,001-$15,000",STOCK/FUND,A,의심,type,83.5
9115822,Ro Khanna (D-CA17),10,SP,UNITED AIRLINES HOLDINGS INCCMN,,S,04/13/2026,05/04/2026,"$1,001-$15,000",STOCK/FUND,A,확인,,94.4
9115822,Ro Khanna (D-CA17),10,SP,COOPER COS INC/THE CMN,,P/S,04/13/2026,05/04/2026,"$1,001-$15,000",STOCK/FUND,A,의심,type,67.8
9115822,Ro Khanna (D-CA17),10,,ON CMN SEMICONDUCTOR CORPORATION,,P/S,04/13/2026,05/04/2026,"$1,001-$15,000",STOCK/FUND,A,의심,type;owner;name-illegible,53.8
9115822,Ro Khanna (D-CA17),10,,STATE CMN STREET CORPORATION (NEW,,P/S,04/13/2026,05/04/2026,"$1,001-$15,000",STOCK/FUND,A,의심,type;owner,73.3
9115822,Ro Khanna (D-CA17),10,SP,FRANKLIN RESOURCES INC CMIN,,P/S,04/13/2026,05/04/2026,"$1,001-$15,000",STOCK/FUND,A,의심,type,69.1
9115822,Ro Khanna (D-CA17),10,SP,REVVITY INC CMN,,P/S,04/13/2026,05/04/2026,"$1,001-$15,000",STOCK/FUND,A,의심,type,63.9
9115822,Ro Khanna (D-CA17),10,SP,INVESCO LTD. CMN,,P/S,04/13/2026,05/04/2026,"$1,001-$15,000",STOCK/FUND,A,의심,type,75.6
9115822,Ro Khanna (D-CA17),10,SP,MOSAIC COMPANY (THE) CMN,,P/S,04/13/2026,05/04/2026,"$1,001-$15,000",STOCK/FUND,A,의심,type,72.2
9115822,Ro Khanna (D-CA17),10,SP,SOUTHWEST AIRLINES CO CMN,,P/S,04/13/2026,05/04/2026,"$1,001-$15,000",STOCK/FUND,A,의심,type,64.4
9115822,Ro Khanna (D-CA17),10,SP,"HP , INC. CMN",,P/S,04/13/2026,05/04/2026,"$1,001-$15,000",STOCK/FUND,A,의심,type,73.2
9115822,Ro Khanna (D-CA17),11,,SP__|PEST AHUJA DECLARATION BUY CO INC OF CMN TRUST,,P/E,05/04/2026,,I/K,STOCK/FUND,IK,의심,amount-multi;type;notified;owner,82.4
9115822,Ro Khanna (D-CA17),11,,EDWARDS CMN LIFESCIENCES CORPORATI,,P,05/04/2026,,"$1,001-$15,000",STOCK/FUND,A,의심,notified;owner,84.3
9115822,Ro Khanna (D-CA17),11,SP,"FORTINET, INC, CMN",FTNT.O,P,05/04/2026,,"$1,001-$15,000",STOCK/FUND,A,의심,notified,81.1
9115822,Ro Khanna (D-CA17),11,SP,JINVITATION HOMES INC. CMN,,P,05/04/2026,,"$1,001-$15,000",STOCK/FUND,A,의심,notified,79.1
9115822,Ro Khanna (D-CA17),11,SP,ILUUNOIS TOOL WORKS CMN,,P,05/04/2026,,"$1,001-$15,000",STOCK/FUND,A,의심,notified,70.8
9115822,Ro Khanna (D-CA17),11,SP,WEYERHAEUSER COMPANY CMN,,P,05/04/2026,,"$1,001-$15,000",STOCK/FUND,A,의심,notified,69.1
9115822,Ro Khanna (D-CA17),11,SP,DECKERS OUTDOORS CORP CMN,,P,05/04/2026,,"$1,001-$15,000",STOCK/FUND,A,의심,notified,83.2
9115822,Ro Khanna (D-CA17),11,SP,VICL PROPERTIES INC. CMIN,,P,05/04/2026,,"$1,001-$15,000",STOCK/FUND,A,의심,notified,76.8
9115822,Ro Khanna (D-CA17),11,SP,SMURFIT CMN WESTROCK PUBLIC LIMITE,,P,05/04/2026,,"$1,001-$15,000",STOCK/FUND,A,의심,notified,82.0
9115822,Ro Khanna (D-CA17),11,,CMNCLASSA_.. |LYONDELLBASELL INDUSTRIES NL,,P,,05/04/2026,"$1,001-$15,000",STOCK/FUND,A,의심,date;owner;name-illegible,36.3
9115822,Ro Khanna (D-CA17),11,SP,LAPTIV PLC CMN,,P,05/04/2026,,"$1,001-$15,000",STOCK/FUND,A,의심,notified;name-illegible,42.0
9115822,Ro Khanna (D-CA17),11,SP,CMN _[BRISTOL-MYERS SQUIBB COMPANY,,P,05/04/2026,,"$1,001-$15,000",STOCK/FUND,A,의심,notified,82.2
9115822,Ro Khanna (D-CA17),11,SP,/CARNIVALCORPORATION CMN,,P,05/04/2026,,"$1,001-$15,000",STOCK/FUND,A,의심,notified;name-illegible,42.3
9115822,Ro Khanna (D-CA17),11,SP,DUPONT DE NEMOURS INC CMN,,P,05/04/2026,,"$1,001-$15,000",STOCK/FUND,A,의심,notified,89.7
9115822,Ro Khanna (D-CA17),11,SP,THE KRAFT HEINZ CO CMN,,P,05/04/2026,,"$1,001-$15,000",STOCK/FUND,A,의심,notified,79.4
9115822,Ro Khanna (D-CA17),12,,"SPCN PROVIDE FULL NOME, SOT TICKER SYMBOT PURCHASE",,P/S/E,MIA/DO/VY,MM/DO/YY,I/K,STOCK/FUND,IK,의심,amount-multi;type;date;notified;owner;name-illegible,57.8
9115822,Ro Khanna (D-CA17),12,,RITU SP AHUJA _|UNDE DECFARATION PLC CMN OF TRUST X,,P/S/E,04/13/2026,05/04/2026,I/K,STOCK/FUND,IK,의심,amount-multi;type;owner,80.6
9115822,Ro Khanna (D-CA17),12,SP,FASTENAL COMPANY CMN X,,P,04/13/2026,05/04/2026,"$1,001-$15,000",STOCK/FUND,A,확인,,79.5
9115822,Ro Khanna (D-CA17),12,,"CP _|AUBERTSONS CLASS A COMPANIES, INC. CMIN X",,P,04/28/2026,05/04/2026,"$1,001-$15,000",STOCK/FUND,A,의심,owner,80.6
9115822,Ro Khanna (D-CA17),12,SP,"EPAM SYSTEMS, INC. CMN X",,P,04/13/2026,05/04/2026,"$1,001-$15,000",STOCK/FUND,A,확인,,71.1
9115822,Ro Khanna (D-CA17),12,SP,LERIGROUP INC. CMN X,,P,04/13/2026,05/04/2026,"$1,001-$15,000",STOCK/FUND,A,확인,,66.8
9115822,Ro Khanna (D-CA17),12,SP,PHILIP MORRIS INTLINC CMN X,,P,04/13/2026,05/04/2026,"$1,001-$15,000",STOCK/FUND,A,확인,,79.9
9115822,Ro Khanna (D-CA17),12,,"CP [ALBERTSONS CLASS A COMPANIES, INC. CMIN X",,P,04/24/2026,05/04/2026,"$1,001-$15,000",STOCK/FUND,A,의심,owner,76.2
9115822,Ro Khanna (D-CA17),12,,CP | WARNER CLASS A BROS DISCOVERY INC CMIN X,,P,04/13/2026,05/04/2026,"$1,001-$15,000",STOCK/FUND,A,의심,owner,75.9
9115822,Ro Khanna (D-CA17),12,SP,MOTOROLA SOLUTIONS INC CMN X,,P,04/13/2026,05/04/2026,"$1,001-$15,000",STOCK/FUND,A,확인,,84.1
9115822,Ro Khanna (D-CA17),12,,"CP _{ALBERTSONS CLASS A COMPANIES, INC. CMIN X",,P,04/23/2026,05/04/2026,"$1,001-$15,000",STOCK/FUND,A,의심,owner,76.7
9115822,Ro Khanna (D-CA17),12,SP,AMERICAN EXPRESS CO. CMN X,,P,04/13/2026,05/04/2026,"$1,001-$15,000",STOCK/FUND,A,확인,,82.2
9115822,Ro Khanna (D-CA17),12,SP,GENIUS SPORTS LTD CMN X,,P,04/14/2026,05/04/2026,"$1,001-$15,000",STOCK/FUND,A,확인,,78.8
9115822,Ro Khanna (D-CA17),12,,"GP _[AUBERTSONS CLASS A COMPANIES, INC. CMIN X",,P,04/13/2026,05/04/2026,"$1,001-$15,000",STOCK/FUND,A,의심,owner,80.0
9115822,Ro Khanna (D-CA17),12,SP,GENIUS SPORTS LTD CMN X,,P,04/02/2026,05/04/2026,"$1,001-$15,000",STOCK/FUND,A,확인,,76.4
9115822,Ro Khanna (D-CA17),12,SP,MICROSOFT CORPORATION CMN,MSFT.O,P,04/13/2026,05/04/2026,"$15,001-$50,000",STOCK/FUND,B,확인,,85.0
9115822,Ro Khanna (D-CA17),12,SP,GILEAD SCIENCES CMN,,P,04/13/2026,05/04/2026,"$15,001-$50,000",STOCK/FUND,B,확인,,61.4
9115822,Ro Khanna (D-CA17),12,SP,MORGAN STANLEY CMN,,P,04/13/2026,05/04/2026,"$15,001-$50,000",STOCK/FUND,B,확인,,69.3
9115822,Ro Khanna (D-CA17),12,SP,LIONSGATE STUDIOS CORP . CMN,,P,04/20/2026,05/04/2026,"$15,001-$50,000",STOCK/FUND,B,확인,,66.5
9115822,Ro Khanna (D-CA17),13,,PALANTIR DECORATION TECHNOLOGIES OF TRUST INC. CMNN,PLTR.O,P/E,04/13/2026,05/04/2026,I/K,STOCK/FUND,IK,의심,amount-multi;type;owner,67.7
9115822,Ro Khanna (D-CA17),13,SP,"TEXAS INSTRUMENTS INC, CMN",,S,04/13/2026,05/04/2026,"$15,001-$50,000",STOCK/FUND,B,확인,,67.0
9115822,Ro Khanna (D-CA17),13,SP,REPUBLIC SERVICES INC CMN,,S,04/13/2026,05/04/2026,"$15,001-$50,000",STOCK/FUND,B,확인,,70.9
9115822,Ro Khanna (D-CA17),13,SP,VISA INC. CMN CLASS A,V,S,04/13/2026,05/04/2026,"$15,001-$50,000",STOCK/FUND,B,확인,,64.3
9115822,Ro Khanna (D-CA17),13,SP,APPLE INC. CMN,,S,04/13/2026,05/04/2026,"$15,001-$50,000",STOCK/FUND,B,의심,name-illegible,40.2
9115822,Ro Khanna (D-CA17),13,,SHERWIN-WILLIAMS CO CMN,,S,04/13/2026,05/04/2026,"$15,001-$50,000",STOCK/FUND,B,의심,owner;name-illegible,57.4
9115822,Ro Khanna (D-CA17),13,SP,LOTIS WORLDWIDE CORPORATION CMN,,S,04/13/2026,05/04/2026,"$15,001-$50,000",STOCK/FUND,B,확인,,76.5
9115822,Ro Khanna (D-CA17),13,,"CMN [BECTON, DICKINSON AND COMPANY",,S,04/13/2026,05/04/2026,"$15,001-$50,000",STOCK/FUND,B,의심,owner,84.0
9115822,Ro Khanna (D-CA17),13,SP,"AMERIPRISE FINANCIAL, INC. CMN",,S,04/13/2026,05/04/2026,"$15,001-$50,000",STOCK/FUND,B,확인,,71.9
9115822,Ro Khanna (D-CA17),13,SP,MC DONALDS CORP CMN,,S,04/13/2026,05/04/2026,"$15,001-$50,000",STOCK/FUND,B,확인,,74.1
9115822,Ro Khanna (D-CA17),13,SP,LOWES COMPANIES INC CMN,,S,04/13/2026,05/04/2026,"$15,001-$50,000",STOCK/FUND,B,확인,,69.9
9115822,Ro Khanna (D-CA17),13,SP,BLACKSTONE GROUP INC/THE CMN,,S,04/13/2026,05/04/2026,"$15,001-$50,000",STOCK/FUND,B,확인,,74.9
9115822,Ro Khanna (D-CA17),13,SP,ABBVIE INC. CMN,,S,04/13/2026,05/04/2026,"$15,001-$50,000",STOCK/FUND,B,확인,,77.1
9115822,Ro Khanna (D-CA17),13,,COGNIZANT CORP CLASS TECHNOLOGY A SOLUTIONS,,S,04/13/2026,05/04/2026,"$15,001-$50,000",STOCK/FUND,B,의심,owner,74.4
9115822,Ro Khanna (D-CA17),13,SP,"D.R. HORTON, INC. CMN",,S,04/13/2026,05/04/2026,"$15,001-$50,000",STOCK/FUND,B,확인,,81.9
9115822,Ro Khanna (D-CA17),13,SP,ICIGNA GROUP/THE CMN,,S,04/13/2026,05/04/2026,"$15,001-$50,000",STOCK/FUND,B,확인,,74.2
9115822,Ro Khanna (D-CA17),13,SP,CENCORA INC CMN,,S,04/13/2026,05/04/2026,"$15,001-$50,000",STOCK/FUND,B,확인,,67.0
9115822,Ro Khanna (D-CA17),13,SP,"INTUITIVE SURGICAL, INC. CMN",,S,04/13/2026,05/04/2026,"$15,001-$50,000",STOCK/FUND,B,확인,,94.1
9115822,Ro Khanna (D-CA17),14,,FULL ASTET NAME,,P/S/E,Date of Transaction},Date Transaction Notived of,G/H,STOCK/FUND,GH,의심,amount-multi;type;date;notified;owner,72.9
9115822,Ro Khanna (D-CA17),14,,"SPPOEYIT PROVIDE FULL NAME, NOT TICKER SYMBOL",,P/E,MM/DD/YY,MM/DD/YY,I/K,STOCK/FUND,IK,의심,amount-multi;type;date;notified;owner,69.0
9115822,Ro Khanna (D-CA17),14,,"RITU SP AHUJA | BLACKROCK DECLARATION FUNDING, OF TRUST INC. CMN",,P/S/E,04/13/2026,05/04/2026,I/K,STOCK/FUND,IK,의심,amount-multi;type;owner,70.7
9115822,Ro Khanna (D-CA17),14,SP,"GARTNER, INC. CMN",,S,04/13/2026,05/04/2026,"$1,001-$15,000",STOCK/FUND,A,확인,,69.2
9115822,Ro Khanna (D-CA17),14,SP,LET LILLY & CO CMN,,S,04/13/2026,05/04/2026,"$1,001-$15,000",STOCK/FUND,A,확인,,71.7
9115822,Ro Khanna (D-CA17),14,SP,"PPG INDUSTRIES, INC. CMIN",,S,04/13/2026,05/04/2026,"$1,001-$15,000",STOCK/FUND,A,의심,name-illegible,57.9
9115822,Ro Khanna (D-CA17),14,SP,MMOOPYY'S CORPORATION CMN,,S,04/13/2026,05/04/2026,"$1,001-$15,000",STOCK/FUND,A,확인,,67.7
9115822,Ro Khanna (D-CA17),14,SP,QUALCOMM INC CMN,QCOM.O,S,04/13/2026,05/04/2026,"$1,001-$15,000",STOCK/FUND,A,의심,name-illegible,53.6
9115822,Ro Khanna (D-CA17),14,SP,ABBOTT LABORATORIES CMN,,S,04/13/2026,05/04/2026,"$1,001-$15,000",STOCK/FUND,A,확인,,73.1
9115822,Ro Khanna (D-CA17),14,,GP _ | TRUIST CMN FINANCIAL CORPORATION,,S,04/13/2026,05/04/2026,"$1,001-$15,000",STOCK/FUND,A,의심,owner,67.7
9115822,Ro Khanna (D-CA17),14,SP,LUPR INC CMN,,S,04/13/2026,05/04/2026,"$1,001-$15,000",STOCK/FUND,A,의심,name-illegible,58.4
9115822,Ro Khanna (D-CA17),14,SP,NASDAQ INC. CMN,,S,04/22/2026,05/04/2026,"$1,001-$15,000",STOCK/FUND,A,의심,name-illegible,44.4
9115822,Ro Khanna (D-CA17),14,SP,I BIO-TECHNE CORPORATION CMN,,S,04/13/2026,05/04/2026,"$1,001-$15,000",STOCK/FUND,A,의심,name-illegible,59.2
9115822,Ro Khanna (D-CA17),14,SP,"TESLA, INC, CMN",TSLA.O,S,04/13/2026,05/04/2026,"$1,001-$15,000",STOCK/FUND,A,의심,name-illegible,58.8
9115822,Ro Khanna (D-CA17),14,,GP _ [APOLLO CMN CLASS GLOBAL A MANAGEMENT INC,,S,04/13/2026,05/04/2026,"$1,001-$15,000",STOCK/FUND,A,의심,owner,82.0
9115822,Ro Khanna (D-CA17),14,SP,LAMCOR PLC CMN,,S,04/13/2026,05/04/2026,"$1,001-$15,000",STOCK/FUND,A,의심,name-illegible,57.4
9115822,Ro Khanna (D-CA17),14,SP,AVERY DENNISON CORPORATION CMN,,S,04/13/2026,05/04/2026,"$1,001-$15,000",STOCK/FUND,A,확인,,78.8
9115822,Ro Khanna (D-CA17),14,,GP STOCK [BOSTON SCIENTIFIC CORP. COMMON,,S,04/13/2026,05/04/2026,"$1,001-$15,000",STOCK/FUND,A,의심,owner,81.2
9115822,Ro Khanna (D-CA17),14,SP,"BROWN & BROWN, INC. CMN",,S,04/13/2026,05/04/2026,"$1,001-$15,000",STOCK/FUND,A,확인,,73.2
9115822,Ro Khanna (D-CA17),14,SP,CRH PUBLIC LIMITED COMPANY CMN,,S,04/13/2026,05/04/2026,"$1,001-$15,000",STOCK/FUND,A,확인,,92.5
9115822,Ro Khanna (D-CA17),15,SP,EXPEDIA GROUP INC CMN,,S,04/13/2026,05/04/2026,"$1,001-$15,000",STOCK/FUND,A,확인,,77.3
9115822,Ro Khanna (D-CA17),15,SP,BAXTER INTERNATIONAL INC. CMIN,,S,04/13/2026,05/04/2026,"$1,001-$15,000",STOCK/FUND,A,의심,name-illegible,54.8
9115822,Ro Khanna (D-CA17),15,,EQUIFAX INC. CMN,,S,04/13/2026,05/04/2026,"$1,001-$15,000",STOCK/FUND,A,의심,owner,93.9
9115822,Ro Khanna (D-CA17),15,SP,GENUINE PARTS CO. CMIN,,S,04/13/2026,05/04/2026,"$1,001-$15,000",STOCK/FUND,A,확인,,61.2
9115822,Ro Khanna (D-CA17),15,SP,"FISERV, INC. CMIN",,S,04/13/2026,05/04/2026,"$1,001-$15,000",STOCK/FUND,A,의심,name-illegible,46.3
9115822,Ro Khanna (D-CA17),15,SP,BANK OF AMERICA CORP CMN,,S,04/13/2026,05/04/2026,"$1,001-$15,000",STOCK/FUND,A,확인,,75.7
9115822,Ro Khanna (D-CA17),15,SP,IULTA BEAUTY INC CMN,,S,04/13/2026,05/04/2026,"$1,001-$15,000",STOCK/FUND,A,확인,,66.7
9115822,Ro Khanna (D-CA17),15,SP,BIOGEN INC. CMN,,S,04/13/2026,05/04/2026,"$1,001-$15,000",STOCK/FUND,A,확인,,61.5
9115822,Ro Khanna (D-CA17),15,SP,"AIRBNB, INC, CMN CLASS A",,S,04/13/2026,05/04/2026,"$1,001-$15,000",STOCK/FUND,A,확인,,79.6
9115822,Ro Khanna (D-CA17),15,SP,IQVIA HOLDINGS INCCMN,,S,04/13/2026,05/04/2026,"$1,001-$15,000",STOCK/FUND,A,의심,name-illegible,7.4
9115822,Ro Khanna (D-CA17),15,SP,LIONSGATE STUDIOS CORP CMN,,S,04/22/2026,05/04/2026,"$1,001-$15,000",STOCK/FUND,A,확인,,83.7
9115822,Ro Khanna (D-CA17),15,SP,TRACTOR SUPPLY COMPANY CMN,,S,04/13/2026,05/04/2026,"$1,001-$15,000",STOCK/FUND,A,확인,,87.0
9115822,Ro Khanna (D-CA17),15,SP,"AUTODESK, INC. CMN",,S,04/13/2026,05/04/2026,"$1,001-$15,000",STOCK/FUND,A,확인,,87.2
9115822,Ro Khanna (D-CA17),15,SP,"UBER TECHNOLOGIES, INC. CMN",,S,04/13/2026,05/04/2026,"$1,001-$15,000",STOCK/FUND,A,확인,,78.1
9115822,Ro Khanna (D-CA17),15,SP,"DARDEN RESTAURANTS, INC. CMN",,S,04/13/2026,05/04/2026,"$1,001-$15,000",STOCK/FUND,A,확인,,93.3
9115822,Ro Khanna (D-CA17),16,,"I DATADOG, DECLARATION INC. OF CMN TRUST CLASS A",DDOG.O,P/S/E,04/13/2026,05/04/2026,I/K,STOCK/FUND,IK,의심,amount-multi;type;owner,76.1
9115822,Ro Khanna (D-CA17),16,SP,ROLLINS INC. REGOFF SCTASKG796638,,S,04/13/2026,05/04/2026,"$1,001-$15,000",STOCK/FUND,A,확인,,90.8
9115822,Ro Khanna (D-CA17),16,SP,BOOKING HOLDINGS INC. CMN,,S,04/13/2026,05/04/2026,"$1,001-$15,000",STOCK/FUND,A,확인,,76.3
9115822,Ro Khanna (D-CA17),16,,"MICRON TECHNOLOGY, INC. CMN",MU.O,S,04/27/2026,05/04/2026,"$1,001-$15,000",STOCK/FUND,A,의심,owner,76.7
9115822,Ro Khanna (D-CA17),16,SP,NASDAQ INC. CMN,,S,04/13/2026,05/04/2026,"$1,001-$15,000",STOCK/FUND,A,확인,,73.4
9115822,Ro Khanna (D-CA17),16,,"GLOBAL |BLOCK, INC. PAYMENTS CMN CLASS INC. A CMN",,P/S/E,- 04/13/26} 04/13/26},05/04/26] 05/04/26|,A/I/K,STOCK/FUND,AIK,의심,amount-multi;type;date;notified;owner,81.0
9115822,Ro Khanna (D-CA17),16,SP,"COSTAR GROUP, INC. CMN",,S,04/13/2026,05/04/2026,"$1,001-$15,000",STOCK/FUND,A,확인,,90.5
9115822,Ro Khanna (D-CA17),16,,"CROWDSTRIKE COMMON [PACKAGING STOCK CORP HOLDINGS, OF AMERICA INC. CMIN",CRWD.O,P/S/E,04/13/26] 04/13/26],05/04/26 05/04/26},A/I/K,STOCK/FUND,AIK,의심,amount-multi;type;date;notified;owner,81.4
9115822,Ro Khanna (D-CA17),16,SP,34 COMPANY CMN,,S,04/13/2026,05/04/2026,"$1,001-$15,000",STOCK/FUND,A,확인,,61.4
9115822,Ro Khanna (D-CA17),16,SP,ISYNCHRONY FINANCIAL CMN,,S,04/13/2026,05/04/2026,"$1,001-$15,000",STOCK/FUND,A,확인,,72.1
9115822,Ro Khanna (D-CA17),16,SP,"INTERNATIONAL PAPER CO, CMN",,S,04/13/2026,05/04/2026,"$1,001-$15,000",STOCK/FUND,A,확인,,66.5
9115822,Ro Khanna (D-CA17),16,,CLASS CMN [UNIVERSAL [MCCORMICK CLASS B HEALTH N & CO NON SVC VT6 CL B SHRS CMN,,P/S/E,04/13/26] 04/13/26!,05/04/26| 05/04/26|,A/I/K,STOCK/FUND,AIK,의심,amount-multi;type;date;notified;owner,78.6
9115822,Ro Khanna (D-CA17),16,,"ISUPER COINBASE MICRO GLOBAL, COMPUTER, INC. CMN INC. CLASS CMN A",COIN.O,P/S/E,04/13/26} 04/13/26|,05/04/26| 05/04/26],A/I/K,STOCK/FUND,AIK,의심,amount-multi;type;date;notified;owner,71.9
9115822,Ro Khanna (D-CA17),16,SP,"C-H- CMN ROBINSON WORLDWIDE, INC",,S,04/13/2026,05/04/2026,"$1,001-$15,000",STOCK/FUND,A,확인,,73.0
9115822,Ro Khanna (D-CA17),17,SP,"DC/IT PROVIDE FULL NAME, NOT TICKER SYMBOT",,P/E,MM/DD/YY,MM/DD/YY,I/K,STOCK/FUND,IK,의심,amount-multi;type;date;notified,84.9
9115822,Ro Khanna (D-CA17),18,,BERKSHIRE 1994 TRUST HATHAWAY INC. CLASS B X,BRKb,P/S/E,04/24/2026,05/04/2026,I/K,STOCK/FUND,IK,의심,amount-multi;type;owner,92.5
9115822,Ro Khanna (D-CA17),18,SP,CLASS MASTERCARD A INCORPORATED CMN X,MA,?,04/24/2026,05/04/2026,"$15,001-$50,000",STOCK/FUND,B,의심,type,78.6
9115822,Ro Khanna (D-CA17),18,SP,VISA INC. CMN CLASS A X,V,?,04/24/2026,05/04/2026,"$15,001-$50,000",STOCK/FUND,B,의심,type,87.4
9115822,Ro Khanna (D-CA17),18,SP,INTL BUSINESS MACHINES CORP CMN X,,?,04/24/2026,05/04/2026,"$15,001-$50,000",STOCK/FUND,B,의심,type,94.7
9115822,Ro Khanna (D-CA17),18,SP,INTEL CORPORATION CMN X,INTC.O,?,04/24/2026,05/04/2026,"$15,001-$50,000",STOCK/FUND,B,의심,type,90.8
9115822,Ro Khanna (D-CA17),18,SP,BANK OF AMERICA CORP CMN X,,?,04/24/2026,05/04/2026,"$15,001-$50,000",STOCK/FUND,B,의심,type,87.1
9115822,Ro Khanna (D-CA17),18,SP,EMERSON ELECTRIC CO. CMN X,,?,04/24/2026,05/04/2026,"$1,001-$15,000",STOCK/FUND,A,의심,type,92.3
9115822,Ro Khanna (D-CA17),18,SP,ORACLE CORPORATION CMN X,ORCL.K,?,04/24/2026,05/04/2026,"$1,001-$15,000",STOCK/FUND,A,의심,type,91.4
9115822,Ro Khanna (D-CA17),18,SP,STOCK BOSTON SCIENTIFIC CORP. COMMON X,,?,04/24/2026,05/04/2026,"$1,001-$15,000",STOCK/FUND,A,의심,type,93.5
9115822,Ro Khanna (D-CA17),18,SP,CARRIER GLOBAL CORPORATION . CMN X,,?,04/24/2026,05/04/2026,"$1,001-$15,000",STOCK/FUND,A,의심,type,81.5
9115822,Ro Khanna (D-CA17),18,SP,PHILIP MORRIS INTL INC CMN X,,?,04/24/2026,05/04/2026,"$1,001-$15,000",STOCK/FUND,A,의심,type,73.1
9115822,Ro Khanna (D-CA17),18,SP,STRYKER CORPORATION CMN -| X,,?,04/24/2026,05/04/2026,"$1,001-$15,000",STOCK/FUND,A,의심,type,82.4
9115822,Ro Khanna (D-CA17),18,SP,LOWES COMPANIES INC CMN X,,?,04/24/2026,05/04/2026,"$1,001-$15,000",STOCK/FUND,A,의심,type,94.1
9115822,Ro Khanna (D-CA17),19,,TRUIST CMN 1994 FINANCIAL TRUST ; CORPORATION,,P/E,04/24/2026,05/04/2026,I/K,STOCK/FUND,IK,의심,amount-multi;type;owner,64.3
9115822,Ro Khanna (D-CA17),19,SP,"AT&T INC, CMN",,P,04/24/2026,05/04/2026,"$1,001-$15,000",STOCK/FUND,A,확인,,81.4
9115822,Ro Khanna (D-CA17),19,SP,"ARISTA NETWORKS, INC. CMIN",ANET.K,P,04/24/2026,05/04/2026,"$1,001-$15,000",STOCK/FUND,A,확인,,92.3
9115822,Ro Khanna (D-CA17),19,SP,MOODY'S CORPORATION CMN,,P,04/24/2026,05/04/2026,"$1,001-$15,000",STOCK/FUND,A,확인,,64.5
9115822,Ro Khanna (D-CA17),19,SP,"CROWDSTRIKE ; HOLDINGS, INC.CMN",CRWD.O,P,04/24/2026,05/04/2026,"$1,001-$15,000",STOCK/FUND,A,확인,,66.8
9115822,Ro Khanna (D-CA17),19,SP,KKR & CO. INC. CMN,,P,04/24/2026,05/04/2026,"$1,001-$15,000",STOCK/FUND,A,확인,,75.3
9115822,Ro Khanna (D-CA17),19,SP,ILLINOIS TOOL WORKS CMN,,P,04/24/2026,05/04/2026,"$1,001-$15,000",STOCK/FUND,A,확인,,93.9
9115822,Ro Khanna (D-CA17),19,SP,LENNOX INTERNATIONAL INC CMN,,P,04/24/2026,05/04/2026,"$1,001-$15,000",STOCK/FUND,A,확인,,88.7
9115822,Ro Khanna (D-CA17),19,SP,DANAHER CORPORATION CMN,,P,04/24/2026,05/04/2026,"$1,001-$15,000",STOCK/FUND,A,확인,,92.2
9115822,Ro Khanna (D-CA17),19,SP,CINTAS CORPORATION CMN,,P,04/24/2026,0S/04/26|,"$1,001-$15,000",STOCK/FUND,A,의심,notified,78.8
9115822,Ro Khanna (D-CA17),19,SP,"ROBINHOOD MARKETS, INC. CMN",HOOD.O,P,04/24/2026,05/04/2026,"$1,001-$15,000",STOCK/FUND,A,확인,,90.2
9115822,Ro Khanna (D-CA17),19,SP,CDW CORPORATION CMN,,P,04/24/2026,05/04/2026,"$1,001-$15,000",STOCK/FUND,A,확인,,93.0
9115822,Ro Khanna (D-CA17),19,SP,SHERWIN-WILLIAMS CO CMN,,P,04/24/2026,05/04/2026,"$1,001-$15,000",STOCK/FUND,A,확인,,91.0
9115822,Ro Khanna (D-CA17),19,SP,"“FISERV, INC. CMN",,P,04/24/2026,05/04/2026,"$1,001-$15,000",STOCK/FUND,A,확인,,61.9
9115822,Ro Khanna (D-CA17),19,SP,VERTIV HOLDINGS LLC CMN CLASS A,VRT,P,04/24/2026,05/04/2026,"$1,001-$15,000",STOCK/FUND,A,확인,,94.5
9115822,Ro Khanna (D-CA17),20,,FIFTH 1994 THIRD TRUST BANCORP CMN,,P/E,04/24/2026,05/04/2026,I/K,STOCK/FUND,IK,의심,amount-multi;type;owner,93.8
9115822,Ro Khanna (D-CA17),20,SP,VERTEX CMN PHARMACEUTICALS INCORPO,,P,04/24/2026,05/04/2026,"$1,001-$15,000",STOCK/FUND,A,확인,,94.5
9115822,Ro Khanna (D-CA17),20,SP,"CHIPOTLE MEXICAN GRILL, INC. CMN",,P,04/24/2026,05/04/2026,"$1,001-$15,000",STOCK/FUND,A,확인,,94.4
9115822,Ro Khanna (D-CA17),20,SP,ZOETIS INC. CMN CLASS A,,P,04/24/2026,05/04/2026,"$1,001-$15,000",STOCK/FUND,A,확인,,91.0
9115822,Ro Khanna (D-CA17),20,SP,"BUILDERS FIRSTSOURCE, .. INC. CMN",,P,04/24/2026,05/04/2026,"$1,001-$15,000",STOCK/FUND,A,확인,,73.7
9115822,Ro Khanna (D-CA17),20,SP,OTIS WORLDWIDE CORPORATION CMN,,P,04/24/2026,05/04/2026,"$1,001-$15,000",STOCK/FUND,A,확인,,74.4
9115822,Ro Khanna (D-CA17),20,SP,"MARTIN CMN MARIETTA MATERIALS,INC",,P,04/24/2026,05/04/2026,"$1,001-$15,000",STOCK/FUND,A,확인,,80.7
9115822,Ro Khanna (D-CA17),20,SP,"AMERIPRISE FINANCIAL, INC. CMIN",,P,04/24/2026,05/04/2026,"$1,001-$15,000",STOCK/FUND,A,확인,,81.8
9115822,Ro Khanna (D-CA17),20,SP,ADOBE INC CMN,,P,04/24/2026,05/04/2026,"$1,001-$15,000",STOCK/FUND,A,확인,,93.9
9115822,Ro Khanna (D-CA17),20,SP,"CHARTER CMN COMMUNICATIONS, INC",,P,04/24/2026,05/04/2026,"$1,001-$15,000",STOCK/FUND,A,확인,,82.1
9115822,Ro Khanna (D-CA17),20,SP,WELLS : FARGO & COMPANY CMN,,P,04/24/2026,05/04/2026,"$1,001-$15,000",STOCK/FUND,A,확인,,81.9
9115822,Ro Khanna (D-CA17),20,SP,FAIR ISAAC INC CMN,,P,04/24/2026,05/04/2026,"$1,001-$15,000",STOCK/FUND,A,확인,,93.1
9115822,Ro Khanna (D-CA17),20,SP,SANDISK LLC CMN,SNDK.O,P,04/24/2026,05/04/2026,"$1,001-$15,000",STOCK/FUND,A,확인,,92.5
9115822,Ro Khanna (D-CA17),20,SP,S&P GLOBAL INC. CMN,,P,04/24/2026,05/04/2026,"$1,001-$15,000",STOCK/FUND,A,확인,,94.5
9115822,Ro Khanna (D-CA17),20,SP,CARVANA CO. CMN CLASS A,,P,04/24/2026,05/04/2026,"$1,001-$15,000",STOCK/FUND,A,확인,,91.8
9115822,Ro Khanna (D-CA17),21,,INSULET QUALCOMM CORPORATION INC CMN CMN X X,QCOM.O,P,04/24/26| 04/24/26],05/04/26] 05/04/26},A/I/K,STOCK/FUND,AIK,의심,amount-multi;date;notified;owner,91.4
9115822,Ro Khanna (D-CA17),21,SP,"THE HOME DEPOT, INC. CMN X",,P,04/24/2026,05/04/2026,"$1,001-$15,000",STOCK/FUND,A,확인,,90.4
9115822,Ro Khanna (D-CA17),21,SP,LULULEMON ATHLETICA INC. CMN : X,,P,04/24/2026,05/04/2026,"$1,001-$15,000",STOCK/FUND,A,확인,,78.4
9115822,Ro Khanna (D-CA17),21,SP,"STANLEY BLACK & DECKER, INC. CMN X",,P,04/24/2026,05/04/2026,"$1,001-$15,000",STOCK/FUND,A,확인,,93.9
9115822,Ro Khanna (D-CA17),21,SP,ZEBRA A TECHNOLOGIES INC CMN CLASS X,,P,04/24/2026,05/04/2026,"$1,001-$15,000",STOCK/FUND,A,확인,,81.3
9115822,Ro Khanna (D-CA17),22,,LENNAR RESMED CORPORATION INC. CMN CMN CLASS A,,P,04/24/26| 04/24/26|,05/04/26 05/04/26,A/I/K,STOCK/FUND,AIK,의심,amount-multi;date;notified;owner,90.8
9115822,Ro Khanna (D-CA17),22,SP,"O'REILLY AUTOMOTIVE, INC. CMN",,P,04/24/2026,05/04/2026,"$1,001-$15,000",STOCK/FUND,A,확인,,93.1
9115822,Ro Khanna (D-CA17),22,SP,DECKERS OUTDOORS CORP CMIN,,P,04/24/2026,05/04/2026,"$1,001-$15,000",STOCK/FUND,A,확인,,78.7
9115822,Ro Khanna (D-CA17),22,SP,KEYCORP CMN,,P,04/24/2026,05/04/2026,"$1,001-$15,000",STOCK/FUND,A,확인,,90.4
9115822,Ro Khanna (D-CA17),22,SP,A.O. SMITH CORP (DEL) CMN,,P,04/24/2026,05/04/2026,"$1,001-$15,000",STOCK/FUND,A,확인,,91.4
9115822,Ro Khanna (D-CA17),22,SP,PACCAR INC CMN,,P,04/24/2026,05/04/2026,"$1,001-$15,000",STOCK/FUND,A,확인,,92.1
9115822,Ro Khanna (D-CA17),22,SP,WATERS STOCK CORPORATION COMMON,,P,04/24/2026,05/04/2026,"$1,001-$15,000",STOCK/FUND,A,확인,,96.5
9115822,Ro Khanna (D-CA17),22,SP,TRACTOR SUPPLY COMPANY CMN,,P,04/24/2026,05/04/2026,"$1,001-$15,000",STOCK/FUND,A,확인,,93.0
9115822,Ro Khanna (D-CA17),22,SP,WALT DISNEY COMPANY (THE) CMN Y,,P,04/24/2026,05/04/2026,"$1,001-$15,000",STOCK/FUND,A,확인,,78.5
9115822,Ro Khanna (D-CA17),22,SP,XYLEM INC. CMN,,P,04/24/2026,05/04/2026,"$1,001-$15,000",STOCK/FUND,A,확인,,70.8
9115822,Ro Khanna (D-CA17),22,SP,VULCAN MATERIALS CO CMN,VMC,P,04/24/2026,05/04/2026,"$1,001-$15,000",STOCK/FUND,A,확인,,93.8
9115822,Ro Khanna (D-CA17),23,SP,06/30/2026 07/17/2026 PUT/XSP PUT/XSP @ @ 670 675 EXP EXP,,P/S/E,04/27/26{ 04/20/26],05/04/26; 05/04/26] :,A/I/K,OPTION,AIK,의심,amount-multi;type;date;notified,94.9
9115822,Ro Khanna (D-CA17),23,SP,06/05/2026 PUT/XSP @ 665 EXP,,S,04/15/2026,05/04/2026,"$1,001-$15,000",OPTION,A,확인,,94.8
9115822,Ro Khanna (D-CA17),23,SP,"BLACKROCK FUNDING, INC. CMN",,S,04/24/2026,05/04/2026,"$15,001-$50,000",STOCK/FUND,B,확인,,94.0
9115822,Ro Khanna (D-CA17),23,,"T-MOBILE PNC FINANCIAL US, INC. SERVICES CMN GROUP, CMN",,P/S,04/24/26] 04/24/26|,05/04/26 05/04/26,B/I/K,STOCK/FUND,BIK,의심,amount-multi;type;date;notified;owner,93.4
9115822,Ro Khanna (D-CA17),24,SP,AUTOMATIC ICMIN DATA PROCESSING INC,,S,04/24/2026,05/04/2026,"$15,001-$50,000",STOCK/FUND,B,확인,,76.7
9115822,Ro Khanna (D-CA17),24,,"SP__|PRINCIPAL CMN FINANCIAL GROUP, INC",,S,04/24/2026,05/04/2026,"$15,001-$50,000",STOCK/FUND,B,의심,owner,81.1
9115822,Ro Khanna (D-CA17),24,SP,THE PROGRESSIVE CORPORATION CMN,,S,04/24/2026,05/04/2026,"$15,001-$50,000",STOCK/FUND,B,확인,,94.0
9115822,Ro Khanna (D-CA17),24,SP,FREEPORT-MCMORAN INC CMN,FCX,S,04/24/2026,05/04/2026,"$1,001-$15,000",STOCK/FUND,A,확인,,91.8
9115822,Ro Khanna (D-CA17),24,SP,COGNIZANT CORP CLASS TECHNOLOGY A SOLUTIONS,,S,04/24/2026,/ 05/04/26,"$1,001-$15,000",STOCK/FUND,A,의심,notified,93.2
9115822,Ro Khanna (D-CA17),24,SP,"PAYCHEX, INC. CMN",,S,04/24/2026,05/04/2026,"$1,001-$15,000",STOCK/FUND,A,확인,,92.4
9115822,Ro Khanna (D-CA17),24,SP,"CITIZENS FINANCIAL GROUP, INC. CMN",,S,04/24/2026,05/04/2026,"$1,001-$15,000",STOCK/FUND,A,확인,,94.2
9115822,Ro Khanna (D-CA17),24,SP,CIGNA GROUP/THE CMN,,S,04/24/2026,05/04/2026,"$1,001-$15,000",STOCK/FUND,A,확인,,91.9
9115822,Ro Khanna (D-CA17),24,SP,THERMO FISHER SCIENTIFIC INC : CMN,,S,04/24/2026,05/04/2026,"$1,001-$15,000",STOCK/FUND,A,확인,,78.2
9115822,Ro Khanna (D-CA17),24,SP,"GARTNER, INC. CMN",,S,04/24/2026,05/04/2026,"$1,001-$15,000",STOCK/FUND,A,확인,,87.4
9115822,Ro Khanna (D-CA17),24,SP,INTERNATIONAL PAPER CO. CMIN,,S,04/24/2026,05/04/2026,"$1,001-$15,000",STOCK/FUND,A,확인,,85.9
9115822,Ro Khanna (D-CA17),24,,ARES CMN CLASS MANAGEMENT A CORPORATION,,S,7 04/24/26|,05/04/2026,"$1,001-$15,000",STOCK/FUND,A,의심,date;owner,86.3
9115822,Ro Khanna (D-CA17),24,SP,U.S. BANCORP CMN,,S,04/24/2026,05/04/2026,"$1,001-$15,000",STOCK/FUND,A,확인,,93.6
9115822,Ro Khanna (D-CA17),25,,NIKE 1994 CLASS-B TRUST CMN CLASS B,,P/S/E,04/24/2026,05/04/2026,I/K,STOCK/FUND,IK,의심,amount-multi;type;owner,92.4
9115822,Ro Khanna (D-CA17),25,SP,"COSTAR GROUP, INC. CMIN",,S,04/24/2026,05/04/2026,"$1,001-$15,000",STOCK/FUND,A,확인,,83.6
9115822,Ro Khanna (D-CA17),25,SP,"AUTODESK, INC. CMN",,S,04/24/2026,05/04/2026,"$1,001-$15,000",STOCK/FUND,A,확인,,91.1
9115822,Ro Khanna (D-CA17),25,SP,FORD MOTOR COMPANY CMN,,S,04/24/2026,05/04/2026,"$1,001-$15,000",STOCK/FUND,A,확인,,94.7
9115822,Ro Khanna (D-CA17),25,SP,AON CLASS PUBLIC A LIMITED COMPANY CMN,,S,04/24/2026,05/04/2026,"$1,001-$15,000",STOCK/FUND,A,확인,,74.1
9115822,Ro Khanna (D-CA17),25,SP,BROADRIDGE IN CMN FINANCIAL SOLUTIONS,,S,04/24/2026,05/04/2026,"$1,001-$15,000",STOCK/FUND,A,확인,,80.6
9115822,Ro Khanna (D-CA17),25,SP,HUNTINGTON CMN BANCSHARES INCORPOR,,S,04/24/2026,05/04/2026,"$1,001-$15,000",STOCK/FUND,A,확인,,73.2
9115822,Ro Khanna (D-CA17),25,SP,"GLOBAL PAYMENTS INC, CMN",,S,04/24/2026,05/04/2026,"$1,001-$15,000",STOCK/FUND,A,확인,,93.2
9115822,Ro Khanna (D-CA17),25,SP,MC DONALDS CORP CMN,,S,04/24/2026,05/04/2026,"$1,001-$15,000",STOCK/FUND,A,확인,,94.1
9115822,Ro Khanna (D-CA17),25,SP,MARSH ORD . CMN,,S,04/24/2026,05/04/2026,"$1,001-$15,000",STOCK/FUND,A,확인,,75.9
9115822,Ro Khanna (D-CA17),25,SP,BAXTER INTERNATIONAL ; INC. CMN,,S,04/24/2026,05/04/2026,"$1,001-$15,000",STOCK/FUND,A,확인,,84.3
9115822,Ro Khanna (D-CA17),25,SP,AMCOR PLC CMN,,S,04/24/2026,05/04/2026,"$1,001-$15,000",STOCK/FUND,A,확인,,88.7
9115822,Ro Khanna (D-CA17),25,SP,CMN _|EDWARDS LIFESCIENCES CORPORATI,,S,04/24/2026,05/04/2026,"$1,001-$15,000",STOCK/FUND,A,확인,,66.5
9115822,Ro Khanna (D-CA17),25,SP,"VERISK ANALYTICS, INC. CMN",,S,04/24/2026,05/04/2026,"$1,001-$15,000",STOCK/FUND,A,확인,,90.4
9115822,Ro Khanna (D-CA17),25,SP,"INTUITIVE SURGICAL, INC. CMN",,S,04/24/2026,05/04/2026,"$1,001-$15,000",STOCK/FUND,A,확인,,92.3
9115822,Ro Khanna (D-CA17),26,,"WORKDAY, 1994 TRUST INC. CMN CLASS A",,P/S/E,04/24/2026,05/04/2026,I/K,STOCK/FUND,IK,의심,amount-multi;type;owner,94.4
9115822,Ro Khanna (D-CA17),26,SP,KLA CORP CMN,,P/E,04/24/2026,05/04/2026,"$1,001-$15,000",STOCK/FUND,A,의심,type,91.1
9115822,Ro Khanna (D-CA17),26,SP,"DOMINO'S PIZZA, INC. CMIN",,P,04/24/2026,05/04/2026,"$1,001-$15,000",STOCK/FUND,A,확인,,71.4
9115822,Ro Khanna (D-CA17),26,SP,AMERICAN CMN TOWER CORPORATION,,P,04/24/2026,05/04/2026,"$1,001-$15,000",STOCK/FUND,A,확인,,74.1
9115822,Ro Khanna (D-CA17),26,SP,"TYLER TECHNOLOGIES, INC. CMN",,P,04/24/2026,05/04/2026,"$1,001-$15,000",STOCK/FUND,A,확인,,93.8
9115822,Ro Khanna (D-CA17),26,SP,PRUDENTIAL FINANCIAL INC CMN,,P,04/24/261,05/04/2026,"$1,001-$15,000",STOCK/FUND,A,의심,date,93.9
9115822,Ro Khanna (D-CA17),26,SP,"CMN _|BECTON, DICKINSON AND COMPANY",,P,04/24/2026,05/04/2026,"$1,001-$15,000",STOCK/FUND,A,확인,,84.4
9115822,Ro Khanna (D-CA17),26,SP,HORMEL FOODS CORPORATION CMN,,P,04/24/2026,05/04/2026,"$1,001-$15,000",STOCK/FUND,A,확인,,94.4
9115822,Ro Khanna (D-CA17),26,SP,"TRADE DESK, INC. (THE) CMN",,P,04/24/2026,05/04/2026,"$1,001-$15,000",STOCK/FUND,A,확인,,94.1
9115822,Ro Khanna (D-CA17),26,SP,"DEXCOM, INC. CMN",,P,04/24/2026,05/04/2026,"$1,001-$15,000",STOCK/FUND,A,확인,,90.9
9115822,Ro Khanna (D-CA17),26,SP,ADR |KONINKLUKE CMN AHOLD N.V. ; SPONSORED,,P/E,04/10/2026,05/04/2026,"$1,001-$15,000",STOCK/FUND,A,의심,type,79.5
9115822,Ro Khanna (D-CA17),26,SP,C JDELL TECHNOLOGIES INC. CMN CLASS,,P/E,04/24/2026,05/04/2026,"$1,001-$15,000",STOCK/FUND,A,의심,type,74.9
9115822,Ro Khanna (D-CA17),27,,"SPFOCIIT PROVIDE FULL NAME, NOT . TICKER SYMBOL, LEURCHASE",,S/E,[fh Partial,MMafoo/ey Mufpo/rr,I/K,STOCK/FUND,IK,의심,amount-multi;type;date;notified;owner,65.1
9115822,Ro Khanna (D-CA17),27,,RITU SP AHUJA U.S. 1995 TREASURY TRUST BILL DUE 07/14/2026 X,,S/E,,04/29/26) 05/04/26,I/K,BOND,IK,의심,amount-multi;type;date;notified;owner,94.9
9115822,Ro Khanna (D-CA17),27,SP,WELLS PERPETUAL FARGO & COMPANY HYBRID X,,?,,04/15/26] 05/04/26,"$1,001-$15,000",STOCK/FUND,A,의심,type;date;notified,83.7
9115822,Ro Khanna (D-CA17),27,SP,10/01/2056 _|EMERA US FINANCE LLC HYBRID X,,?,,04/15/26| 05/04/26|,"$1,001-$15,000",STOCK/FUND,A,의심,type;date;notified,86.1
9115822,Ro Khanna (D-CA17),28,,"PRAVIDE FUL NAME, NOT TAKER SYMBOD",,P/E,MM/DO/YY 7,MM/DO;YY,I/K,STOCK/FUND,IK,의심,amount-multi;type;date;notified;owner;name-illegible,56.5
9115822,Ro Khanna (D-CA17),28,,TRUST MC KINNEY PARTNERSHIP TEX GO 5% 08/15/26 FA,,P/E,04/02/2026,05/04/2026,I/K,BOND,IK,의심,amount-multi;type;owner,95.9
9115822,Ro Khanna (D-CA17),28,DC,DELL C TECHNOLOGIES INC. CMN CLASS,,P,- 94/15/26|,05/04/2026,"$1,001-$15,000",STOCK/FUND,A,의심,date,89.3
9115822,Ro Khanna (D-CA17),28,,"MARVELL TECHNOLOGY, INC. CMIN",MRVL.O,S,04/15/2026,05/04/2026,"$1,001-$15,000",STOCK/FUND,A,의심,owner,91.8
9115822,Ro Khanna (D-CA17),28,DC,"CLOUDFLARE, INC. CMIN CLASS A",NET,S,04/15/2026,05/04/2026,"$1,001-$15,000",STOCK/FUND,A,확인,,70.9
9115822,Ro Khanna (D-CA17),29,,GS PORTFOLIO TAX-ADVANTAGED KHANNA UTMA CLASS P GLOBAL EQUITY,,P/E,04/10/2026,05/04/2026,I/K,STOCK/FUND,IK,의심,amount-multi;type;owner,93.5
9115822,Ro Khanna (D-CA17),30,,FL ACSET FAME °,,P/S/E,Date of Tranaction,Tremaction,G/H,STOCK/FUND,GH,의심,amount-multi;type;date;notified;owner;name-illegible,18.5
9115822,Ro Khanna (D-CA17),30,,FULL NET TICKER SYMBOL,,?,,,"over $1,000,000 (SP/DC)",STOCK/FUND,K,의심,type;date;notified;owner,80.2
9115822,Ro Khanna (D-CA17),30,,AHUJA GS PORTFOLIO TAX-ADVANTAGED KHANNA CLASS UTMA P GLOBAL EQUITY,,P/E,04/10/2026,05/04/2026,I/K,STOCK/FUND,IK,의심,amount-multi;type;owner,93.6
9116141,Michael McCaul (R-TX10),1,SP,WHITTIER CALIF UN HIGH SCH DIST GO,,P,05/11/2026,06/05/2026,"$250,001-$500,000",STOCK/FUND,E,확인,,96.5
9116141,Michael McCaul (R-TX10),1,SP,NEW YORK ST DORM AUTH REVS NON ST,,P,05/07/2026,06/05/2026,"$100,001-$250,000",STOCK/FUND,D,확인,,96.3
9116141,Michael McCaul (R-TX10),1,SP,WASHINGTON ST MTR VEH FUEL TAX GO,,P,05/13/2026,06/05/2026,"$100,001-$250,000",STOCK/FUND,D,확인,,95.2
9116141,Michael McCaul (R-TX10),1,SP,VIRGINIA ST PUB BLDG AUTH PUB FACS REV,,P,05/28/2026,06/05/2026,"$100,001-$250,000",STOCK/FUND,D,확인,,92.5
9116141,Michael McCaul (R-TX10),1,SP,BRAEMONT PARTNERS II LP,,P,5/28/2026 -,06/05/2026,"$100,001-$250,000",STOCK/FUND,D,의심,date,86.5
9116141,Michael McCaul (R-TX10),1,SP,METROPOLITAN WASH D C ARPTS,,P,05/28/2026,06/05/2026,"$100,001-$250,000",STOCK/FUND,D,확인,,91.1
9116141,Michael McCaul (R-TX10),1,SP,NEW CANAAN CONN GO,,P,05/26/2026,06/05/2026,"$50,001-$100,000",STOCK/FUND,C,확인,,80.9
9116141,Michael McCaul (R-TX10),1,SP,CALIFORNIA ST GO,,P,05/08/2026,06/05/2026,"$50,001-$100,000",STOCK/FUND,C,확인,,94.3
9116141,Michael McCaul (R-TX10),1,SP,RIO RANCHO N MEX PUB SCH DIST,,P,05/27/2026,06/05/2026,"$50,001-$100,000",STOCK/FUND,C,확인,,95.3
9116141,Michael McCaul (R-TX10),1,SP,CALIFORNIA ST GO,,P,05/08/2026,06/05/2026,"$50,001-$100,000",STOCK/FUND,C,확인,,96.4
9116141,Michael McCaul (R-TX10),1,SP,LOUISIANA-PACIFIC CORP,,P,05/05/2026,06/05/2026,"$50,001-$100,000",STOCK/FUND,C,확인,,92.6
9116141,Michael McCaul (R-TX10),1,SP,BJS WHSL CLUB HLDGS INC,,P,05/04/2026,06/05/2026,"$50,001-$100,000",STOCK/FUND,C,확인,,83.7
9116141,Michael McCaul (R-TX10),1,SP,HURON CONSULTING GROUP INC,,P,05/28/2026,06/05/2026,"$15,001-$50,000",STOCK/FUND,B,확인,,96.4
9116141,Michael McCaul (R-TX10),1,SP,MUELLER WATER PRODUCTS INC ; A,,P,05/29/2026,06/05/2026,"$15,001-$50,000",STOCK/FUND,B,확인,,70.6
9116141,Michael McCaul (R-TX10),1,SP,HAYWARD HLDGS INC,,P,05/06/2026,06/05/2026,"$15,001-$50,000",STOCK/FUND,B,확인,,75.0
9116141,Michael McCaul (R-TX10),1,SP,HOULIHAN LOKEY INC CLA,,P,05/04/2026,06/05/2026,"$15,001-$50,000",STOCK/FUND,B,확인,,79.5
9116141,Michael McCaul (R-TX10),1,SP,VALVOLINE INC,,P,05/07/2026,06/05/2026,"$15,001-$50,000",STOCK/FUND,B,확인,,93.7
9116141,Michael McCaul (R-TX10),1,SP,AMPHENOL CORP CLASS A,APH,P,05/26/2026,06/05/2026,"$15,001-$50,000",STOCK/FUND,B,확인,,71.2
9116141,Michael McCaul (R-TX10),1,SP,MERCADOLIBRE INC,,P,05/15/2026,06/05/2026,"$15,001-$50,000",STOCK/FUND,B,확인,,94.3
9116141,Michael McCaul (R-TX10),1,SP,MERCADOLIBRE INC,,P,05/12/2026,06/05/2026,"$15,001-$50,000",STOCK/FUND,B,확인,,93.8
9116141,Michael McCaul (R-TX10),1,SP,DELL TECHNOLOGIES INC CLC,,P,05/29/2026,06/05/2026,"$15,001-$50,000",STOCK/FUND,B,확인,,74.8
9116141,Michael McCaul (R-TX10),1,SP,NETAPP INC,,P,05/29/2026,06/05/2026,"$15,001-$50,000",STOCK/FUND,B,확인,,73.0
9116141,Michael McCaul (R-TX10),1,SP,ONEMAIN HLDGS INC COM,,P,05/28/2026,06/05/2026,"$15,001-$50,000",STOCK/FUND,B,확인,,93.0
9116141,Michael McCaul (R-TX10),1,SP,MAYS-ALLOCATE 2025 LP,,P,05/22/2026,06/05/2026,"$15,001-$50,000",STOCK/FUND,B,확인,,94.8
9116141,Michael McCaul (R-TX10),1,SP,FTI CONSULTING INC,,P,05/28/2026,06/05/2026,"$15,001-$50,000",STOCK/FUND,B,확인,,94.8
9116141,Michael McCaul (R-TX10),2,SP,CARLISLE COMPANIES INC,,P,05/01/2026,06/05/2026,"$15,001-$50,000",STOCK/FUND,B,확인,,96.1
9116141,Michael McCaul (R-TX10),2,SP,HAYWARD HLDGS INC,,P,05/28/2026,06/05/2026,"$15,001-$50,000",STOCK/FUND,B,확인,,91.6
9116141,Michael McCaul (R-TX10),2,SP,FTI CONSULTING INC,,P,05/01/2026,06/05/2026,"$15,001-$50,000",STOCK/FUND,B,확인,,90.2
9116141,Michael McCaul (R-TX10),2,SP,MSA SAFETY INC,,P,05/15/2026,06/05/2026,"$15,001-$50,000",STOCK/FUND,B,확인,,95.4
9116141,Michael McCaul (R-TX10),2,SP,FAIR ISAAC CORP,,P,05/28/2026,06/05/2026,"$15,001-$50,000",STOCK/FUND,B,확인,,96.3
9116141,Michael McCaul (R-TX10),2,SP,MUELLER WATER PRODUCTS INC,,P,05/18/2026,06/05/2026,"$15,001-$50,000",STOCK/FUND,B,확인,,87.7
9116141,Michael McCaul (R-TX10),2,SP,ATI INC,,P,05/26/2026,06/05/2026,"$15,001-$50,000",STOCK/FUND,B,의심,name-illegible,5.8
9116141,Michael McCaul (R-TX10),2,SP,AMPHENOL CORP CLASS A,APH,P,05/22/2026,06/05/2026,"$15,001-$50,000",STOCK/FUND,B,확인,,94.4
9116141,Michael McCaul (R-TX10),2,SP,META PLATFORMS INC CLASS A,META.O,P,05/28/2026,06/05/2026,"$15,001-$50,000",STOCK/FUND,B,확인,,96.1
9116141,Michael McCaul (R-TX10),2,SP,COHERENT CORP,COHR.K,P,05/06/2026,06/05/2026,"$15,001-$50,000",STOCK/FUND,B,확인,,66.7
9116141,Michael McCaul (R-TX10),2,SP,ATI INC,,P,05/22/2026,06/05/2026,"$15,001-$50,000",STOCK/FUND,B,의심,name-illegible,4.7
9116141,Michael McCaul (R-TX10),2,SP,ARTHUR J. GALLAGHER & CO,,P,05/20/2026,06/05/2026,"$15,001-$50,000",STOCK/FUND,B,의심,name-illegible,58.9
9116141,Michael McCaul (R-TX10),2,SP,MASTERCARD INCORPORATED CLA,MA,P,05/18/2026,06/05/2026,"$15,001-$50,000",STOCK/FUND,B,확인,,71.8
9116141,Michael McCaul (R-TX10),2,SP,MASTERCARD INCORPORATED CLA,MA,P,05/13/2026,06/05/2026,"$15,001-$50,000",STOCK/FUND,B,확인,,89.5
9116141,Michael McCaul (R-TX10),2,SP,S&P GLOBAL INC,,P,05/05/2026,06/05/2026,"$15,001-$50,000",STOCK/FUND,B,확인,,95.9
9116141,Michael McCaul (R-TX10),2,SP,"EVERPURE, INC. CLASS A",,P,05/11/2026,06/05/2026,"$15,001-$50,000",STOCK/FUND,B,확인,,75.9
9116141,Michael McCaul (R-TX10),2,SP,S&P GLOBAL INC,,P,05/14/2026,06/05/2026,"$15,001-$50,000",STOCK/FUND,B,확인,,96.0
9116141,Michael McCaul (R-TX10),2,SP,CHARTER COMMUNICATIONS INC NEW CLA,,P,05/11/2026,06/05/2026,"$15,001-$50,000",STOCK/FUND,B,확인,,83.7
9116141,Michael McCaul (R-TX10),2,SP,ARISTA NETWORKS INC,ANET.K,P,05/06/2026,06/05/2026,"$15,001-$50,000",STOCK/FUND,B,확인,,96.0
9116141,Michael McCaul (R-TX10),2,SP,MAYS-ALLOCATE 2025 LP,,P,05/18/2026,06/05/2026,"$1,001-$15,000",STOCK/FUND,A,확인,,95.0
9116141,Michael McCaul (R-TX10),2,SP,KEYSIGHT TECHNOLOGIES INC,,P,05/22/2026,06/05/2026,"$1,001-$15,000",STOCK/FUND,A,확인,,94.4
9116141,Michael McCaul (R-TX10),2,SP,COHERENT CORP,COHR.K,P,05/07/2026,06/05/2026,"$1,001-$15,000",STOCK/FUND,A,확인,,94.7
9116141,Michael McCaul (R-TX10),2,SP,SIEMENS ENERGY AG SPON ADS,,P,05/22/2026,06/05/2026,"$1,001-$15,000",STOCK/FUND,A,확인,,94.7
9116141,Michael McCaul (R-TX10),2,SP,MAYS-ALLOCATE 2025 LP,,P,05/22/2026,06/05/2026,"$1,001-$15,000",STOCK/FUND,A,확인,,94.8
9116141,Michael McCaul (R-TX10),2,SP,SPOTIFY TECHNOLOGY S.A,,P,05/22/2026,06/05/2026,"$1,001-$15,000",STOCK/FUND,A,확인,,94.2
9116141,Michael McCaul (R-TX10),2,SP,ENTEGRIS INC,,P,05/26/2026,06/05/2026,"$1,001-$15,000",STOCK/FUND,A,의심,name-illegible,50.6
9116141,Michael McCaul (R-TX10),3,SP,MAYS-ALLOCATE LP,,P,05/26/2026,06/05/2026,"$1,001-$15,000",STOCK/FUND,A,확인,,94.5
9116141,Michael McCaul (R-TX10),3,SP,KEYSIGHT TECHNOLOGIES INC °,,P,05/26/2026,06/05/2026,"$1,001-$15,000",STOCK/FUND,A,확인,,60.6
9116141,Michael McCaul (R-TX10),3,SP,SERVICENOW INC,NOW,P,05/22/2026,06/05/2026,"$1,001-$15,000",STOCK/FUND,A,확인,,75.0
9116141,Michael McCaul (R-TX10),3,SP,DANAHER CORPORATION,,P,05/22/2026,06/05/2026,"$1,001-$15,000",STOCK/FUND,A,확인,,94.1
9116141,Michael McCaul (R-TX10),3,SP,MASTERCARD INCORPORATED CLA,MA,P,05/07/2026,06/05/2026,"$1,001-$15,000",STOCK/FUND,A,확인,,95.5
9116141,Michael McCaul (R-TX10),3,SP,S&P GLOBAL INC,,P,05/08/2026,06/05/2026,"$1,001-$15,000",STOCK/FUND,A,확인,,94.6
9116141,Michael McCaul (R-TX10),3,SP,MAYS-ALLOCATE LP,,P,05/05/2026,06/05/2026,"$1,001-$15,000",STOCK/FUND,A,확인,,91.5
9116141,Michael McCaul (R-TX10),3,SP,S&P GLOBAL INC,,P,05/18/2026,6/5/2026 -,"$1,001-$15,000",STOCK/FUND,A,의심,notified,78.8
9116141,Michael McCaul (R-TX10),3,SP,DANAHER CORPORATION,,P,05/14/2026,06/05/2026,"$1,001-$15,000",STOCK/FUND,A,확인,,94.4
9116141,Michael McCaul (R-TX10),3,SP,DANAHER CORPORATION,,P,05/04/2026,06/05/2026,"$1,001-$15,000",STOCK/FUND,A,확인,,94.1
9116141,Michael McCaul (R-TX10),3,SP,MAYS-ALLOCATE 2025 LP,,P,- 5/28/2026,06/05/2026,"$1,001-$15,000",STOCK/FUND,A,의심,date,94.7
9116141,Michael McCaul (R-TX10),3,SP,EQT CORP,,P,05/05/2026,06/05/2026,"$1,001-$15,000",STOCK/FUND,A,확인,,93.7
9116141,Michael McCaul (R-TX10),3,SP,ARTHUR J. GALLAGHER & CO,,P,05/08/2026,06/05/2026,"$1,001-$15,000",STOCK/FUND,A,확인,,80.6
9116141,Michael McCaul (R-TX10),3,SP,EQT CORP,,P,05/27/2026,06/05/2026,"$1,001-$15,000",STOCK/FUND,A,확인,,94.4
9116141,Michael McCaul (R-TX10),3,SP,MAYS-ALLOCATE 2025 LP,,P,05/06/2026,06/05/2026,"$1,001-$15,000",STOCK/FUND,A,확인,,95.3
9116141,Michael McCaul (R-TX10),3,SP,HUMANA INC,,P,05/07/2026,06/05/2026,"$1,001-$15,000",STOCK/FUND,A,의심,name-illegible,51.6
9116141,Michael McCaul (R-TX10),3,SP,S&P GLOBAL INC,,P,05/26/2026,06/05/2026,"$1,001-$15,000",STOCK/FUND,A,확인,,95.3
9116141,Michael McCaul (R-TX10),3,SP,HUMANA INC,,P,05/04/2026,06/05/2026,"$1,001-$15,000",STOCK/FUND,A,의심,name-illegible,53.4
9116141,Michael McCaul (R-TX10),3,SP,ENTEGRIS INC,,P,05/22/2026,06/05/2026,"$1,001-$15,000",STOCK/FUND,A,확인,,94.8
9116141,Michael McCaul (R-TX10),3,SP,NORTHERN TAX-ADVGT ULTRA-SHRT FIXED INC,,P,05/26/2026,06/05/2026,"$1,001-$15,000",STOCK/FUND,A,확인,,93.2
9116141,Michael McCaul (R-TX10),3,SP,NORTHERN INTERMED TAX EXEMPT FUND,,P,05/26/2026,06/05/2026,"$1,001-$15,000",STOCK/FUND,A,확인,,96.1
9116141,Michael McCaul (R-TX10),3,SP,TAIWAN SEMICONDUCTOR MANUFACTURING SPON ADS,TSM,S,05/07/2026,06/05/2026,"$1,001-$15,000",STOCK/FUND,A,확인,,94.7
9116141,Michael McCaul (R-TX10),3,SP,AMAZON.COM,AMZN.O,S,05/07/2026,06/05/2026,"$1,001-$15,000",STOCK/FUND,A,확인,,87.4
9116141,Michael McCaul (R-TX10),3,SP,COMCAST CORP,,S,05/07/2026,06/05/2026,"$1,001-$15,000",STOCK/FUND,A,확인,,91.3
9116141,Michael McCaul (R-TX10),3,SP,AUTODESK INC,,S,05/06/2026,06/05/2026,"$1,001-$15,000",STOCK/FUND,A,확인,,96.4
9116141,Michael McCaul (R-TX10),3,SP,WOODWARD INC,,S,05/07/2026,06/05/2026,"$1,001-$15,000",STOCK/FUND,A,의심,name-illegible,54.2
9116141,Michael McCaul (R-TX10),4,SP,COMCAST CORP,,S,05/05/2026,06/05/2026,"$1,001-$15,000",STOCK/FUND,A,확인,,94.4
9116141,Michael McCaul (R-TX10),4,SP,MICROSOFT CORP,MSFT.O,S,05/21/2026,06/05/2026,"$1,001-$15,000",STOCK/FUND,A,확인,,96.4
9116141,Michael McCaul (R-TX10),4,SP,WOODWARD INC,,S,05/21/2026,06/05/2026,"$1,001-$15,000",STOCK/FUND,A,확인,,95.1
9116141,Michael McCaul (R-TX10),4,SP,WOODWARD INC,,S,05/13/2026,06/05/2026,"$1,001-$15,000",STOCK/FUND,A,확인,,62.5
9116141,Michael McCaul (R-TX10),4,SP,TAIWAN SEMICONDUCTOR MANUFACTURING SPON ADS J,TSM,S,05/18/2026,06/05/2026,"$1,001-$15,000",STOCK/FUND,A,확인,,83.2
9116141,Michael McCaul (R-TX10),4,SP,CONOCOPHILLIPS,,S,05/05/2026,06/05/2026,"$1,001-$15,000",STOCK/FUND,A,확인,,63.7
9116141,Michael McCaul (R-TX10),4,SP,AERCAP HOLDINGS N.V,,S,05/08/2026,06/05/2026,"$1,001-$15,000",STOCK/FUND,A,확인,,87.8
9116141,Michael McCaul (R-TX10),4,SP,ALPHABETINCCLC,GOOGL.O,S,05/13/2026,06/05/2026,"$1,001-$15,000",STOCK/FUND,A,의심,name-illegible,31.2
9116141,Michael McCaul (R-TX10),4,SP,ALPHABET INC CLC,GOOGL.O,S,05/18/2026,06/05/2026,"$1,001-$15,000",STOCK/FUND,A,확인,,85.3
9116141,Michael McCaul (R-TX10),4,SP,COMCAST CORP ~,,S,05/12/2026,06/05/2026,"$1,001-$15,000",STOCK/FUND,A,확인,,82.5
9116141,Michael McCaul (R-TX10),4,SP,DEXCOM INC,,S,05/07/2026,06/05/2026,"$1,001-$15,000",STOCK/FUND,A,확인,,94.6
9116141,Michael McCaul (R-TX10),4,SP,NORTHERN TAX-ADVGT ULTRA-SHRT FIXED INC,,S,05/20/2026,06/05/2026,"$1,001-$15,000",STOCK/FUND,A,확인,,93.8
9116141,Michael McCaul (R-TX10),4,SP,BAYERAG SPON ADR,,S,05/12/2026,06/05/2026,"$15,001-$50,000",STOCK/FUND,B,의심,name-illegible,58.6
9116141,Michael McCaul (R-TX10),4,SP,BAYER AG SPON ADR,,S,05/29/2026,06/05/2026,"$15,001-$50,000",STOCK/FUND,B,확인,,92.2
9116141,Michael McCaul (R-TX10),4,SP,UBER TECHNOLOGIES INC,,S,05/11/2026,06/05/2026,"$15,001-$50,000",STOCK/FUND,B,확인,,96.6
9116141,Michael McCaul (R-TX10),4,SP,PTC INC,,S,05/05/2026,06/05/2026,"$15,001-$50,000",STOCK/FUND,B,확인,,92.1
9116141,Michael McCaul (R-TX10),4,SP,COMCAST CORP,,S,05/11/2026,06/05/2026,"$15,001-$50,000",STOCK/FUND,B,확인,,96.6
9116141,Michael McCaul (R-TX10),4,SP,COMCAST CORP,,S,05/01/2026,06/05/2026,"$15,001-$50,000",STOCK/FUND,B,확인,,80.5
9116141,Michael McCaul (R-TX10),4,SP,AMAZON.COM INC,AMZN.O,S,05/28/2026,06/05/2026,"$15,001-$50,000",STOCK/FUND,B,확인,,64.7
9116141,Michael McCaul (R-TX10),4,SP,ALPHABET INC CLA,GOOGL.O,S,05/06/2026,06/05/2026,"$15,001-$50,000",STOCK/FUND,B,확인,,71.7
9116141,Michael McCaul (R-TX10),4,SP,INTUIT INC,,S,05/22/2026,06/05/2026,"$15,001-$50,000",STOCK/FUND,B,확인,,94.3
9116141,Michael McCaul (R-TX10),4,SP,ARROW ELECTRONICS INC,,S,05/01/2026,06/05/2026,"$15,001-$50,000",STOCK/FUND,B,확인,,96.6
9116141,Michael McCaul (R-TX10),4,SP,AERCAP HOLDINGS N.V,,S,05/20/2026,06/05/2026,"$15,001-$50,000",STOCK/FUND,B,확인,,79.8
9116141,Michael McCaul (R-TX10),4,SP,NORTHERN TAX-ADVGT ULTRA-SHRT FIXED INC,,S,05/20/2026,06/05/2026,"$15,001-$50,000",STOCK/FUND,B,확인,,93.6
9116141,Michael McCaul (R-TX10),4,SP,’ AMAZON.COM INC,AMZN.O,S,05/26/2026,06/05/2026,"$15,001-$50,000",STOCK/FUND,B,확인,,63.5
9116141,Michael McCaul (R-TX10),4,SP,NORTHERN TAX-ADVGT UILTRA-SHRT FIXED INC,,S,05/18/2026,06/05/2026,"$15,001-$50,000",STOCK/FUND,B,확인,,79.8
9116141,Michael McCaul (R-TX10),5,SP,WHITE MTNS INS GROUP LTD,,S,05/01/2026,06/05/2026,"$15,001-$50,000",STOCK/FUND,B,확인,,95.0
9116141,Michael McCaul (R-TX10),5,SP,PRIMERICA INC,,S,05/01/2026,06/05/2026,"$15,001-$50,000",STOCK/FUND,B,확인,,94.5
9116141,Michael McCaul (R-TX10),5,SP,COMCAST CORP,,S,05/18/2026,06/05/2026,"$15,001-$50,000",STOCK/FUND,B,확인,,96.1
9116141,Michael McCaul (R-TX10),5,SP,MICROSOFT CORP,MSFT.O,S,05/26/2026,06/05/2026,"$15,001-$50,000",STOCK/FUND,B,확인,,96.1
9116141,Michael McCaul (R-TX10),5,SP,NETFLIX INC,,S,05/14/2026,06/05/2026,"$15,001-$50,000",STOCK/FUND,B,확인,,74.8
9116141,Michael McCaul (R-TX10),5,SP,FIRSTCASHHOLDINGSINC —S IX,,S,05/27/2026,06/05/2026,"$15,001-$50,000",STOCK/FUND,B,의심,name-illegible,16.4
9116141,Michael McCaul (R-TX10),5,SP,CTS CORP,,S,05/18/2026,06/05/2026,"$50,001-$100,000",STOCK/FUND,C,확인,,80.1
9116141,Michael McCaul (R-TX10),5,SP,ARAMARK COM,,S,05/01/2026,06/05/2026,"$50,001-$100,000",STOCK/FUND,C,확인,,96.5
9116141,Michael McCaul (R-TX10),5,SP,VISA INC,V,S,05/29/2026,06/05/2026,"$50,001-$100,000",STOCK/FUND,C,확인,,94.0
9116141,Michael McCaul (R-TX10),5,SP,NORTHERN INTERMED TAX EXEMPT FUND,,S,05/22/2026,06/05/2026,"$50,001-$100,000",STOCK/FUND,C,확인,,96.5
9116141,Michael McCaul (R-TX10),5,SP,MICROSOFT CORP,MSFT.O,S,05/22/2026 -|},06/05/2026,"$50,001-$100,000",STOCK/FUND,C,의심,date,95.4
9116141,Michael McCaul (R-TX10),5,SP,ADAMS &WELD CNTYS COLO SCH DI,,S,05/19/2026,06/05/2026,"$50,001-$100,000",STOCK/FUND,C,확인,,90.9
9116141,Michael McCaul (R-TX10),5,SP,KALAMAZOO MICH PUB SCHS UTLD GO,,S,05/01/2026,06/05/2026,"$50,001-$100,000",STOCK/FUND,C,확인,,94.5
9116141,Michael McCaul (R-TX10),5,SP,ALBANY DOUGHERTY GA,,S,05/15/2026,06/05/2026,"$50,001-$100,000",STOCK/FUND,C,확인,,96.1
9116141,Michael McCaul (R-TX10),5,SP,FIRSTCASH HOLDINGS INC,,S,05/01/2026,06/05/2026,"$50,001-$100,000",STOCK/FUND,C,확인,,93.6
9116141,Michael McCaul (R-TX10),5,SP,ROGERS ARK SALES & USE TAXREVBDS ~,,S,05/01/2026,06/05/2026,"$50,001-$100,000",STOCK/FUND,C,확인,,75.9
9116141,Michael McCaul (R-TX10),5,SP,NORTHERN TAX-ADVGT ULTRA-SHRT FIXED INC,,S,05/19/2026,06/05/2026,"$50,001-$100,000",STOCK/FUND,C,확인,,80.5
9116141,Michael McCaul (R-TX10),5,SP,LANSING MICH BRD WTR & LT UTIL SYS,,S,05/18/2026,06/05/2026,"$100,001-$250,000",STOCK/FUND,D,확인,,93.5
9116141,Michael McCaul (R-TX10),5,SP,LONG BEACH CALIF UNISCH DISTGO,,S,05/07/2026,06/05/2026,"$100,001-$250,000",STOCK/FUND,D,확인,,75.3
9116141,Michael McCaul (R-TX10),5,SP,ARROW ELECTRONICS INC,,S,05/27/2026,06/05/2026,"$100,001-$250,000",STOCK/FUND,D,확인,,79.8
9116141,Michael McCaul (R-TX10),5,SP,UNIVERSITY HOUSTON TEX UNIV REVS,,S,05/04/2026,06/05/2026,"$100,001-$250,000",STOCK/FUND,D,확인,,90.5
9116141,Michael McCaul (R-TX10),5,SP,PAYCHEX INC COM,,P,05/12/2026,06/05/2026,"$100,001-$250,000",STOCK/FUND,D,확인,,95.2
9116141,Michael McCaul (R-TX10),5,SP,CACI INTERNATIONAL INC,,P,05/20/2026,06/05/2026,"$50,001-$100,000",STOCK/FUND,C,확인,,95.0
9116141,Michael McCaul (R-TX10),5,SP,FF PAYCHEXINCCOM,,P,05/20/2026,06/05/2026,"$15,001-$50,000",STOCK/FUND,B,의심,name-illegible,50.0
9116141,Michael McCaul (R-TX10),5,SP,NUCOR CORP COM,,S,05/12/2026,06/05/2026,"$15,001-$50,000",STOCK/FUND,B,확인,,88.7
9116141,Michael McCaul (R-TX10),6,SP,SENSATA TECHNOLOGIES HOLDING PLC,,S,05/20/2026,06/05/2026,"$50,001-$100,000",STOCK/FUND,C,확인,,94.6
9116141,Michael McCaul (R-TX10),6,SP,VISHAY INTERTECHNOLOGY INC A,,S,05/20/2026,06/05/2026,"$50,001-$100,000",STOCK/FUND,C,확인,,76.8
9116141,Michael McCaul (R-TX10),6,SP,INTEL CORP,INTC.O,S,05/12/2026,06/05/2026,"$100,001-$250,000",STOCK/FUND,D,확인,,95.9
9116141,Michael McCaul (R-TX10),6,SP,VANGUARD INDEX FDS VANGUARD TOTAL STK MKT ETF,,P,05/14/2026,06/05/2026,"$500,001-$1,000,000",STOCK/FUND,F,확인,,95.9
9116141,Michael McCaul (R-TX10),6,SP,VANGUARD INDEX FDS VANGUARD TOTAL STK MKT ETF,,P,05/14/2026,06/05/2026,"$15,001-$50,000",STOCK/FUND,B,확인,,95.6
9116141,Michael McCaul (R-TX10),6,SP,NORTHERN INTERMED TAX EXEMPT FUND,,P,05/26/2026,06/05/2026,"$50,001-$100,000",STOCK/FUND,C,확인,,95.8
9116142,Ro Khanna (D-CA17),02,,"AND {INTUITIVE USHA AHUJA SURGICAL, 2010 IRREV INC. TRUST CMN FBO",,P/E,05/01/2026,06/08/2026,I/K,STOCK/FUND,IK,의심,amount-multi;type;owner,83.9
9116142,Ro Khanna (D-CA17),02,DC,JPMORGAN {PERPETUAL CHASE & CO. HYBRID,,P,05/18/2026,06/08/2026,"$1,001-$15,000",STOCK/FUND,A,확인,,77.2
9116142,Ro Khanna (D-CA17),02,DC,"ALLY |PERPETUAL FINANCIAL INC, HYBRID",,P,05/15/2026,06/08/2026,"$1,001-$15,000",STOCK/FUND,A,확인,,87.8
9116142,Ro Khanna (D-CA17),02,,"ALPHABET INC, CMIN CLASS C",GOOGL.O,P,05/01/2026,06/08/2026,"$1,001-$15,000",STOCK/FUND,A,의심,owner,74.9
9116142,Ro Khanna (D-CA17),02,DC,05/01/2026 CALL/MS FLEX EURO PM @ 177.5 EXP,,P,05/01/2026,06/08/2026,"$1,001-$15,000",OPTION,A,확인,,78.5
9116142,Ro Khanna (D-CA17),02,DC,05/01/2026 CALL/AMZN FLEX EURO PM 245 EXP,,P,05/01/2026,06/08/2026,"$1,001-$15,000",OPTION,A,확인,,88.7
9116142,Ro Khanna (D-CA17),02,DC,05/01/2026 CALL/GOOG FLEX EURO PM 340 EXP,,P,05/01/2026,06/08/2026,"$1,001-$15,000",OPTION,A,확인,,84.9
9116142,Ro Khanna (D-CA17),02,DC,"UNITED RENTALS, INC. CMN",,S,05/01/2026,06/08/2026,"$1,001-$15,000",STOCK/FUND,A,확인,,90.9
9116142,Ro Khanna (D-CA17),02,,AMERICAN |CMN TOWER CORPORATION,,S,05/01/2026,os/oa/26},"$1,001-$15,000",STOCK/FUND,A,의심,notified;owner,81.0
9116142,Ro Khanna (D-CA17),02,DC,JOHNSON & JOHNSON CMN,,S,05/01/2026,06/08/2026,"$1,001-$15,000",STOCK/FUND,A,확인,,70.9
9116142,Ro Khanna (D-CA17),02,,NVIDIA CORPORATION CMN,NVDA.O,S,05/01/2026,05/08/2026,"$1,001-$15,000",STOCK/FUND,A,의심,owner,76.2
9116142,Ro Khanna (D-CA17),02,,MICROSOFT CORPORATION CMN,MSFT.O,S,05/01/2026,06/08/2026,"$1,001-$15,000",STOCK/FUND,A,의심,owner,92.7
9116142,Ro Khanna (D-CA17),03,,FULL ASZET FANTE,,P/S/E,GatratTransaction|,ate ransactlon Rotiied oF,G/H,STOCK/FUND,GH,의심,amount-multi;type;date;notified;owner;name-illegible,48.7
9116142,Ro Khanna (D-CA17),03,,GRANDCHILDREN’S |AMRIZE LTD (US) EDUCATION CMN TRUST,,P/E,-05/21/26|,06/08/2026,I/K,STOCK/FUND,IK,의심,amount-multi;type;date;owner,88.2
9116142,Ro Khanna (D-CA17),03,,UONSGATE STUDIOS CORP CIN,,S,05/14/2026,ase/ag/2sc|,"$1,001-$15,000",STOCK/FUND,A,의심,notified;owner,60.3
9116142,Ro Khanna (D-CA17),03,DC,AXALTA COATING SYSTEMS LTD. CMN,,S,05/26/2026,06/08/2026,"$1,001-$15,000",STOCK/FUND,A,확인,,80.3
9116142,Ro Khanna (D-CA17),03,DC,"MICRON TECHNOLOGY, INC. CMIN",MU.O,S,05/12/2026,06/08/2026,"$1,001-$15,000",STOCK/FUND,A,확인,,76.8
9116142,Ro Khanna (D-CA17),03,,"MICRON TECHNOLOGY, INC. CMN",MU.O,S,05/11/2026,os/08/26!,"$1,001-$15,000",STOCK/FUND,A,의심,notified;owner,82.4
9116142,Ro Khanna (D-CA17),03,DC,AXALTA COATING SYSTEMS LTD. CMN,,S,05/27/2026,06/08/2026,"$1,001-$15,000",STOCK/FUND,A,확인,,86.3
9116142,Ro Khanna (D-CA17),03,DC,"MICRON TECHNOLOGY, INC. CMIN",MU.O,S,05/26/2026,06/08/2026,"$1,001-$15,000",STOCK/FUND,A,확인,,61.1
9116142,Ro Khanna (D-CA17),04,,2020 DC TRUST __|TERADYNE FBO KHANNA INC CMN CHILDREN X,,P/S/E,,05/01/2026,A/I/J,STOCK/FUND,AIJ,의심,amount-multi;type;date;owner,82.0
9116142,Ro Khanna (D-CA17),04,DC,CMNCLASSA EXPEDITORS INTERNATIONAL OF WA X,,?,x,05/01/2026,"$1,001-$15,000",STOCK/FUND,A,의심,type;date,90.3
9116142,Ro Khanna (D-CA17),04,DC,"BROWN & BROWN, INC. CMN X",,?,x,05/01/2026,"$1,001-$15,000",STOCK/FUND,A,의심,type;date,84.4
9116142,Ro Khanna (D-CA17),04,DC,"D.R. HORTON, INC. CMN X",,?,x,05/01/2026,"$1,001-$15,000",STOCK/FUND,A,의심,type;date,75.2
9116142,Ro Khanna (D-CA17),04,,"OC UNITED [COMMON PARCEL STOCK SERVICE, INC. CLASS B X",,?,x,05/01/2026,"$1,001-$15,000",STOCK/FUND,A,의심,type;date;owner,91.9
9116142,Ro Khanna (D-CA17),04,DC,ARCH CAPITAL GROUP LTD. CMN X,,?,x,05/01/2026,"$1,001-$15,000",STOCK/FUND,A,의심,type;date,72.5
9116142,Ro Khanna (D-CA17),04,DC,"BUILDERS FIRSTSOURCE, INC. CMIN X",,?,x,05/01/2026,"$1,001-$15,000",STOCK/FUND,A,의심,type;date,72.3
9116142,Ro Khanna (D-CA17),04,DC,ILLINOIS TOOL WORKS CMN X,,?,x,05/01/2026,"$1,001-$15,000",STOCK/FUND,A,의심,type;date,66.5
9116142,Ro Khanna (D-CA17),04,DC,TRACTOR SUPPLY COMPANY CMN X,,?,x,05/01/2026,"$1,001-$15,000",STOCK/FUND,A,의심,type;date,78.9
9116142,Ro Khanna (D-CA17),04,DC,KIMBERLY-CLARK CORPORATION CMN | X,,?,x,05/01/2026,"$1,001-$15,000",STOCK/FUND,A,의심,type;date,73.1
9116142,Ro Khanna (D-CA17),04,DC,BEST BUY CO INCCMN X,,?,x,05/01/2026,"$1,001-$15,000",STOCK/FUND,A,의심,type;date,81.0
9116142,Ro Khanna (D-CA17),04,DC,APOLLO )CMNCLASSA GLOBAL MANAGEMENT INC X,,?,x,05/01/2026,"$1,001-$15,000",STOCK/FUND,A,의심,type;date,84.4
9116142,Ro Khanna (D-CA17),04,DC,"STANLEY BLACK & DECKER, INC. CMN X",,?,x,05/01/2026,"$1,001-$15,000",STOCK/FUND,A,의심,type;date,72.4
9116142,Ro Khanna (D-CA17),04,DC,MASCO CORPORATION CMN X,,?,x,05/01/2026,"$1,001-$15,000",STOCK/FUND,A,의심,type;date,73.4
9116142,Ro Khanna (D-CA17),04,DC,AMCOR PLCCMN X,,?,x,05/01/2026,"$1,001-$15,000",STOCK/FUND,A,의심,type;date,69.5
9116142,Ro Khanna (D-CA17),04,DC,BAXTER INTERNATIONAL INC. CMN X,,?,Xx,05/01/2026,"$1,001-$15,000",STOCK/FUND,A,의심,type;date,74.0
9116142,Ro Khanna (D-CA17),04,DC,SOLVENTUM CORPORATION CMN - XX,,?,x,05/01/2026,"$1,001-$15,000",STOCK/FUND,A,의심,type;date;name-illegible,55.0
9116142,Ro Khanna (D-CA17),04,DC,CROWN CASTLE INTL CORP CMN X,,?,x,05/01/2026,"$1,001-$15,000",STOCK/FUND,A,의심,type;date,78.4
9116142,Ro Khanna (D-CA17),04,DC,XYLEM INC. CMN X,,?,x,05/01/2026,"$1,001-$15,000",STOCK/FUND,A,의심,type;date;name-illegible,52.4
9116142,Ro Khanna (D-CA17),05,,"SEFOCAT PROVIDE FUL NOME, ACT TKKER SYMBOL",,P/E,MY/DO/Y,MM/DD/YY,I/K,STOCK/FUND,IK,의심,amount-multi;type;date;notified;owner,65.4
9116142,Ro Khanna (D-CA17),05,,2020 DC TRUST _|CARNIVAL FBO KHANNA CORPORATION CHILDREN CMN,,P/E,05/01/2026,05/08/2026,I/K,STOCK/FUND,IK,의심,amount-multi;type;owner,83.5
9116142,Ro Khanna (D-CA17),05,DC,FIFTH THIRD BANCORP CMN,,P,05/01/2026,06/08/2026,"$1,001-$15,000",STOCK/FUND,A,확인,,72.4
9116142,Ro Khanna (D-CA17),05,,PC _|CRH PUBLIC LIMITED COMPANY CMN,,P,05/01/2026,06/08/2026,"$1,001-$15,000",STOCK/FUND,A,의심,owner,73.0
9116142,Ro Khanna (D-CA17),05,,OC ON |CMN SEMICONDUCTOR CORPORATION,,P,05/03/2026,06/08/2026,"$1,001-$15,000",STOCK/FUND,A,의심,owner,84.0
9116142,Ro Khanna (D-CA17),05,,OC |ROCKWELL AUTOMATION INC CMN,,P,05/01/2026,06/08/2026,"$1,001-$15,000",STOCK/FUND,A,의심,owner,77.8
9116142,Ro Khanna (D-CA17),05,DC,SOUTHWEST AIRLINES CO CMN,,P,05/01/2026,06/08/2026,"$1,001-$15,000",STOCK/FUND,A,확인,,85.6
9116142,Ro Khanna (D-CA17),05,,OC |RESMED INC. CMN,,P,05/01/2026,06/08/2026,"$1,001-$15,000",STOCK/FUND,A,의심,owner,76.7
9116142,Ro Khanna (D-CA17),05,,BC {CVS HEALTH CORP CMN,,P,05/01/2026,06/08/2026,"$1,001-$15,000",STOCK/FUND,A,의심,owner,70.0
9116142,Ro Khanna (D-CA17),05,,BDC |CMN EDWARDS LIFESCIENCES CORPORATI,,P,05/01/2026,06/08/2026,"$1,001-$15,000",STOCK/FUND,A,의심,owner,84.8
9116142,Ro Khanna (D-CA17),05,DC,MICROCHIP |CMN TECHNOLOGY INCORPORA,,P,05/01/2026,06/08/2026,"$1,001-$15,000",STOCK/FUND,A,확인,,84.8
9116142,Ro Khanna (D-CA17),05,,BC |BOOKING HOLDINGS INC. CMN,,P,05/01/2026,06/08/2026,"$1,001-$15,000",STOCK/FUND,A,의심,owner,81.2
9116142,Ro Khanna (D-CA17),05,,"BC |DEXCOM, INC. CMN",,P,05/01/2026,06/08/2026,"$1,001-$15,000",STOCK/FUND,A,의심,owner,71.1
9116142,Ro Khanna (D-CA17),05,,OC ALLSTATE {STOCK CORPORATION COMMON,,P,05/01/2026,06/08/2026,"$1,001-$15,000",STOCK/FUND,A,의심,owner,78.3
9116142,Ro Khanna (D-CA17),05,DC,INSULET CORPORATION CMN,,P,05/03/2026,06/08/2026,"$1,001-$15,000",STOCK/FUND,A,확인,,79.7
9116142,Ro Khanna (D-CA17),05,DC,DOORDASH INC CMN CLASS A,,P,05/01/2026,06/08/2026,"$1,001-$15,000",STOCK/FUND,A,확인,,81.0
9116142,Ro Khanna (D-CA17),05,DC,VULCAN MATERIALS CO CMN,VMC,P,05/01/2026,06/08/2026,"$1,001-$15,000",STOCK/FUND,A,확인,,77.1
9116142,Ro Khanna (D-CA17),05,DC,"EMCOR GROUP, INC.CMN ~",,P,05/01/2026,06/08/2026,"$1,001-$15,000",STOCK/FUND,A,의심,name-illegible,44.7
9116142,Ro Khanna (D-CA17),05,DC,ZEBRA IA TECHNOLOGIES INC CMN CLASS,,P,05/01/2026,06/08/2026,"$1,001-$15,000",STOCK/FUND,A,확인,,87.9
9116142,Ro Khanna (D-CA17),05,,"DC__|WILLIAMS-SONOMA, INC. CMN",,P,05/01/2026,06/08/2026,"$1,001-$15,000",STOCK/FUND,A,의심,owner,80.7
9116142,Ro Khanna (D-CA17),06,,FULL ASSAT NAMA,,P/S/E,Date of Transaction,ata Transaction Nodiedot,G/H,STOCK/FUND,GH,의심,amount-multi;type;date;notified;owner,75.0
9116142,Ro Khanna (D-CA17),06,,"SPDYIT PROVIDE FULNOME, NOT TICKER SYANBAD",,P/S/E,yD,MYDD,I/K,STOCK/FUND,IK,의심,amount-multi;type;date;notified;owner;name-illegible,46.3
9116142,Ro Khanna (D-CA17),06,,"2020 DC TRUST |STEEL FBO DYNAMICS, KHANNA CHILDREN INC. CMIN",,P/E,05/01/2026,06/08/2025,I/K,STOCK/FUND,IK,의심,amount-multi;type;owner,82.1
9116142,Ro Khanna (D-CA17),06,DC,CMN NORFOLK SOUTHERN CORPORATION,,P,05/01/2026,06/03/2026,"$1,001-$15,000",STOCK/FUND,A,확인,,76.8
9116142,Ro Khanna (D-CA17),06,DC,VERIZON |CMN COMMUNICATIONS INC,,P,05/01/2026,06/08/2026,"$1,001-$15,000",STOCK/FUND,A,확인,,87.2
9116142,Ro Khanna (D-CA17),06,,"PC _|SYNOPSYS, INC. CMN",,P,05/01/2026,06/08/2026,"$1,001-$15,000",STOCK/FUND,A,의심,owner;name-illegible,53.2
9116142,Ro Khanna (D-CA17),06,,‘OC =|COHERENT CORP CMN,COHR.K,P,05/01/2026,06/08/2026,"$1,001-$15,000",STOCK/FUND,A,의심,owner,60.6
9116142,Ro Khanna (D-CA17),06,,"BDC JCHIPOTLE MEXICAN GRILL, INC. CMIN",,P,05/01/2026,06/08/2026,"$1,001-$15,000",STOCK/FUND,A,의심,owner,75.6
9116142,Ro Khanna (D-CA17),06,DC,J|HUBBELL INCORPORATED CMN,,P,05/01/2026,06/08/2026,"$1,001-$15,000",STOCK/FUND,A,확인,,72.9
9116142,Ro Khanna (D-CA17),06,DC,LENNOX INTERNATIONAL INC CMN,,P,05/01/2026,06/08/2026,"$1,001-$15,000",STOCK/FUND,A,확인,,72.9
9116142,Ro Khanna (D-CA17),06,DC,JAMETEK INC (NEW) CMN,,P,05/01/2026,06/08/2026,"$1,001-$15,000",STOCK/FUND,A,확인,,66.5
9116142,Ro Khanna (D-CA17),06,DC,AMERICAN |CMN TOWER CORPORATION,,P,05/01/2026,06/08/2026,"$1,001-$15,000",STOCK/FUND,A,확인,,82.1
9116142,Ro Khanna (D-CA17),06,DC,"CARVANA CO, CMN CLASS A",,P,05/01/2026,asjob/zs},"$1,001-$15,000",STOCK/FUND,A,의심,notified,82.7
9116142,Ro Khanna (D-CA17),06,,OC {CMN OTIS WORLDWIDE CORPORATION,,P,05/01/2026,06/08/2026,"$1,001-$15,000",STOCK/FUND,A,의심,owner,85.3
9116142,Ro Khanna (D-CA17),06,DC,"ECOLAB INC, CMN",,P,05/01/2026,06/08/2026,"$1,001-$15,000",STOCK/FUND,A,확인,,69.8
9116142,Ro Khanna (D-CA17),06,,OC WESTINGHOUSE {CMN AIR BRAKE TECHNOL,,P,05/01/2026,06/08/2026,"$1,001-$15,000",STOCK/FUND,A,의심,owner,91.7
9116142,Ro Khanna (D-CA17),06,DC,NIKE CLASS-B CMN CLASS B,,P,05/01/2026,06/08/2026,"$1,001-$15,000",STOCK/FUND,A,의심,name-illegible,55.9
9116142,Ro Khanna (D-CA17),06,,OC_|ZOETIS ING. CMN CLASS A,,P,05/01/2026,08/08/2026,"$1,001-$15,000",STOCK/FUND,A,의심,owner,72.5
9116142,Ro Khanna (D-CA17),06,DC,CSX CORPORATION CMN,,P,05/01/2026,06/08/2026,"$1,001-$15,000",STOCK/FUND,A,의심,name-illegible,58.8
9116142,Ro Khanna (D-CA17),06,DC,INTERNATIONAL PAPER CO. CMIN,,P,05/01/2026,06/08/2026,"$1,001-$15,000",STOCK/FUND,A,확인,,77.2
9116142,Ro Khanna (D-CA17),06,DC,UNITED AIRLINES HOLDINGS INC CMIN,,P,05/01/2026,og/o8/26|,"$1,001-$15,000",STOCK/FUND,A,의심,notified,82.9
9116142,Ro Khanna (D-CA17),07,,FULL ASIET NAMA,,P/S/E,Date of Trantaction.,ate Yransaction,G/H,STOCK/FUND,GH,의심,amount-multi;type;date;notified;owner;name-illegible,38.4
9116142,Ro Khanna (D-CA17),07,,2020 DC TRUST {MARSH FBO KHANNA ORD CMN CHILDREN,,P/S/E,05/01/2026,06/08/2026,I/K,STOCK/FUND,IK,의심,amount-multi;type;owner,73.6
9116142,Ro Khanna (D-CA17),07,DC,NXP SEMICONDUCTORS N.V. CMN,,P,05/01/2026,06/08/2026,"$1,001-$15,000",STOCK/FUND,A,확인,,67.3
9116142,Ro Khanna (D-CA17),07,,A DC |CLASSA MASTERCARD INCORPORATED CMN,MA,P,05/01/2026,06/08/2026,"$1,001-$15,000",STOCK/FUND,A,의심,owner,79.3
9116142,Ro Khanna (D-CA17),07,,PC TRANE |CMN TECHNOLOGIES PUBLIC LIM,,P,05/01/2026,06/08/2026,"$1,001-$15,000",STOCK/FUND,A,의심,owner,76.6
9116142,Ro Khanna (D-CA17),07,DC,LENNAR CORPORATION CMN CLASSA,,P,05/01/2026,06/08/2026,"$1,001-$15,000",STOCK/FUND,A,확인,,67.6
9116142,Ro Khanna (D-CA17),07,DC,HUNTINGTON |INCORPOR CMN BANCSHARES,,P,as/ai/26|,; _—_a6/as/26|,"$1,001-$15,000",STOCK/FUND,A,의심,date;notified,68.5
9116142,Ro Khanna (D-CA17),07,,BC [EQTY UNION DN PACIFIC CASH BASE CORP. JSE UNPI INT,,P,05/01/2026,06/08/2026,"$1,001-$15,000",STOCK/FUND,A,의심,owner,83.1
9116142,Ro Khanna (D-CA17),07,DC,AVOTING COMCAST CORPORATION CMN CLASS,,P,05/01/2026,06/08/2026,"$1,001-$15,000",STOCK/FUND,A,확인,,88.9
9116142,Ro Khanna (D-CA17),07,DC,CMN CHARLES SCHWAB CORPORATION,,P,05/01/2026,06/08/2026,"$1,001-$15,000",STOCK/FUND,A,확인,,87.5
9116142,Ro Khanna (D-CA17),07,DC,CARRIER GLOBAL CORPORATION CMN,,P,05/01/2026,06/08/2026,"$1,001-$15,000",STOCK/FUND,A,확인,,73.3
9116142,Ro Khanna (D-CA17),07,DC,ABBVIEINC. CMN,,P,05/01/2026,05/08/2026,"$15,001-$50,000",STOCK/FUND,B,확인,,63.1
9116142,Ro Khanna (D-CA17),07,DC,EMERSON ELECTRIC CO. CMN,,P,05/01/2026,06/08/2026,"$15,001-$50,000",STOCK/FUND,B,확인,,84.3
9116142,Ro Khanna (D-CA17),07,DC,3MCOMPANY CMN,,P,05/02/2026,06/08/2026,"$15,001-$50,000",STOCK/FUND,B,확인,,60.8
9116142,Ro Khanna (D-CA17),07,DC,PARKER-HANNIFIN CORP. CMN,,P,05/01/2026,06/08/2026,"$15,001-$50,000",STOCK/FUND,B,확인,,64.1
9116142,Ro Khanna (D-CA17),07,DC,AMGEN INC. CMIN,,P,05/01/2026,06/08/2026,"$15,001-$50,000",STOCK/FUND,B,확인,,65.0
9116142,Ro Khanna (D-CA17),07,DC,ABBOTT LABORATORIES CMN,,P,05/01/2026,06/08/2026,"$15,001-$50,000",STOCK/FUND,B,확인,,61.9
9116142,Ro Khanna (D-CA17),07,,PC |STRYKER CORPORATION CMN,,P,05/01/2026,06/08/2026,"$15,001-$50,000",STOCK/FUND,B,의심,owner,76.5
9116142,Ro Khanna (D-CA17),07,DC,QUALCOMM INCCMN,QCOM.O,P,05/01/2026,06/08/2026,"$15,001-$50,000",STOCK/FUND,B,확인,,73.7
9116142,Ro Khanna (D-CA17),07,,PC _| BERKSHIRE HATHAWAY INC. CLASS B,BRKb,P,05/01/2026,06/08/2026,"$15,001-$50,000",STOCK/FUND,B,의심,owner,85.4
9116142,Ro Khanna (D-CA17),08,,"SPPOC/IT PROVIE FULLNAME, NOT UCKER SYMBOL",,P,MIA/DD/YY,MM/ODItY,I/K,STOCK/FUND,IK,의심,amount-multi;date;notified;owner;name-illegible,30.7
9116142,Ro Khanna (D-CA17),08,,2020 DC TRUST _|MICROSOFT FBO KHANNA CORPORATION CHILDREN CMN,MSFT.O,P,05/01/2026,06/08/2026,I/K,STOCK/FUND,IK,의심,amount-multi;owner,81.5
9116142,Ro Khanna (D-CA17),08,DC,BANK OF AMERICA CORP CMN,,P,05/01/2026,06/08/2026,"$15,001-$50,000",STOCK/FUND,B,확인,,77.1
9116142,Ro Khanna (D-CA17),08,,DC_|VISAINC. CMN CLASS A,V,P,05/01/2026,06/08/2026,"$50,001-$100,000",STOCK/FUND,C,의심,owner,77.2
9116142,Ro Khanna (D-CA17),08,DC,WROWIAN {LINKED TO STANCCT S&P S00 PUSANCC INDEX COS,,P,05/21/2026,06/08/2026,"$100,001-$250,000",STOCK/FUND,D,의심,name-illegible,49.3
9116142,Ro Khanna (D-CA17),08,DC,CLASSB UNIVERSAL HEALTH SVC CL B CMIN,,P,05/01/2026,g6/ag/2e),"$1,001-$15,000",STOCK/FUND,A,의심,notified,76.8
9116142,Ro Khanna (D-CA17),08,DC,IDEXX LABORATORIES CMN,,P,05/01/2026,06/08/2026,"$1,001-$15,000",STOCK/FUND,A,확인,,62.4
9116142,Ro Khanna (D-CA17),08,DC,"CMN BECTON, DICKINSON AND COMPANY",,P,05/01/2026,06/08/2026,"$1,001-$15,000",STOCK/FUND,A,확인,,84.9
9116142,Ro Khanna (D-CA17),08,DC,CLOROX CO (THE) (DELAWARE) CMN ~,,P,05/01/2026,06/08/2026,"$1,001-$15,000",STOCK/FUND,A,확인,,68.7
9116142,Ro Khanna (D-CA17),08,DC,INGERSOLL RAND INC CMN,,P,05/01/2026,06/08/2026,"$1,001-$15,000",STOCK/FUND,A,확인,,70.4
9116142,Ro Khanna (D-CA17),08,DC,COOPER COS INC/THE CMN,,P,05/01/2026,06/08/2026,"$1,001-$15,000",STOCK/FUND,A,확인,,83.8
9116142,Ro Khanna (D-CA17),08,DC,BLACKSTONE GROUP INC/THE CMN,,P,05/01/2026,06/08/2026,"$1,001-$15,000",STOCK/FUND,A,확인,,61.9
9116142,Ro Khanna (D-CA17),08,,OC ALEXANDRIA |INC. REAL ESTATE EQUITIES,,P,05/01/2026,06/08/2026,"$1,001-$15,000",STOCK/FUND,A,의심,owner,74.3
9116142,Ro Khanna (D-CA17),08,,BC REGENERON |CMN PHARMACEUTICAL INC,,P,05/01/2026,- 06/08/26],"$1,001-$15,000",STOCK/FUND,A,의심,notified;owner;name-illegible,56.8
9116142,Ro Khanna (D-CA17),08,DC,"HEALTHPEAK PROPERTIES, INC. CMIN",,P,05/02/2026,06/08/2026,"$1,001-$15,000",STOCK/FUND,A,확인,,66.9
9116142,Ro Khanna (D-CA17),08,DC,VICT PROPERTIES INC. CMIN,,P,05/01/2026,06/08/2026,"$1,001-$15,000",STOCK/FUND,A,확인,,68.6
9116142,Ro Khanna (D-CA17),08,DC,JROLLINS INC. REGOFF SCTASKO795038,,P,05/01/2026,06/08/2025,"$1,001-$15,000",STOCK/FUND,A,의심,name-illegible,56.1
9116142,Ro Khanna (D-CA17),08,,"DC_|MODERNA, INC. CMIN",MRNA.O,P,05/01/2026,06/08/2026,"$1,001-$15,000",STOCK/FUND,A,의심,owner;name-illegible,53.5
9116142,Ro Khanna (D-CA17),08,DC,KROGER COMPANY CMN,,P,05/01/2026,06/08/2026,"$1,001-$15,000",STOCK/FUND,A,확인,,75.4
9116142,Ro Khanna (D-CA17),08,DC,"JPEPSICO, INC. CMN",,P,05/01/2026,06/08/2026,"$1,001-$15,000",STOCK/FUND,A,의심,name-illegible,46.9
9116142,Ro Khanna (D-CA17),09,SP,"DC/IT PROVIDE FALNAME, AVT TICKER SYMBOT",,P/E,MM/DO/YC,MM/DD/YY,I/K,STOCK/FUND,IK,의심,amount-multi;type;date;notified;name-illegible,56.1
9116142,Ro Khanna (D-CA17),09,,2020 DC TRUST _ IGE |CMN FBO HEALTHCARE KHANNA CHILDREN TECHNOLOGIES INC,,P/S/E,05/01/2026,06/08/2026,I/K,STOCK/FUND,IK,의심,amount-multi;type;owner,70.8
9116142,Ro Khanna (D-CA17),09,DC,THERMO FISHER SCIENTIFIC INC CMIN,,S,05/01/2026,06/08/2026,"$1,001-$15,000",STOCK/FUND,A,확인,,67.4
9116142,Ro Khanna (D-CA17),09,DC,EU LILLY & CO CMIN,,S,05/01/2026,06/08/2026,"$1,001-$15,000",STOCK/FUND,A,확인,,68.8
9116142,Ro Khanna (D-CA17),09,DC,JINTLBUSINESS MACHINES CORP CMIN,,S,05/01/2026,06/03/2026,"$1,001-$15,000",STOCK/FUND,A,확인,,74.1
9116142,Ro Khanna (D-CA17),09,DC,INTEL CORPORATION CMN,INTC.O,S,05/01/2026,06/08/2026,"$1,001-$15,000",STOCK/FUND,A,의심,name-illegible,45.1
9116142,Ro Khanna (D-CA17),09,DC,JPRUDENTIAL FINANCIAL INC CMN,,S,05/01/2026,06/08/2026,"$1,001-$15,000",STOCK/FUND,A,확인,,62.5
9116142,Ro Khanna (D-CA17),09,,DC_|WELLS FARGO & COMPANY CMN,,S,05/01/2026,06/08/2026,"$1,001-$15,000",STOCK/FUND,A,의심,owner,83.0
9116142,Ro Khanna (D-CA17),09,,"BC |CMN CHARTER COMMUNICATIONS, INC",,S,05/01/2026,06/08/2026,"$1,001-$15,000",STOCK/FUND,A,의심,owner,84.5
9116142,Ro Khanna (D-CA17),09,DC,LOWES COMPANIES INC CMN,,S,05/01/2026,05/08/2026,"$1,001-$15,000",STOCK/FUND,A,확인,,88.7
9116142,Ro Khanna (D-CA17),09,DC,"JAMERICAN INTL GROUP, JNC. CMN",,S,05/01/2026,06/08/2026,"$1,001-$15,000",STOCK/FUND,A,확인,,79.7
9116142,Ro Khanna (D-CA17),09,DC,SEAGATE |CMN TECHNOLOGY HOLDIN PLC,STX.O,S,05/01/2026,06/08/2026,"$1,001-$15,000",STOCK/FUND,A,확인,,64.9
9116142,Ro Khanna (D-CA17),09,DC,CLASSA META PLATFORMS INC-CLASS A CMN,META.O,S,05/01/2026,06/08/2026,"$1,001-$15,000",STOCK/FUND,A,확인,,90.1
9116142,Ro Khanna (D-CA17),09,DC,JZIIMMER BIOMET HOLDINGS INC,,S,05/01/2026,05/08/2026,"$1,001-$15,000",STOCK/FUND,A,확인,,65.8
9116142,Ro Khanna (D-CA17),09,DC,MCKESSON CORPORATION CMN,,S,05/01/2026,06/08/2026,"$1,001-$15,000",STOCK/FUND,A,의심,name-illegible,59.5
9116142,Ro Khanna (D-CA17),09,DC,REPUBLIC SERVICES INC CMN,,S,05/01/2026,06/08/2026,"$1,001-$15,000",STOCK/FUND,A,의심,name-illegible,57.5
9116142,Ro Khanna (D-CA17),09,DC,BROADRIOGE |INCMN FINANCIAL SOLUTIONS,,S,05/01/2026,06/08/2026,"$1,001-$15,000",STOCK/FUND,A,확인,,80.6
9116142,Ro Khanna (D-CA17),09,,"OC |UNITED RENTALS, INC. CMN",,S,05/01/2026,06/08/2026,"$1,001-$15,000",STOCK/FUND,A,의심,owner,83.2
9116142,Ro Khanna (D-CA17),09,DC,SHERWIN-WILLIAMS CO CMN,,S,05/01/2026,06/08/2026,"$1,001-$15,000",STOCK/FUND,A,확인,,67.2
9116142,Ro Khanna (D-CA17),09,DC,FREEPORT-MCMORAN INC CMN,FCX,S,05/01/2026,06/08/2026,"$1,001-$15,000",STOCK/FUND,A,확인,,68.1
9116142,Ro Khanna (D-CA17),10,,"PROVIDE SE FULL NAME, NOR EE TICKER SYINBOL A EL",,P/E,MM/DO/YE,,I/K,STOCK/FUND,IK,의심,amount-multi;type;date;notified;owner;name-illegible,52.8
9116142,Ro Khanna (D-CA17),10,,2020 DC TRUST |DUPONT FRO KHANNA DE NEMOURS CHILDREN INC CMN,,P/S/E,05/03/2026,06/08/2026,I/K,STOCK/FUND,IK,의심,amount-multi;type;owner,80.6
9116142,Ro Khanna (D-CA17),10,DC,PACCAR INC CMN,,S,05/01/2026,06/08/2026,"$1,001-$15,000",STOCK/FUND,A,의심,name-illegible,54.2
9116142,Ro Khanna (D-CA17),10,DC,PHILIP MORRIS INTL INC CMN,,S,05/01/2026,06/08/2026,"$1,001-$15,000",STOCK/FUND,A,확인,,72.6
9116142,Ro Khanna (D-CA17),10,,"DC_ {T-MOBILE US, INC. CMN",,S,05/01/2026,06/08/2026,"$1,001-$15,000",STOCK/FUND,A,의심,owner,78.7
9116142,Ro Khanna (D-CA17),10,,"OC |UBER TECHNOLOGIES, INC. CMN",,S,05/01/2026,06/08/2026,"$1,001-$15,000",STOCK/FUND,A,의심,owner,86.2
9116142,Ro Khanna (D-CA17),10,,"PC DELL JC TECHNOLOGIES INC, CMN CLASS",,S,05/01/2026,06/08/2026,"$1,001-$15,000",STOCK/FUND,A,의심,owner,87.6
9116142,Ro Khanna (D-CA17),10,DC,SERVICENOW INC CMN,NOW,S,05/01/2026,06/08/2026,"$1,001-$15,000",STOCK/FUND,A,확인,,66.3
9116142,Ro Khanna (D-CA17),10,DC,THE |CMN PROCTER & GAMBLE COMPANY,,S,08/01/2026,o6fos/26|,"$1,001-$15,000",STOCK/FUND,A,의심,notified,80.1
9116142,Ro Khanna (D-CA17),10,,"DC_ INTUITIVE SURGICAL, INC. CMN",,S,05/01/2026,06/08/2026,"$1,001-$15,000",STOCK/FUND,A,의심,owner,74.3
9116142,Ro Khanna (D-CA17),10,,"DC_ [DELTA AIR LINES, INC. CMIN",,S,05/01/2026,06/08/2026,"$1,001-$15,000",STOCK/FUND,A,의심,owner,62.5
9116142,Ro Khanna (D-CA17),10,,"BC {QNITY ELECTRONICS, INC. CMN",,S,05/01/2026,as/as/26},"$1,001-$15,000",STOCK/FUND,A,의심,notified;owner,72.2
9116142,Ro Khanna (D-CA17),10,DC,FEDEX CORPORATION CMN,,S,05/01/2026,06/08/2026,"$15,001-$50,000",STOCK/FUND,B,의심,name-illegible,53.8
9116142,Ro Khanna (D-CA17),10,DC,"BLACKROCK FUNDING, INC. CMN",,S,05/01/2026,06/08/2026,"$15,001-$50,000",STOCK/FUND,B,확인,,78.7
9116142,Ro Khanna (D-CA17),10,DC,U.S. BANCORP CMN,,S,05/01/2026,06/08/2026,"$15,001-$50,000",STOCK/FUND,B,확인,,85.1
9116142,Ro Khanna (D-CA17),10,DC,EATON CORP PLC CMN,ETN,S,05/01/2026,06/08/2026,"$15,001-$50,000",STOCK/FUND,B,의심,name-illegible,51.7
9116142,Ro Khanna (D-CA17),10,DC,NORDSON CORPORATION CMN,,S,05/01/2026,06/08/2026,"$15,001-$50,000",STOCK/FUND,B,확인,,82.2
9116142,Ro Khanna (D-CA17),10,DC,RV [CMN PIRAIWUIAL CN VILES UNUG?,,S,05/01/2026,06/08/2026,"$15,001-$50,000",STOCK/FUND,B,의심,name-illegible,17.2
9116142,Ro Khanna (D-CA17),10,DC,"AT&T INC, CMN",,S,05/01/2026,06/08/2026,"$15,001-$50,000",STOCK/FUND,B,확인,,65.6
9116142,Ro Khanna (D-CA17),11,,FUL ACWT MAME,,P/S/E,,Date of Transaction,"$1,001-$15,000",STOCK/FUND,A,의심,type;date;notified;owner;name-illegible,57.5
9116142,Ro Khanna (D-CA17),11,,"PROWIÉE FULL NUMA, NOT TUCKER SYMBOK",,P/E,| Transaction Portia,MM/DOAT,A/I/J/K,STOCK/FUND,AIJK,의심,amount-multi;type;date;notified;owner;name-illegible,38.5
9116142,Ro Khanna (D-CA17),11,,TRUST TEXAS FBO INSTRUMENTS KHANNO CHIFDREN INC. CMN,,P/S/E,x,05/01/2026,A/I/J,STOCK/FUND,AIJ,의심,amount-multi;type;date;owner,76.0
9116142,Ro Khanna (D-CA17),11,DC,"NETAPP, INC. CMN",,S,,05/01/2026,"$1,001-$15,000",STOCK/FUND,A,의심,date;name-illegible,54.4
9116142,Ro Khanna (D-CA17),11,DC,CITIGROUP INC. CMN,,S,4,05/01/2026,"$1,001-$15,000",STOCK/FUND,A,의심,date,76.5
9116142,Ro Khanna (D-CA17),11,,DC_|DOVER CORPORATION CMN,,S,,05/01/2026,"$1,001-$15,000",STOCK/FUND,A,의심,date;owner,77.5
9116142,Ro Khanna (D-CA17),11,,JOHNSON |CMN CONTROLS INTERNATIONAL,,S,,05/01/2026,"$1,001-$15,000",STOCK/FUND,A,의심,date;owner,90.8
9116142,Ro Khanna (D-CA17),11,DC,ARTHUR J GALLAGHER & CO CMIN,,S,,05/01/2026,"$1,001-$15,000",STOCK/FUND,A,의심,date,86.5
9116142,Ro Khanna (D-CA17),11,DC,STOCK BOSTON SCIENTIFIC CORP. COMMON,,S,,05/01/2026,"$1,001-$15,000",STOCK/FUND,A,의심,date,92.0
9116142,Ro Khanna (D-CA17),11,DC,"THE HOME DEPOT, INC. CMN",,S,x,05/01/2026,"$1,001-$15,000",STOCK/FUND,A,의심,date,89.2
9116142,Ro Khanna (D-CA17),11,,MC DONALDS CORP CMN,,S,,05/01/2026,"$1,001-$15,000",STOCK/FUND,A,의심,date;owner,73.4
9116142,Ro Khanna (D-CA17),12,,"SPSOCHT PRAVDE FULL CAME, AAT TICKER SYMABET",,P/E,SAYDOSTY :,TAMSOD TE,I/K,STOCK/FUND,IK,의심,amount-multi;type;date;notified;owner;name-illegible,53.5
9116142,Ro Khanna (D-CA17),12,,"RITU ; SP AHUJA ALBERTSONS |CLASSA DECLARATION COMPANIES, OF TRUST INC. CMN",,P/E,05/06/2026,06/08/2026,I/K,STOCK/FUND,IK,의심,amount-multi;type;owner,82.3
9116142,Ro Khanna (D-CA17),12,SP,CMN UNITEDHEALTH GROUP INCORPORATE,,P,05/15/2026,06/08/2026,"$1,001-$15,000",STOCK/FUND,A,확인,,79.4
9116142,Ro Khanna (D-CA17),12,SP,"ALBERTSONS |CLASSA COMPANIES, INC. CIN",,P,05/21/2026,06/08/2026,"$1,001-$15,000",STOCK/FUND,A,확인,,76.1
9116142,Ro Khanna (D-CA17),12,,SP__|NCR VOYIX CORP CMN CLASSA,,P,05/26/2026,06/08/2026,"$1,001-$15,000",STOCK/FUND,A,의심,owner,67.9
9116142,Ro Khanna (D-CA17),12,SP,BANK OF AMERICA CORP CMN,,P,05/15/2026,05/08/2026,"$1,001-$15,000",STOCK/FUND,A,확인,,66.1
9116142,Ro Khanna (D-CA17),12,SP,NCR VOYIX CORP CMN CLASS A,,P,05/11/2026,06/08/2026,"$1,001-$15,000",STOCK/FUND,A,확인,,72.6
9116142,Ro Khanna (D-CA17),12,,SP__|LABCORP HOLDINGS INC CMN,,P,05/15/2026,06/08/2026,"$1,001-$15,000",STOCK/FUND,A,의심,owner,71.2
9116142,Ro Khanna (D-CA17),12,SP,ZEBRA |A TECHNOLOGIES INC CMN CLASS,,P,05/15/2026,06/08/2026,"$1,001-$15,000",STOCK/FUND,A,확인,,77.9
9116142,Ro Khanna (D-CA17),12,SP,CROWN CASTLE INTL CORP CMN,,P,05/15/2026,06/08/2026,"$1,001-$15,000",STOCK/FUND,A,확인,,82.0
9116142,Ro Khanna (D-CA17),12,SP,NCR VOYIX CORP CMN CLASS A,,P,05/12/2026,06/08/2026,"$1,001-$15,000",STOCK/FUND,A,확인,,60.7
9116142,Ro Khanna (D-CA17),12,SP,APOLLO |CMNCLASSA GLOBAL MANAGEMENT INC,,P,05/15/2026,06/08/2026,"$1,001-$15,000",STOCK/FUND,A,확인,,83.9
9116142,Ro Khanna (D-CA17),12,SP,EXTRA SPACE STORAGE INC. CMN,,P,05/15/2026,06/08/2026,"$1,001-$15,000",STOCK/FUND,A,확인,,74.6
9116142,Ro Khanna (D-CA17),12,SP,"DELTA AIR LINES, INC. CMN",,P,05/15/2026,06/08/2026,"$1,001-$15,000",STOCK/FUND,A,확인,,79.7
9116142,Ro Khanna (D-CA17),12,SP,EDWARDS |CMN LIFESCIENCES CORPORATI,,P,05/15/2026,06/fas/26|,"$1,001-$15,000",STOCK/FUND,A,의심,notified,74.7
9116142,Ro Khanna (D-CA17),12,SP,INCYTE CORPORATION CMN,,P,05/15/2026,06/08/2026,"$1,001-$15,000",STOCK/FUND,A,확인,,70.8
9116142,Ro Khanna (D-CA17),12,SP,KIMBERLY-CLARK CORPORATION CMN,,P,05/15/2026,36/08/26),"$1,001-$15,000",STOCK/FUND,A,의심,notified,70.1
9116142,Ro Khanna (D-CA17),12,SP,CIGNA GROUP/THE CMN,,P,05/15/2026,06/08/2026,"$1,001-$15,000",STOCK/FUND,A,의심,name-illegible,52.3
9116142,Ro Khanna (D-CA17),12,,SP__ | BIO-TECHNE CORPORATION CMN,,P,05/15/2026,06/08/2026,"$1,001-$15,000",STOCK/FUND,A,의심,owner,64.2
9116142,Ro Khanna (D-CA17),13,,SP__|CENTENE DECLARATION CORPORATION AF TRUST CMN,,P/E,05/15/2026,06/08/2026,I/K,STOCK/FUND,IK,의심,amount-multi;type;owner,90.1
9116142,Ro Khanna (D-CA17),13,SP,PARAMOUNT {CORPORATION SKYDANCE CMN CLASS B,,P,05/15/2026,06/08/2026,"$1,001-$15,000",STOCK/FUND,A,확인,,76.6
9116142,Ro Khanna (D-CA17),13,SP,"CISCO SYSTEMS, INC. CMN",CSCO.O,P,05/15/2026,06/08/2026,"$1,001-$15,000",STOCK/FUND,A,확인,,68.1
9116142,Ro Khanna (D-CA17),13,,"SP__|DARDEN RESTAURANTS, INC. CMN",,P,05/15/2026,06/08/2026,"$1,001-$15,000",STOCK/FUND,A,의심,owner,79.9
9116142,Ro Khanna (D-CA17),13,SP,MGM RESORTS INTERNATIONAL CMN,,P,05/15/2026,06/08/2026,"$1,001-$15,000",STOCK/FUND,A,확인,,82.2
9116142,Ro Khanna (D-CA17),13,SP,AIR PRODUCTS & CHEMICALSINCCMN,,P,05/15/2026,06/08/2026,"$1,001-$15,000",STOCK/FUND,A,확인,,68.3
9116142,Ro Khanna (D-CA17),13,,SP__|AMCOR PLC CMN,,P,05/15/2026,06/08/2026,"$1,001-$15,000",STOCK/FUND,A,의심,owner,82.1
9116142,Ro Khanna (D-CA17),13,SP,THE CAMPBELL'’S COMPANY CMN,,P,05/15/2026,06/08/2026,"$1,001-$15,000",STOCK/FUND,A,확인,,64.3
9116142,Ro Khanna (D-CA17),13,SP,"HEALTHPEAK PROPERTIES, INC, CMN",,P,05/15/2026,06/08/2026,"$1,001-$15,000",STOCK/FUND,A,확인,,79.5
9116142,Ro Khanna (D-CA17),13,SP,"UBER TECHNOLOGIES, INC. CMIN",,P,05/15/2026,06/08/2026,"$1,001-$15,000",STOCK/FUND,A,확인,,83.1
9116142,Ro Khanna (D-CA17),13,SP,THE PROGRESSIVE CORPORATION CMN,,P,05/15/2026,06/08/2026,"$1,001-$15,000",STOCK/FUND,A,확인,,72.5
9116142,Ro Khanna (D-CA17),13,SP,"MONDELEZ INTERNATIONAL, INC. CMN",,P,05/15/2026,06/08/2026,"$1,001-$15,000",STOCK/FUND,A,확인,,69.2
9116142,Ro Khanna (D-CA17),13,SP,GLOBAL PAYMENTS INC. CMIN,,P,05/15/2026,06/08/2026,"$1,001-$15,000",STOCK/FUND,A,확인,,77.0
9116142,Ro Khanna (D-CA17),13,SP,"BROWN & BROWN, INC. CIN",,P,05/15/2026,06/08/2026,"$1,001-$15,000",STOCK/FUND,A,확인,,73.0
9116142,Ro Khanna (D-CA17),13,SP,CHARLES [CMN RIVER LABORATORIES INT,,P,05/15/2026,06/08/2026,"$1,001-$15,000",STOCK/FUND,A,확인,,86.8
9116142,Ro Khanna (D-CA17),13,SP,AVERY DENNISON CORPORATION CMN,,P,05/15/2026,06/08/2026,"$1,001-$15,000",STOCK/FUND,A,확인,,62.5
9116142,Ro Khanna (D-CA17),13,SP,EQUIFAX INC. CMIN,,P,05/15/2026,06/08/2026,"$1,001-$15,000",STOCK/FUND,A,확인,,60.4
9116142,Ro Khanna (D-CA17),13,,SYSTEMS INC CM CLASS A,,P,05/15/2026,06/08/2026,"$1,001-$15,000",STOCK/FUND,A,의심,owner,74.7
9116142,Ro Khanna (D-CA17),14,,"SH/OCHT PROVIDE FULLNAME, AOE TICKER SYMBOK",,P/S/E,ADDY,MM/DOIY,I/K,STOCK/FUND,IK,의심,amount-multi;type;date;notified;owner;name-illegible,53.6
9116142,Ro Khanna (D-CA17),14,,"RITU SP AHUJE |PNC DECLARATION FINANCIAL OF SERVICES TRUST GROUP, CMN",,P/S/E,05/15/2026,06/08/2026,I/K,STOCK/FUND,IK,의심,amount-multi;type;owner;name-illegible,49.6
9116142,Ro Khanna (D-CA17),14,SP,AON [CLASSA PUBLIC LIMITED COMPANY CMN,,P,05/15/2026,06/08/2026,"$1,001-$15,000",STOCK/FUND,A,확인,,72.8
9116142,Ro Khanna (D-CA17),14,SP,STERIS |CMN PUBLIC LIMITED COMPANY,,P,05/15/2026,06/08/2026,"$1,001-$15,000",STOCK/FUND,A,확인,,83.4
9116142,Ro Khanna (D-CA17),14,SP,"STARBUCKS CORP, CMN",,P,05/15/2026,06/08/2026,"$1,001-$15,000",STOCK/FUND,A,확인,,68.5
9116142,Ro Khanna (D-CA17),14,SP,"ROSS STORES,INC CMN",,P,05/15/2026,05/08/2026,"$1,001-$15,000",STOCK/FUND,A,확인,,70.7
9116142,Ro Khanna (D-CA17),14,SP,"CBRE GROUP, INC. CMN CLASSA",,P,05/15/2026,06/08/2026,"$1,001-$15,000",STOCK/FUND,A,확인,,80.1
9116142,Ro Khanna (D-CA17),14,SP,EXPEDIA GROUP INC CMN,,P,05/15/2026,06/08/2026,"$1,001-$15,000",STOCK/FUND,A,확인,,79.8
9116142,Ro Khanna (D-CA17),14,SP,WASTE MANAGEMENT INC CMN,,P,05/15/2026,06/08/2026,"$1,001-$15,000",STOCK/FUND,A,확인,,76.4
9116142,Ro Khanna (D-CA17),14,SP,WATERS {STOCK CORPORATION COMMON,,P,05/15/2026,06/08/2026,"$1,001-$15,000",STOCK/FUND,A,확인,,87.0
9116142,Ro Khanna (D-CA17),14,SP,"WILUAMS-SONOMA, INC. CMN",,P,05/15/2026,06/08/2026,"$1,001-$15,000",STOCK/FUND,A,확인,,73.7
9116142,Ro Khanna (D-CA17),14,SP,"MARRIOTT |CLASSA INTERNATIONAL, INC CMN",,P,05/15/2026,06/08/2026,"$1,001-$15,000",STOCK/FUND,A,확인,,79.7
9116142,Ro Khanna (D-CA17),14,SP,"GARTNER, INC. CMN",,P,05/05/2026,06/08/2026,"$1,001-$15,000",STOCK/FUND,A,확인,,76.6
9116142,Ro Khanna (D-CA17),14,SP,ELEVANCE HEALTH INC CMN,,P,05/15/2026,06/08/2026,"$1,001-$15,000",STOCK/FUND,A,확인,,73.4
9116142,Ro Khanna (D-CA17),14,SP,ZIMMER BIOMET HOLDINGS INC,,P,05/14/2026,06/08/2026,"$1,001-$15,000",STOCK/FUND,A,확인,,83.6
9116142,Ro Khanna (D-CA17),14,SP,"ALBERTSONS |CLASSA COMPANIES, INC. CMN",,P,05/05/2026,06/08/2026,"$1,001-$15,000",STOCK/FUND,A,확인,,80.2
9116142,Ro Khanna (D-CA17),14,SP,"ALBERTSONS |CLASSA COMPANIES, INC. CMN",,P,05/26/2026,06/08/2026,"$1,001-$15,000",STOCK/FUND,A,확인,,73.8
9116142,Ro Khanna (D-CA17),14,SP,MAPLEBEAR INC. CN,,P,05/14/2026,06/08/2026,"$1,001-$15,000",STOCK/FUND,A,의심,name-illegible,57.4
9116142,Ro Khanna (D-CA17),14,SP,CENCORA INC CMN,,P,05/15/2026,06/08/2025,"$1,001-$15,000",STOCK/FUND,A,확인,,69.5
9116142,Ro Khanna (D-CA17),15,,"S0/DCHT PROVIDE FULL NAME, NOT TICKER SYMBOL [PURCHASE",,S/E,MM/DD/YT,MM/DD/YY,I/K,STOCK/FUND,IK,의심,amount-multi;type;date;notified;owner,66.0
9116142,Ro Khanna (D-CA17),15,,RITU SP AHUJA (METTLER-TOLEDO DECLARATION OF TRUST INTLCMN X,,S/E,05/15/2026,as/as/26|,I/K,STOCK/FUND,IK,의심,amount-multi;type;notified;owner,79.9
9116142,Ro Khanna (D-CA17),15,SP,"D.R. HORTON, INC. CMN X",,?,05/15/2026,06/08/2026,"$1,001-$15,000",STOCK/FUND,A,의심,type,68.7
9116142,Ro Khanna (D-CA17),15,SP,"BLACKROCK FUNDING, INC. CMN X",,?,05/15/2026,06/08/2026,"$1,001-$15,000",STOCK/FUND,A,의심,type,79.4
9116142,Ro Khanna (D-CA17),15,SP,GENUINE PARTS CO. CMN X,,?,05/15/2026,06/08/2026,"$1,001-$15,000",STOCK/FUND,A,의심,type,80.0
9116142,Ro Khanna (D-CA17),15,SP,ZOETIS INC. CMN CLASSA X,,?,05/15/2026,06/08/2026,"$1,001-$15,000",STOCK/FUND,A,의심,type,81.8
9116142,Ro Khanna (D-CA17),15,SP,"BLOCK, INC. CMN CLASSA X",,?,05/15/2026,06/08/2026,"$1,001-$15,000",STOCK/FUND,A,의심,type,73.5
9116142,Ro Khanna (D-CA17),15,SP,JINGERSOLL RAND INC CMN X,,?,05/15/2026,06/08/2026,"$1,001-$15,000",STOCK/FUND,A,의심,type,71.2
9116142,Ro Khanna (D-CA17),15,SP,REVVITY INCCMN X,,?,05/15/2026,06/08/2026,"$1,001-$15,000",STOCK/FUND,A,의심,type,68.1
9116142,Ro Khanna (D-CA17),15,SP,"BIOGEN INC, CMN X",,?,05/15/2026,06/08/2026,"$1,001-$15,000",STOCK/FUND,A,의심,type,71.2
9116142,Ro Khanna (D-CA17),15,SP,"GARTNER, INC. CMIN X",,?,05/15/2026,06/08/2026,"$1,001-$15,000",STOCK/FUND,A,의심,type,78.5
9116142,Ro Khanna (D-CA17),15,SP,INTERNATIONAL PAPER CO. CMIN X,,?,05/15/2026,06/08/2026,"$1,001-$15,000",STOCK/FUND,A,의심,type,64.9
9116142,Ro Khanna (D-CA17),15,SP,CVS HEALTH CORP CMN X,,?,05/15/2026,06/08/2026,"$1,001-$15,000",STOCK/FUND,A,의심,type,73.0
9116142,Ro Khanna (D-CA17),15,,SP__{PFIZERINC. CMN X,,?,05/15/2026,06/08/2026,"$1,001-$15,000",STOCK/FUND,A,의심,type;owner,71.7
9116142,Ro Khanna (D-CA17),15,SP,BAXTER INTERNATIONAL INC. CMN X,,?,05/15/2026,06/08/2026,"$1,001-$15,000",STOCK/FUND,A,의심,type,64.9
9116142,Ro Khanna (D-CA17),15,SP,MOTORGLA SOLUTIONS INC CMN X,,?,05/15/2026,05/08/2026,"$1,001-$15,000",STOCK/FUND,A,의심,type,81.2
9116142,Ro Khanna (D-CA17),15,,"SP__|PEPSICO, INC. CMMN X",,?,05/15/2026,- 06/08/26/,"$1,001-$15,000",STOCK/FUND,A,의심,type;notified;owner,68.8
9116142,Ro Khanna (D-CA17),15,,SP__|BLACKSTONE GROUP INC/THE CMN X,,?,05/15/2026,06/08/2026,"$1,001-$15,000",STOCK/FUND,A,의심,type;owner,76.2
9116142,Ro Khanna (D-CA17),15,SP,"FISERV, INC. CMN X",,?,05/15/2026,06/08/2026,"$1,001-$15,000",STOCK/FUND,A,의심,type,64.1
9116142,Ro Khanna (D-CA17),16,,"PROVIDA FELL NAME, NOT TICKER SYMBAL",,P/E,AM/DD/,A/DOALY,I/K,STOCK/FUND,IK,의심,amount-multi;type;date;notified;owner,77.1
9116142,Ro Khanna (D-CA17),16,,TRACTOR DECLARATION SUPPLY OF TRUST COMPANY CMN,,P/E,08/15/2026,06/08/2026,I/K,STOCK/FUND,IK,의심,amount-multi;type;owner,89.6
9116142,Ro Khanna (D-CA17),16,SP,MEDTRONIC JCMN PUBLIC LIMITED COMPA,,P,05/15/2026,06/08/2026,"$1,001-$15,000",STOCK/FUND,A,확인,,80.9
9116142,Ro Khanna (D-CA17),16,SP,COGNIZANT |CORP CLASSA TECHNOLOGY SOLUTIONS,,P,05/15/2026,06/08/2026,"$1,001-$15,000",STOCK/FUND,A,확인,,76.5
9116142,Ro Khanna (D-CA17),16,SP,"PPG INDUSTRIES, INC. CMN",,P,05/15/2026,06/08/2026,"$1,001-$15,000",STOCK/FUND,A,확인,,80.2
9116142,Ro Khanna (D-CA17),16,SP,COLGATE-PALMOLIVE CO CMN,,P,05/15/2026,06/08/2026,"$1,001-$15,000",STOCK/FUND,A,확인,,80.1
9116142,Ro Khanna (D-CA17),16,SP,"O'REILLY AUTOMOTIVE, INC. CIN",,P,05/15/2026,06/08/2026,"$1,001-$15,000",STOCK/FUND,A,확인,,61.7
9116142,Ro Khanna (D-CA17),16,SP,CRH PUBLIC LIMITED COMPANY CMN,,P,05/15/2026,06/08/2026,"$1,001-$15,000",STOCK/FUND,A,확인,,80.8
9116142,Ro Khanna (D-CA17),16,SP,"AIRBNB, INC. CMN CLASSA",,P,05/15/2026,06/08/2026,"$1,001-$15,000",STOCK/FUND,A,확인,,84.2
9116142,Ro Khanna (D-CA17),16,SP,AMRIZE LTD (US} CMN,,P,05/21/2026,06/08/2026,"$1,001-$15,000",STOCK/FUND,A,확인,,67.7
9116142,Ro Khanna (D-CA17),16,SP,AMERICAN |CMN TOWER . CORPORATION,,P,05/15/2026,06/08/2026,"$1,001-$15,000",STOCK/FUND,A,확인,,69.3
9116142,Ro Khanna (D-CA17),16,SP,BRISTOL-MYERS |CMN SQUIBB COMPANY,,P,05/15/2026,06/08/2026,"$1,001-$15,000",STOCK/FUND,A,확인,,78.7
9116142,Ro Khanna (D-CA17),16,SP,S&P GLOBAL INC. CMN,,P,05/15/2026,06/08/2026,"$1,001-$15,000",STOCK/FUND,A,의심,name-illegible,47.9
9116142,Ro Khanna (D-CA17),16,SP,"CMN BECTON, DICKINSON AND COMPANY",,P,05/15/2026,06/08/2026,"$1,001-$15,000",STOCK/FUND,A,확인,,86.2
9116142,Ro Khanna (D-CA17),16,SP,3M COMPANY CMN,,P,05/15/2026,06/08/2026,"$1,001-$15,000",STOCK/FUND,A,확인,,80.1
9116142,Ro Khanna (D-CA17),16,SP,NIKE CLASS-B CMN CLASS B,,P,05/15/2026,06/08/2026,"$1,001-$15,000",STOCK/FUND,A,확인,,78.7
9116142,Ro Khanna (D-CA17),16,SP,"TESLA, INC. CMN",TSLA.O,P,05/15/2026,06/08/2026,"$1,001-$15,000",STOCK/FUND,A,확인,,79.9
9116142,Ro Khanna (D-CA17),16,SP,TRUIST |CMN FINANCIAL CORPORATION,,P,05/15/2026,06/08/2026,"$1,001-$15,000",STOCK/FUND,A,확인,,82.0
9116142,Ro Khanna (D-CA17),16,SP,SHERWIN-WILLIAMS CO CMIN,,P,05/15/2026,06/08/2026,"$1,001-$15,000",STOCK/FUND,A,확인,,80.5
9116142,Ro Khanna (D-CA17),17,SP,"OCIT PROVIDE FUL NAME, AOT TICKER SYMBOL",,P/E,MMIDOY,MMIRD/TY :,I/K,STOCK/FUND,IK,의심,amount-multi;type;date;notified,61.9
9116142,Ro Khanna (D-CA17),17,,RITU SP AHUJA {PRUDENTIAL DECTORATION FINANCIAL OF TRUST INC CMN,,P/E,05/15/2026,06/08/2026,I/K,STOCK/FUND,IK,의심,amount-multi;type;owner,78.8
9116142,Ro Khanna (D-CA17),17,SP,TEXAS INSTRUMENTS INC. CMN,,P,05/15/2026,06/08/2026,"$1,001-$15,000",STOCK/FUND,A,확인,,67.2
9116142,Ro Khanna (D-CA17),17,SP,"UNION __|EQTY DN PACIFIC CASH CORP, BASE JSE UNPLINT",,P,05/15/2026,06/08/2026,"$1,001-$15,000",STOCK/FUND,A,확인,,79.6
9116142,Ro Khanna (D-CA17),17,SP,OTIS WORLDWIDE CORPORATION CMN,,P,05/15/2026,06/08/2026,"$1,001-$15,000",STOCK/FUND,A,의심,name-illegible,49.0
9116142,Ro Khanna (D-CA17),17,SP,WALT DISNEY COMPANY (THE) CMN,,P,05/15/2026,06/08/2026,"$1,001-$15,000",STOCK/FUND,A,확인,,76.4
9116142,Ro Khanna (D-CA17),17,SP,STOCK BOSTON SCIENTIFIC CORP. COMMON,,P,05/15/2026,06/08/2026,"$1,001-$15,000",STOCK/FUND,A,확인,,90.5
9116142,Ro Khanna (D-CA17),17,SP,QVIA HOLDINGS INC CMN,,P,05/15/2026,06/08/2026,"$1,001-$15,000",STOCK/FUND,A,확인,,67.0
9116142,Ro Khanna (D-CA17),17,SP,PALANTIR TECHNOLOGIES INC. CMN,PLTR.O,P,05/15/2026,06/08/2026,"$15,001-$50,000",STOCK/FUND,B,확인,,77.5
9116142,Ro Khanna (D-CA17),17,SP,"JINTUITIVE SURGICAL, INC. CMN",,P,05/15/2026,06/08/2026,"$15,001-$50,000",STOCK/FUND,B,확인,,74.1
9116142,Ro Khanna (D-CA17),17,SP,QUALCOMM INC CMN,QCOM.O,P,05/15/2026,06/08/2026,"$15,001-$50,000",STOCK/FUND,B,확인,,62.9
9116142,Ro Khanna (D-CA17),17,SP,MCDONALDS CORP CMN,,P,05/15/2026,05/08/2026,"$15,001-$50,000",STOCK/FUND,B,확인,,63.0
9116142,Ro Khanna (D-CA17),17,,SP__|GILEAD SCIENCES CMN,,P,05/15/2026,06/08/2026,"$15,001-$50,000",STOCK/FUND,B,의심,owner,84.1
9116142,Ro Khanna (D-CA17),17,SP,LOWES COMPANIES INC CMN,,P,05/15/2026,06/08/2026,"$15,001-$50,000",STOCK/FUND,B,확인,,70.5
9116142,Ro Khanna (D-CA17),17,SP,AVOTING COMCAST CORPORATION CHIN CLASS,,P,05/15/2026,06/08/2026,"$15,001-$50,000",STOCK/FUND,B,확인,,80.5
9116142,Ro Khanna (D-CA17),17,SP,CMN VERIZON COMMUNICATIONS INC,,P,05/15/2026,06/08/2026,"$15,001-$50,000",STOCK/FUND,B,확인,,70.5
9116142,Ro Khanna (D-CA17),18,,FULL ATSET NAME TYPE,,P/S,Date of Transaction,Date Transaction Nottied oF,G/H,STOCK/FUND,GH,의심,amount-multi;type;date;notified;owner,74.3
9116142,Ro Khanna (D-CA17),18,,"A NT PROVIDE NM FULL NOME, NOT UCKER SYMBOL",,S/E,,,I/K,STOCK/FUND,IK,의심,amount-multi;type;date;notified;owner;name-illegible,58.9
9116142,Ro Khanna (D-CA17),18,,RITU SP AHUJA {ABBOTT DECLARATION LABORATORIES OF TRUST CMN X,,S/E,05/15/2026,06/08/2026,I/K,STOCK/FUND,IK,의심,amount-multi;type;owner,85.7
9116142,Ro Khanna (D-CA17),18,SP,VISA INC. CMN CLASS A X,V,?,05/15/2026,06/08/2026,"$15,001-$50,000",STOCK/FUND,B,의심,type,69.3
9116142,Ro Khanna (D-CA17),18,SP,ABBVIE INC. CMN X,,?,05/15/2026,06/08/2026,"$15,001-$50,000",STOCK/FUND,B,의심,type,77.7
9116142,Ro Khanna (D-CA17),18,,SP__|CALLAWAY GOLF COMPANY CMN,,P,05/07/2026,06/08/2026,"$1,001-$15,000",STOCK/FUND,A,의심,owner,83.0
9116142,Ro Khanna (D-CA17),18,SP,"JEPAM SYSTEMS, INC, CMIN",,P,05/15/2026,06/08/2026,"$1,001-$15,000",STOCK/FUND,A,확인,,60.5
9116142,Ro Khanna (D-CA17),18,SP,JAMERICAN EXPRESS CO. CMIN,,P,05/15/2026,06/08/2026,"$1,001-$15,000",STOCK/FUND,A,확인,,67.4
9116142,Ro Khanna (D-CA17),18,SP,PENN ENTERTAINMENT INC CIN,,P,05/28/2026,06/08/2026,"$1,001-$15,000",STOCK/FUND,A,확인,,64.9
9116142,Ro Khanna (D-CA17),18,SP,INSULET CORPORATION CMN,,P,05/15/2026,06/08/2026,"$1,001-$15,000",STOCK/FUND,A,확인,,80.9
9116142,Ro Khanna (D-CA17),18,SP,DECKERS OUTDOORS CORP CMN,,P,05/15/2026,06/08/2026,"$1,001-$15,000",STOCK/FUND,A,확인,,72.3
9116142,Ro Khanna (D-CA17),18,SP,CARNIVAL-CORPORATION CMN,,P,05/15/2026,06/08/2026,"$1,001-$15,000",STOCK/FUND,A,의심,name-illegible,56.7
9116142,Ro Khanna (D-CA17),18,SP,"ALIGN TECHNOLOGY, INC CMN",,P,05/15/2026,06/08/2026,"$1,001-$15,000",STOCK/FUND,A,확인,,66.6
9116142,Ro Khanna (D-CA17),18,SP,MOSAIC COMPANY (THE) CMN,,P,05/15/2026,06/08/2026,"$1,001-$15,000",STOCK/FUND,A,확인,,71.6
9116142,Ro Khanna (D-CA17),18,SP,COOPER COS INC/THE CMN,,P,05/15/2026,06/08/2026,"$1,001-$15,000",STOCK/FUND,A,확인,,68.7
9116142,Ro Khanna (D-CA17),18,SP,SMURFIT |CMN WESTROCK PUBLIC LIMITE,,P,05/15/2026,06/08/2026,"$1,001-$15,000",STOCK/FUND,A,확인,,81.2
9116142,Ro Khanna (D-CA17),18,SP,ILLINOIS TOOL WORKS CMN,,P,05/15/2026,06/08/2026,"$1,001-$15,000",STOCK/FUND,A,확인,,76.5
9116142,Ro Khanna (D-CA17),18,SP,APTIV PLC CMIN,,P,05/15/2025,06/08/2026,"$1,001-$15,000",STOCK/FUND,A,확인,,70.8
9116142,Ro Khanna (D-CA17),18,SP,WEYERHAEUSER COMPANY CMN,,P,05/15/2026,06/08/2026,"$1,001-$15,000",STOCK/FUND,A,확인,,61.1
9116142,Ro Khanna (D-CA17),19,,FULL ASTET NAME ‘,,P/S/E,Dateof Transaction,Date Transactlon Noubed ct,G/H,STOCK/FUND,GH,의심,amount-multi;type;date;notified;owner,64.2
9116142,Ro Khanna (D-CA17),19,,SP__|BEST DECLARATION BUY CO INC OF CMN TRUST,,P/E,05/15/2026,06/03/2026,I/K,STOCK/FUND,IK,의심,amount-multi;type;owner,84.2
9116142,Ro Khanna (D-CA17),19,,SP__{LIONSGATE STUDIOS CORP CMN,,S,05/06/2026,06/08/2026,"$1,001-$15,000",STOCK/FUND,A,의심,owner,73.9
9116142,Ro Khanna (D-CA17),19,SP,ROYAL |LROQO8S62868 CARIBBEAN GROUP ISIN,,S,05/15/2026,o6/as/26|_,"$1,001-$15,000",STOCK/FUND,A,의심,notified,79.9
9116142,Ro Khanna (D-CA17),19,,SP_|CMNCLASSA LYONCELLBASELL - INDUSTRIES N.V,,S,05/15/2026,06/08/2026,"$1,001-$15,000",STOCK/FUND,A,의심,owner;name-illegible,47.4
9116142,Ro Khanna (D-CA17),19,SP,POOL CORP CMN,,S,05/15/2026,06/08/2026,"$1,001-$15,000",STOCK/FUND,A,확인,,72.8
9116142,Ro Khanna (D-CA17),19,,PROPERTIES INC. CMN,,S,05/15/2026,06/08/2026,"$1,001-$15,000",STOCK/FUND,A,의심,owner,92.6
9116142,Ro Khanna (D-CA17),19,SP,"MODERNA, INC. CMN",MRNA.O,S,05/15/2026,06/08/2026,"$1,001-$15,000",STOCK/FUND,A,확인,,77.6
9116142,Ro Khanna (D-CA17),19,SP,CONSTELLATION ENERGY CORP CMN,CEG.O,S,05/15/2026,06/08/2026,"$1,001-$15,000",STOCK/FUND,A,확인,,74.6
9116142,Ro Khanna (D-CA17),19,SP,VISTRA CORP CMN,VST,S,05/15/2026,06/08/2026,"$1,001-$15,000",STOCK/FUND,A,확인,,71.6
9116142,Ro Khanna (D-CA17),19,SP,"CMN MARTIN MARIETTA MATERIALS,INC",,S,05/15/2026,06/08/2026,"$1,001-$15,000",STOCK/FUND,A,확인,,85.1
9116142,Ro Khanna (D-CA17),19,,SP__|SYNCHRONY FINANCIAL CMN,,S,05/15/2026,06/08/2026,"$1,001-$15,000",STOCK/FUND,A,의심,owner,79.5
9116142,Ro Khanna (D-CA17),19,SP,JARCH CAPITAL GROUP LTO. CMN,,S,05/15/2026,06/08/2026,"$1,001-$15,000",STOCK/FUND,A,확인,,80.8
9116142,Ro Khanna (D-CA17),19,,"SP__|CORTEVA, INC. CMN",,S,05/15/2026,06/08/2026,"$1,001-$15,000",STOCK/FUND,A,의심,owner,76.2
9116142,Ro Khanna (D-CA17),19,,"SP__|ARISTA NETWORKS, INC, CMN",ANET.K,S,05/15/2026,06/03/2026,"$1,001-$15,000",STOCK/FUND,A,의심,owner,80.0
9116142,Ro Khanna (D-CA17),19,,SP__J{AXALTA COATING SYSTEMS LTD. CMN,,S,05/21/2026,06/08/2026,"$1,001-$15,000",STOCK/FUND,A,의심,owner,79.7
9116142,Ro Khanna (D-CA17),19,SP,"TYLER TECHNOLOGIES, INC. CMN",,S,05/15/2026,06/08/2026,"$1,001-$15,000",STOCK/FUND,A,확인,,61.8
9116142,Ro Khanna (D-CA17),19,,SP__|CARVANA CO. CN CLASS A,,S,05/15/2026,06/08/2026,"$1,001-$15,000",STOCK/FUND,A,의심,owner,72.5
9116142,Ro Khanna (D-CA17),19,,SP__|DOORDASH INC CMN CLASS A,,S,05/15/2026,06/08/2026,"$1,001-$15,000",STOCK/FUND,A,의심,owner,87.6
9116142,Ro Khanna (D-CA17),20,,"SPYOCYIT PROVIDE FULL NAME, NOT TICKER SYMBOL",,P/E,MMsoDsYY,MAYyDOfeYr,I/K,STOCK/FUND,IK,의심,amount-multi;type;date;notified;owner,69.4
9116142,Ro Khanna (D-CA17),20,,"RITU SP AHUJA _|MICRON DECLARATION TECHNQLOGY, OF TRUST INC. CMN",MU.O,P/S/E,05/05/2026,06/08/2026,I/K,STOCK/FUND,IK,의심,amount-multi;type;owner,72.6
9116142,Ro Khanna (D-CA17),20,SP,"RESMED INC, CMN",,S,05/15/2026,06/08/2026,"$1,001-$15,000",STOCK/FUND,A,확인,,68.0
9116142,Ro Khanna (D-CA17),20,SP,CALLAWAY GOLF COMPANY CMN,,S,05/06/2026,06/08/2026,"$1,001-$15,000",STOCK/FUND,A,확인,,75.1
9116142,Ro Khanna (D-CA17),20,SP,JCMN GE HEALTHCARE TECHNOLOGIES INC,,S,05/15/2025,06/08/2026,"$1,001-$15,000",STOCK/FUND,A,확인,,75.2
9116142,Ro Khanna (D-CA17),20,,"SP__|MICRON TECHNOLOGY, INC. CMN",MU.O,S,05/26/2026,05/08/2026,"$1,001-$15,000",STOCK/FUND,A,의심,owner,81.1
9116142,Ro Khanna (D-CA17),20,SP,XYLEM INC. CMN,,S,05/15/2026,06/08/2026,"$1,001-$15,000",STOCK/FUND,A,확인,,78.6
9116142,Ro Khanna (D-CA17),20,SP,"YUM BRANDS, INC. CMN",,S,05/15/2026,06/08/2026,"$1,001-$15,000",STOCK/FUND,A,확인,,65.8
9116142,Ro Khanna (D-CA17),20,SP,"MICRON TECHNOLOGY, INC. CMN",MU.O,S,05/27/2026,06/08/2026,"$1,001-$15,000",STOCK/FUND,A,확인,,67.2
9116142,Ro Khanna (D-CA17),20,SP,JLULULEMON ATHLETICA INC. CMIN,,S,05/15/2026,06/08/2026,"$1,001-$15,000",STOCK/FUND,A,확인,,65.1
9116142,Ro Khanna (D-CA17),20,SP,"VERISK ANALYTICS, INC. CMN",,S,05/15/2026,06/08/2026,"$1,001-$15,000",STOCK/FUND,A,확인,,75.6
9116142,Ro Khanna (D-CA17),20,SP,BALL CORPORATION CMN,,S,05/15/2026,06/08/2026,"$1,001-$15,000",STOCK/FUND,A,확인,,70.2
9116142,Ro Khanna (D-CA17),20,SP,ICMN HUNTINGTON BANCSHARES INCORPOR,,S,05/15/2026,06/08/2026,"$1,001-$15,000",STOCK/FUND,A,확인,,79.9
9116142,Ro Khanna (D-CA17),20,SP,LIONSGATE STUDIOS CORP CMN,,S,05/14/2026,06/08/2026,"$1,001-$15,000",STOCK/FUND,A,확인,,77.3
9116142,Ro Khanna (D-CA17),20,,"SP__|U,S. BANCORP CMN",,S,05/15/2026,06/08/2026,"$1,001-$15,000",STOCK/FUND,A,의심,owner,72.6
9116142,Ro Khanna (D-CA17),20,SP,VULCAN MATERIALS CO CMN,VMC,S,05/15/2026,06/08/2026,"$1,001-$15,000",STOCK/FUND,A,확인,,73.7
9116142,Ro Khanna (D-CA17),20,SP,"DEXCOM, INC. CMN",,S,05/15/2026,05/08/2026,"$1,001-$15,000",STOCK/FUND,A,확인,,62.3
9116142,Ro Khanna (D-CA17),20,SP,AXALTA COATING SYSTEMS LTD. CMN,,S,05/26/2026,as6/os/26|,"$1,001-$15,000",STOCK/FUND,A,의심,notified,77.8
9116142,Ro Khanna (D-CA17),20,SP,THE {CMN PROCTER & GAMBLE COMPANY,,S,05/15/2026,06/08/2026,"$1,001-$15,000",STOCK/FUND,A,확인,,80.9
9116142,Ro Khanna (D-CA17),21,,SP__|HENRY DECLARATION SCHEIN OF INC TRUST COMMON STOCK,,P/S/E,05/15/2026,06/08/2026,I/K,STOCK/FUND,IK,의심,amount-multi;type;owner,90.5
9116142,Ro Khanna (D-CA17),21,,BROADRIDGE CMN FINANCIAL SOLUTIONS,,S,05/15/2026,06/08/2026,"$1,001-$15,000",STOCK/FUND,A,의심,owner,66.6
9116142,Ro Khanna (D-CA17),21,,"SP__|COPART, INC, CMN",,S,05/15/2026,06/08/2026,"$1,001-$15,000",STOCK/FUND,A,의심,owner,77.3
9116142,Ro Khanna (D-CA17),21,,SP__|KENVUE INC. CMN,,S,05/15/2026,06/08/2026,"$1,001-$15,000",STOCK/FUND,A,의심,owner,75.5
9116142,Ro Khanna (D-CA17),21,,VEGAS SANDS CORP. CMN,,S,05/15/2026,05/08/2026,"$1,001-$15,000",STOCK/FUND,A,의심,owner,87.7
9116142,Ro Khanna (D-CA17),21,,SP__|FACTSET RESEARCH SYSTEMS INC CMN,,S,05/15/2026,06/08/2026,"$1,001-$15,000",STOCK/FUND,A,의심,owner,82.9
9116142,Ro Khanna (D-CA17),21,,BUSINESS MACHINES CORP CMN,,S,05/15/2026,06/08/2026,"$1,001-$15,000",STOCK/FUND,A,의심,owner,91.3
9116142,Ro Khanna (D-CA17),21,,"SP__|AUTOZONE, INC. CIN",,S,05/15/2026,06/08/2026,"$1,001-$15,000",STOCK/FUND,A,의심,owner;name-illegible,57.7
9116142,Ro Khanna (D-CA17),21,SP,BOOKING HOLDINGS INC. CMN,,S,05/15/2026,06/08/2026,"$1,001-$15,000",STOCK/FUND,A,확인,,88.8
9116142,Ro Khanna (D-CA17),21,,REGENERON PHARMACEUTICAL INC,,S,05/15/2026,06/08/2026,"$1,001-$15,000",STOCK/FUND,A,의심,owner,94.3
9116142,Ro Khanna (D-CA17),21,,"SP__|MICRON TECHNOLOGY, INC. CMIN",MU.O,S,05/12/2026,06/08/2026,"$1,001-$15,000",STOCK/FUND,A,의심,owner,80.5
9116142,Ro Khanna (D-CA17),21,,SP__{MARSH ORD CMN,,S,05/15/2026,06/08/2026,"$1,001-$15,000",STOCK/FUND,A,의심,owner,75.9
9116142,Ro Khanna (D-CA17),21,SP,ECOLAB INC. CMN,,S,05/15/2026,06/08/2026,"$1,001-$15,000",STOCK/FUND,A,확인,,71.0
9116142,Ro Khanna (D-CA17),21,SP,"CHIPOTLE MEXICAN GRILL, INC. CMIN",,S,05/15/2026,06/08/2026,"$1,001-$15,000",STOCK/FUND,A,확인,,78.8
9116142,Ro Khanna (D-CA17),21,,"SP__JEMERSON ELECTRIC CO, CMIN",,S,05/15/2026,06/08/2026,"$1,001-$15,000",STOCK/FUND,A,의심,owner;name-illegible,56.4
9116142,Ro Khanna (D-CA17),21,,SP__|IDEXX LABORATORIES CMIN,,S,05/15/2026,06/08/2026,"$1,001-$15,000",STOCK/FUND,A,의심,owner,67.4
9116142,Ro Khanna (D-CA17),21,SP,"AGILENT TECHNOLOGIES, INC. CMN",,S,05/15/2026,06/08/2026,"$1,001-$15,000",STOCK/FUND,A,확인,,69.6
9116142,Ro Khanna (D-CA17),21,SP,THE HERSHEY COMPANY C©MN,,S,05/15/2026,06/08/2026,"$1,001-$15,000",STOCK/FUND,A,확인,,63.7
9116142,Ro Khanna (D-CA17),22,,SP__|AXALTA DECLARATION COATING OF TRUST SYSTEMS LTD. CMN,,P/S/E,05/27/2026,06/08/2026,I/K,STOCK/FUND,IK,의심,amount-multi;type;owner,83.4
9116142,Ro Khanna (D-CA17),22,SP,ALEXANDRIA INC. REAL ESTATE EQUITIES,,S,05/15/2026,06/08/2026,"$1,001-$15,000",STOCK/FUND,A,확인,,81.6
9116142,Ro Khanna (D-CA17),22,SP,ACCENTURE PLC CMN CLASS A,,S,05/15/2026,06/08/2026,"$1,001-$15,000",STOCK/FUND,A,확인,,60.8
9116142,Ro Khanna (D-CA17),22,SP,"CHARTER |CMN COMMUNICATIONS, INC",,S,05/15/2026,06/08/2026,"$1,001-$15,000",STOCK/FUND,A,확인,,86.5
9116142,Ro Khanna (D-CA17),22,SP,TIX COMPANIES INC (NEW) CMN,,S,05/15/2026,06/08/2026,"$1,001-$15,000",STOCK/FUND,A,확인,,75.6
9116142,Ro Khanna (D-CA17),22,SP,GARMIN LTD CMN,,S,05/15/2026,06/08/2026,"$1,001-$15,000",STOCK/FUND,A,확인,,81.9
9116142,Ro Khanna (D-CA17),22,SP,"MICRON TECHNOLOGY, INC. CMN",MU.O,S,05/11/2026,06/08/2026,"$1,001-$15,000",STOCK/FUND,A,확인,,72.8
9116142,Ro Khanna (D-CA17),22,SP,ARTHUR J GALLAGHER & CO CMN,,S,05/15/2026,06/08/2026,"$1,001-$15,000",STOCK/FUND,A,확인,,86.2
9116142,Ro Khanna (D-CA17),22,SP,DANAHER CORPORATION CMN,,S,05/15/2026,06/08/2026,"$1,001-$15,000",STOCK/FUND,A,확인,,72.1
9116142,Ro Khanna (D-CA17),22,SP,"COMMON UNITED PARCEL STOCK SERVICE, INC. CLASS B",,S,05/15/2026,06/08/2026,"$1,001-$15,000",STOCK/FUND,A,확인,,91.7
9116142,Ro Khanna (D-CA17),22,SP,HONEYWELL INTL INC CMN,,S,05/15/2026,06/08/2026,"$1,001-$15,000",STOCK/FUND,A,의심,name-illegible,33.9
9116142,Ro Khanna (D-CA17),22,SP,"HCA HEALTHCARE, INC CMN",,S,05/15/2026,06/08/2026,"$1,001-$15,000",STOCK/FUND,A,확인,,79.9
9116142,Ro Khanna (D-CA17),22,SP,"PARKER-HANNIFIN CORP, CMN",,S,05/15/2026,06/08/2026,"$1,001-$15,000",STOCK/FUND,A,확인,,77.0
9116142,Ro Khanna (D-CA17),22,SP,INTERCONTINENTAL |CMN EXCHANGE INC,,S,05/15/2026,06/08/2026,"$1,001-$15,000",STOCK/FUND,A,확인,,84.5
9116142,Ro Khanna (D-CA17),22,SP,ZIMMER BIOMET HGLOINGS INC,,S,05/15/2026,06/08/2026,"$1,001-$15,000",STOCK/FUND,A,확인,,60.6
9116142,Ro Khanna (D-CA17),22,SP,SALESFORCE INC CMN,CRM,S,05/15/2026,06/08/2026,"$15,001-$50,000",STOCK/FUND,B,확인,,79.4
9116142,Ro Khanna (D-CA17),22,,SP__{[STRYKER CORPORATION CMN,,S,05/15/2026,06/08/2026,"$15,001-$50,000",STOCK/FUND,B,의심,owner,78.6
9116142,Ro Khanna (D-CA17),23,,IMCKESSON DECLARATION CORPORATION OF TRUST CMN,,P/S/E,,05/15/2026,A/J,STOCK/FUND,AJ,의심,amount-multi;type;date;owner,79.4
9116142,Ro Khanna (D-CA17),23,,"SP__|MERCK & CO., INC. CMN",,S,,05/15/2026,"$1,001-$15,000",STOCK/FUND,A,의심,date;owner,73.1
9116142,Ro Khanna (D-CA17),23,SP,THERMG FISHER SCIENTIFIC INC CMN,,S,-{,05/15/2026,"$1,001-$15,000",STOCK/FUND,A,의심,date;name-illegible,50.1
9116142,Ro Khanna (D-CA17),23,SP,"T-MOBILE US, INC. CMN",,S,|,05/15/2026,"$1,001-$15,000",STOCK/FUND,A,의심,date;name-illegible,54.2
9116142,Ro Khanna (D-CA17),23,SP,JOHNSON & JOHNSON CMN,,S,x,05/15/2026,"$1,001-$15,000",STOCK/FUND,A,의심,date,68.6
9116142,Ro Khanna (D-CA17),23,SP,"THE HOME DEPOT, INC. CMN",,S,x,05/15/2026,"$1,001-$15,000",STOCK/FUND,A,의심,date,90.9
9116142,Ro Khanna (D-CA17),23,SP,AT&TINC. CMN,,S,,05/15/2026,"$1,001-$15,000",STOCK/FUND,A,의심,date;name-illegible,48.9
9116142,Ro Khanna (D-CA17),23,SP,AMGEN INC. CMN,,S,,05/15/2026,"$1,001-$15,000",STOCK/FUND,A,의심,date,63.1
9116142,Ro Khanna (D-CA17),23,SP,MASTERCARD ICLASSA INCORPORATED CMN,MA,S,x,05/15/2026,"$1,001-$15,000",STOCK/FUND,A,의심,date,72.1
9116142,Ro Khanna (D-CA17),24,,"‘PROVIDE FUT NAME, NOT TICKER SYMBOL",,P/E,Fransaction,,A/I/J/K,STOCK/FUND,AIJK,의심,amount-multi;type;date;notified;owner,62.4
9116142,Ro Khanna (D-CA17),24,,RITU SP__|SAP AHUJA 1994 SE{SPON TRUST ADR,,P/E,x,05/08/2026,A/I/J,STOCK/FUND,AIJ,의심,amount-multi;type;date;owner,84.2
9116142,Ro Khanna (D-CA17),24,SP,COMPASS |ADRCMN GROUP PLC SPONSORED,,P,x,05/08/2026,"$1,001-$15,000",STOCK/FUND,A,의심,date,78.5
9116142,Ro Khanna (D-CA17),24,SP,TAIWAN {LTD ADS SEMICONDUCTOR TADS EQUALS SORDS MFG ADS,,P,x ;,05/08/2026,"$1,001-$15,000",STOCK/FUND,A,의심,date,67.5
9116142,Ro Khanna (D-CA17),24,SP,SIEMENS __|SPONSORED AKTIENGESELLSCHAFT ADR CMN,,P,x,05/08/2026,"$1,001-$15,000",STOCK/FUND,A,의심,date,60.5
9116142,Ro Khanna (D-CA17),24,SP,VINCISAADR CMN,,P,x,05/08/2026,"$1,001-$15,000",STOCK/FUND,A,의심,date,76.1
9116142,Ro Khanna (D-CA17),24,SP,"SUMITOMO, _|SPONSORED ADR MITSUI CMN FINANCIAL GRP",,P,x,05/08/2026,"$1,001-$15,000",STOCK/FUND,A,의심,date,71.8
9116142,Ro Khanna (D-CA17),24,SP,"TESLA, INC. CMN",TSLA.O,P,x,05/27/2026,"$1,001-$15,000",STOCK/FUND,A,의심,date;name-illegible,44.3
9116142,Ro Khanna (D-CA17),24,SP,THERMO FISHER SCIENTIFICINCCMN,,P,x,05/27/2026,"$1,001-$15,000",STOCK/FUND,A,의심,date;name-illegible,39.7
9116142,Ro Khanna (D-CA17),24,SP,"AMERIPRISE FINANCIAL,INC. CMN",,P,x |,05/27/2026,"$1,001-$15,000",STOCK/FUND,A,의심,date;name-illegible,56.9
9116142,Ro Khanna (D-CA17),24,SP,ROLLINS INC. REGOFF SCTASKO796638,,P,x,05/27/2026,"$1,001-$15,000",STOCK/FUND,A,의심,date,65.7
9116142,Ro Khanna (D-CA17),24,SP,INGERSOLL RAND INC CMN,,P,x,05/27/2026,"$1,001-$15,000",STOCK/FUND,A,의심,date,75.1
9116142,Ro Khanna (D-CA17),24,,SP_|A APPLOVIN CORPORATION CMN CLASS,,P,x,05/27/2026,"$1,001-$15,000",STOCK/FUND,A,의심,date;owner,86.8
9116142,Ro Khanna (D-CA17),24,SP,"BECTON, {(CMN DICKINSON AND COMPANY",,P,x,05/27/2026,"$1,001-$15,000",STOCK/FUND,A,의심,date,75.4
9116142,Ro Khanna (D-CA17),24,SP,ING |SPONSORED GROEP N.V. ADR SPONS CMN ADR,,P,x,05/08/2026,"$1,001-$15,000",STOCK/FUND,A,의심,date,77.9
9116142,Ro Khanna (D-CA17),24,,"SP__ [TYLER TECHNOLOGIES, INC. CMIN",,P,x,05/27/2026,"$1,001-$15,000",STOCK/FUND,A,의심,date;owner,74.0
9116142,Ro Khanna (D-CA17),25,,"SPFDC/T PROVIDE FOL ANME, DOT TICKER SYMBOL",,P/E,Transoction Partiol,| mra/pD/ry,A/I/J/K,STOCK/FUND,AIJK,의심,amount-multi;type;date;notified;owner,67.6
9116142,Ro Khanna (D-CA17),25,,RITA SP AHUJA | MSCI 1994 INC. TRUST CMN,,P/E,x,05/27/2026,A/J,STOCK/FUND,AJ,의심,amount-multi;type;date;owner;name-illegible,54.0
9116142,Ro Khanna (D-CA17),25,SP,PUBLIC STORAGE CMN,,P,x,05/27/2026,"$1,001-$15,000",STOCK/FUND,A,의심,date,69.7
9116142,Ro Khanna (D-CA17),25,SP,ISHERWIN-WILLIAMS CO CMN,,P,x,05/27/2026,"$1,001-$15,000",STOCK/FUND,A,의심,date,70.6
9116142,Ro Khanna (D-CA17),25,SP,"DOMINO'S PIZZA, INC. CMN",,P,x -,05/27/2026,"$1,001-$15,000",STOCK/FUND,A,의심,date,75.5
9116142,Ro Khanna (D-CA17),25,SP,"INTERACTIVE /CMN CLASSA BROKERS GROUP, SO INC",,P,"x ,",05/27/2026,"$1,001-$15,000",STOCK/FUND,A,의심,date,75.0
9116142,Ro Khanna (D-CA17),25,,SP__{VERTIV HOLDINGS LLC CMN CLASS A,VRT,P,; x,05/27/2026,"$1,001-$15,000",STOCK/FUND,A,의심,date;owner,88.5
9116142,Ro Khanna (D-CA17),25,SP,CMN HARTFORD . INSURANCE GROUP INC/T,,P,x,05/27/2026,"$1,001-$15,000",STOCK/FUND,A,의심,date,67.9
9116142,Ro Khanna (D-CA17),25,,"§P _|DATADOG, INC. CMN CLASS A",DDOG.O,P,x,05/27/2026,"$1,001-$15,000",STOCK/FUND,A,의심,date;owner,68.8
9116142,Ro Khanna (D-CA17),25,SP,ICMN HILTON WORLDWIDE HOLDINGS INC,,P,K,05/27/2026,"$1,001-$15,000",STOCK/FUND,A,의심,date,84.0
9116142,Ro Khanna (D-CA17),25,,SP__{CMN TRUIST FINANCIAL CORPORATION,,P,x,05/27/2026,"$1,001-$15,000",STOCK/FUND,A,의심,date;owner,77.0
9116142,Ro Khanna (D-CA17),25,,"SP___|COSTAR GROUP, INC. CMN",,P,x,05/27/2026,"$1,001-$15,000",STOCK/FUND,A,의심,date;owner,73.7
9116142,Ro Khanna (D-CA17),25,SP,CINTAS CORPORATION CMN,,P,x,05/27/2026,"$1,001-$15,000",STOCK/FUND,A,의심,date,75.5
9116142,Ro Khanna (D-CA17),25,,SP__|EBAY INC. CMN,,P,x,05/27/2026,"$1,001-$15,000",STOCK/FUND,A,의심,date;owner,80.3
9116142,Ro Khanna (D-CA17),25,,SP__(VERALTO CORPORATION CMN,,P,x,05/27/2026,"$1,001-$15,000",STOCK/FUND,A,의심,date;owner,72.5
9116142,Ro Khanna (D-CA17),25,,SP__JEXPEDIA GROUP INC CMN,,P,x,05/27/2026,"$1,001-$15,000",STOCK/FUND,A,의심,date;owner,83.8
9116142,Ro Khanna (D-CA17),26,,"SRYOCIT PROVIDE FUL NOME, AOT TICKER SYMBOL. PURCHASE",,S/E,Tronsaction Partial,MAY/DO/YY,A/I/J/K,STOCK/FUND,AIJK,의심,amount-multi;type;date;notified;owner;name-illegible,58.7
9116142,Ro Khanna (D-CA17),26,,RITU SP AHUJA {CMN MEDTRONIC 1994 TRUST - PUBLIC LIMITED COMPA X,,S/E,x,05/27/2026,A/J,STOCK/FUND,AJ,의심,amount-multi;type;date;owner,82.0
9116142,Ro Khanna (D-CA17),26,SP,GEN DIGITAL INC CMIN . X,,?,x,05/27/2026,"$1,001-$15,000",STOCK/FUND,A,의심,type;date;name-illegible,56.7
9116142,Ro Khanna (D-CA17),26,SP,"EMERSON ELECTRIC CO, CMN ‘ X",,?,x,05/27/2026,"$1,001-$15,000",STOCK/FUND,A,의심,type;date,69.9
9116142,Ro Khanna (D-CA17),26,SP,CMN REGIONS FINANCIAL CORPORATION X,,?,x,05/27/2026,"$1,001-$15,000",STOCK/FUND,A,의심,type;date,83.6
9116142,Ro Khanna (D-CA17),26,SP,WEYERHAEUSER COMPANY CMN X,,?,x,05/27/2026,"$1,001-$15,000",STOCK/FUND,A,의심,type;date,77.1
9116142,Ro Khanna (D-CA17),26,SP,PTCINC. CMN X,,?,x,05/27/2026,"$1,001-$15,000",STOCK/FUND,A,의심,type;date,69.4
9116142,Ro Khanna (D-CA17),26,SP,JCMN MCCORMICK CLASS N & CO NON VTG SHRS X,,?,x,05/27/2026,"$1,001-$15,000",STOCK/FUND,A,의심,type;date,84.6
9116142,Ro Khanna (D-CA17),26,SP,JOTIS WORLDWIDE CORPORATION CMN} X,,?,x,05/27/2026,"$1,001-$15,000",STOCK/FUND,A,의심,type;date;name-illegible,56.3
9116142,Ro Khanna (D-CA17),26,SP,05/08/2026 CALL/UBS FLEX EURO PM @ 42 EXP X,,?,x .,05/08/2026,"$1,001-$15,000",OPTION,A,의심,type;date,82.1
9116142,Ro Khanna (D-CA17),26,SP,CALL/ING |05/08/2026 FLEX EURO PM @ 28 EXP X,,?,x :,05/08/2026,"$1,001-$15,000",OPTION,A,의심,type;date,78.2
9116142,Ro Khanna (D-CA17),26,SP,PHILIP MORRIS INTLINC CMN X,,?,x,05/27/2026,"$1,001-$15,000",STOCK/FUND,A,의심,type;date,60.5
9116142,Ro Khanna (D-CA17),26,SP,CARNIVAL CORPORATION CMN X,,?,x,05/27/2026,"$1,001-$15,000",STOCK/FUND,A,의심,type;date,64.0
9116142,Ro Khanna (D-CA17),26,SP,COLGATE-PALMOLIVE CO CMN X,,?,x,05/27/2026,"$1,001-$15,000",STOCK/FUND,A,의심,type;date,70.4
9116142,Ro Khanna (D-CA17),26,SP,POOL CORP CMN X,,?,x,05/27/2026,"$1,001-$15,000",STOCK/FUND,A,의심,type;date,77.8
9116142,Ro Khanna (D-CA17),26,SP,ADR KONINKLIIKE CMN AHOLD N.V. SPONSORED XX,,?,x .,05/08/2026,"$1,001-$15,000",STOCK/FUND,A,의심,type;date;name-illegible,58.8
9116142,Ro Khanna (D-CA17),27,,FUTL ASCET NAME,,P/S/E,,G2tactTranadion|,A/I,STOCK/FUND,AI,의심,amount-multi;type;date;notified;owner;name-illegible,12.9
9116142,Ro Khanna (D-CA17),27,,"SPROCEMR PROVIDE FALL NOME, NAT TICKER SYMBOL",,P/E,I Partial,voDf,A/I/J/K,STOCK/FUND,AIJK,의심,amount-multi;type;date;notified;owner;name-illegible,55.1
9116142,Ro Khanna (D-CA17),27,,"RITU ""SP AHUJA _ | MCKESSON 1994 TRUST CORPORATION CMN",,P/E,x,05/27/2026,A/I/J,STOCK/FUND,AIJ,의심,amount-multi;type;date;owner,62.7
9116142,Ro Khanna (D-CA17),27,SP,"T-MOBILE US, INC. CMIN",,P,x,05/27/2026,"$1,001-$15,000",STOCK/FUND,A,의심,date,73.9
9116142,Ro Khanna (D-CA17),27,SP,JPMORGAN CHASE & CO CMN,,P,x,05/27/2026,"$1,001-$15,000",STOCK/FUND,A,의심,date,73.7
9116142,Ro Khanna (D-CA17),27,SP,F5 INC CMN,,P,x,05/27/2026,"$1,001-$15,000",STOCK/FUND,A,의심,date;name-illegible,52.4
9116142,Ro Khanna (D-CA17),27,SP,DCORDASH INC CMN CLASSA,,P,x,0S/27/26|,"$1,001-$15,000",STOCK/FUND,A,의심,date;notified,63.5
9116142,Ro Khanna (D-CA17),27,SP,"GARTNER, INC. CMN",,P,x,05/27/2026,"$1,001-$15,000",STOCK/FUND,A,의심,date,60.0
9116142,Ro Khanna (D-CA17),27,SP,EATON CORP PLC CMN,ETN,P,x,05/27/2026,"$1,001-$15,000",STOCK/FUND,A,의심,date,72.9
9116142,Ro Khanna (D-CA17),27,SP,MOTOROLA SOLUTIONS INC CMN,,P,x,05/27/2026,"$1,001-$15,000",STOCK/FUND,A,의심,date,76.0
9116142,Ro Khanna (D-CA17),27,SP,UNION _|EQTY DN PACIFIC CASH BASE CORP. JSE UNPI INT,,P,", x",05/27/2026,"$1,001-$15,000",STOCK/FUND,A,의심,date,79.7
9116142,Ro Khanna (D-CA17),27,SP,"DARDEN RESTAURANTS, INC. CMIN",,P,"""x",05/27/2026,"$1,001-$15,000",STOCK/FUND,A,의심,date,68.1
9116142,Ro Khanna (D-CA17),27,SP,AMCOR PLC CMN “,,P,x |,05/27/2026,"$1,001-$15,000",STOCK/FUND,A,의심,date;name-illegible,51.3
9116142,Ro Khanna (D-CA17),27,SP,LUMENTUM HOLDINGS INC. CMN,LITE.O,P,x,05/27/2026,"$1,001-$15,000",STOCK/FUND,A,의심,date,66.0
9116142,Ro Khanna (D-CA17),27,SP,MOODY'S CORPORATION CMN,,P,x,05/27/2026,"$1,001-$15,000",STOCK/FUND,A,의심,date,73.2
9116142,Ro Khanna (D-CA17),27,SP,HUBBELL INCORPORATED CMN,,P,x,05/27/2026,"$1,001-$15,000",STOCK/FUND,A,의심,date;name-illegible,44.2
9116142,Ro Khanna (D-CA17),27,,"SP__|SYNOPSYS, INC. CIN",,P,x,05/27/2026,"$1,001-$15,000",STOCK/FUND,A,의심,date;owner,65.7
9116142,Ro Khanna (D-CA17),28,,"PROVIDE FU NOME, NOT TICKER SYMBOL",,P/E,Porthal,,A/I/J/K,STOCK/FUND,AIJK,의심,amount-multi;type;date;notified;owner,65.0
9116142,Ro Khanna (D-CA17),28,,"RITU SP"" AHUJA |RESMED 1994 TRUST INC. CMN",,P/E,x,05/27/2026,A/J,STOCK/FUND,AJ,의심,amount-multi;type;date;owner,63.2
9116142,Ro Khanna (D-CA17),28,SP,ADOBE INCCMN,,P,x,05/27/2026,"$1,001-$15,000",STOCK/FUND,A,의심,date,65.9
9116142,Ro Khanna (D-CA17),28,SP,TEXASINSTRUMENTSINC.CMN,,P,x,05/27/2026,"$1,001-$15,000",STOCK/FUND,A,의심,date;name-illegible,58.4
9116142,Ro Khanna (D-CA17),28,SP,STERIS {CMN PUBLIC LIMITED COMPANY,,P,x,05/27/2026,"$1,001-$15,000",STOCK/FUND,A,의심,date,82.2
9116142,Ro Khanna (D-CA17),28,SP,"CROWDSTRIKE HOLDINGS, INC. CMIN",CRWD.O,P,x,05/27/2026,"$1,001-$15,000",STOCK/FUND,A,의심,date,61.1
9116142,Ro Khanna (D-CA17),28,SP,NORFOLK |CMN SOUTHERN CORPORATION,,P,x,05/27/2026,"$1,001-$15,000",STOCK/FUND,A,의심,date,67.3
9116142,Ro Khanna (D-CA17),28,SP,ZIMMER BIOMET HOLDINGS INC,,P,x,05/27/2026,"$1,001-$15,000",STOCK/FUND,A,의심,date,69.5
9116142,Ro Khanna (D-CA17),28,SP,"PAYCHEX, INC. CMIN",,P,x,05/27/2026,"$1,001-$15,000",STOCK/FUND,A,의심,date,66.8
9116142,Ro Khanna (D-CA17),28,SP,COOPER COS INC/THE CMN,,P,x,05/27/2026,"$1,001-$15,000",STOCK/FUND,A,의심,date,67.2
9116142,Ro Khanna (D-CA17),28,SP,"VERISK ANALYTICS, INC. CMN",,P,x,05/27/26|-_,"$1,001-$15,000",STOCK/FUND,A,의심,date;notified,68.0
9116142,Ro Khanna (D-CA17),28,SP,CMN EDWARDS LIFESCIENCES CORPORATI,,P,x,05/27/2026,"$1,001-$15,000",STOCK/FUND,A,의심,date,75.6
9116142,Ro Khanna (D-CA17),28,SP,SPONSORED IBERDROLA SOCIEDAD ADR CMN ANONIMA,,P,x,05/08/2026,"$1,001-$15,000",STOCK/FUND,A,의심,date,72.8
9116142,Ro Khanna (D-CA17),28,SP,SOLVENTUM CORPORATION CMN,,P,x,05/27/2026,"$1,001-$15,000",STOCK/FUND,A,의심,date,68.1
9116142,Ro Khanna (D-CA17),28,SP,THE BANKOF NY MELLON CORP CMN,,P,%,05/27/2026,"$1,001-$15,000",STOCK/FUND,A,의심,date;name-illegible,28.6
9116142,Ro Khanna (D-CA17),28,SP,BAXTER INTERNATIONAL INC. CMIN,,P,x,05/27/2026,"$1,001-$15,000",STOCK/FUND,A,의심,date,66.2
9116142,Ro Khanna (D-CA17),29,SP,"DC/T PROVIDE FULL NOME, OAT TICKER SYMBOL, PURCHASE",,S/E,ADDY,mayopfry |,I/K,STOCK/FUND,IK,의심,amount-multi;type;date;notified,64.5
9116142,Ro Khanna (D-CA17),29,,RITU SP AHUJA |KIMBERLY-CLARK 1994 TRUST CORPORATION CMN | X,,S/E,05/27/2026,06/08/2025,I/K,STOCK/FUND,IK,의심,amount-multi;type;owner,63.7
9116142,Ro Khanna (D-CA17),29,SP,FREEPORT-MCMORAN INCCMN - X,FCX,?,05/27/2026,06/08/2026,"$1,001-$15,000",STOCK/FUND,A,의심,type;name-illegible,49.6
9116142,Ro Khanna (D-CA17),29,SP,"ROSSSTORES,INCCMN ° X",,?,05/27/2026,06/08/2026,"$1,001-$15,000",STOCK/FUND,A,의심,type;name-illegible,37.5
9116142,Ro Khanna (D-CA17),29,SP,BEST BUY CO INC CMN. X,,?,05/27/2026,06/08/2026,"$1,001-$15,000",STOCK/FUND,A,의심,type,64.0
9116142,Ro Khanna (D-CA17),29,SP,"DEXCONM, INC. CIN X",,?,05/27/2026,06/08/2026,"$1,001-$15,000",STOCK/FUND,A,의심,type,62.8
9116142,Ro Khanna (D-CA17),29,SP,INTERNATIONAL PAPER CO. CMN X,,?,05/27/2026,06/08/2026,"$1,001-$15,000",STOCK/FUND,A,의심,type,73.4
9116142,Ro Khanna (D-CA17),29,SP,"AUTODESK, INC. CMN X",,?,05/27/2026,06/08/2026,"$1,001-$15,000",STOCK/FUND,A,의심,type,75.1
9116142,Ro Khanna (D-CA17),29,SP,FASTENAL COMPANY CMN X,,?,05/27/2026,08/08/2026,"$1,001-$15,000",STOCK/FUND,A,의심,type;name-illegible,55.3
9116142,Ro Khanna (D-CA17),29,,SP__|NASDAQINC. CMN X,,?,05/27/2026,06/08/2026,"$1,001-$15,000",STOCK/FUND,A,의심,type;owner,73.0
9116142,Ro Khanna (D-CA17),29,SP,"CHIPOTLE MEXICAN GRILL, INC. CMN X",,?,05/27/2026,06/08/2026,"$1,001-$15,000",STOCK/FUND,A,의심,type,73.0
9116142,Ro Khanna (D-CA17),29,SP,"COMMON UNITED PARCEL STOCK SERVICE, INC. CLASS B ‘| X",,?,05/27/2026,06/08/2026,"$1,001-$15,000",STOCK/FUND,A,의심,type,77.4
9116142,Ro Khanna (D-CA17),29,SP,FORD MOTOR COMPANY CMN X,,?,05/27/2026,06/08/2026,"$1,001-$15,000",STOCK/FUND,A,의심,type,73.6
9116142,Ro Khanna (D-CA17),29,SP,IN BROADRIDGE CMN FINANCIAL SGLUTIONS X,,?,05/27/2026,06/08/2026,"$1,001-$15,000",STOCK/FUND,A,의심,type;name-illegible,49.1
9116142,Ro Khanna (D-CA17),29,SP,"GLOBAL PAYMENTS INC, CMN X",,?,05/27/2026,06/08/2026,"$1,001-$15,000",STOCK/FUND,A,의심,type,72.4
9116142,Ro Khanna (D-CA17),29,,"SP__ {DELTA AIR LINES, INC. CMN X",,?,05/27/2026,06/08/2026,"$1,001-$15,000",STOCK/FUND,A,의심,type;owner,72.7
9116142,Ro Khanna (D-CA17),30,,"WORKDAY, 1994 TRUST INC. CMNCLASSA _. X",,S/E,x,05/27/2026,A/J,STOCK/FUND,AJ,의심,amount-multi;type;date;owner,75.6
9116142,Ro Khanna (D-CA17),30,,VERIZON COMMUNICATIONS INC. X,,?,x,05/27/2026,"$1,001-$15,000",STOCK/FUND,A,의심,type;date;owner,89.7
9116142,Ro Khanna (D-CA17),30,SP,ORACLE CORPORATION CMN - X,ORCL.K,?,x,05/27/2026,"$1,001-$15,000",STOCK/FUND,A,의심,type;date,60.4
9116142,Ro Khanna (D-CA17),30,SP,INTL BUSINESS MACHINES CORP CMN X,,?,x,05/27/2026,"$1,001-$15,000",STOCK/FUND,A,의심,type;date,76.2
9116142,Ro Khanna (D-CA17),30,SP,ULTA BEAUTY INC CMN X,,?,x,05/27/2026,"$1,001-$15,000",STOCK/FUND,A,의심,type;date,85.6
9116142,Ro Khanna (D-CA17),30,SP,SANDISK LLC CMIN . X,SNDK.O,?,x |,05/27/2026,"$1,001-$15,000",STOCK/FUND,A,의심,type;date,65.1
9116142,Ro Khanna (D-CA17),30,SP,THE PROGRESSIVE CORPORATION CMIN| . X,,?,x,05/27/2026,"$1,001-$15,000",STOCK/FUND,A,의심,type;date,77.3
9116142,Ro Khanna (D-CA17),30,SP,ECOLAB INC. CMN X,,?,X -,05/27/2026,"$1,001-$15,000",STOCK/FUND,A,의심,type;date,78.3
9116142,Ro Khanna (D-CA17),30,SP,MORGAN STANLEY CMN X,,?,x,05/27/2026,"$1,001-$15,000",STOCK/FUND,A,의심,type;date,81.9
9116142,Ro Khanna (D-CA17),30,SP,"WILUAMS-SONOMA, INC. CMN_. X",,?,x,05/27/2026,"$1,001-$15,000",STOCK/FUND,A,의심,type;date,60.5
9116142,Ro Khanna (D-CA17),30,SP,LROOO8862868_ ROYAL CARIBBEAN - GROUP ISIN: : X,,?,x,05/27/2026,"$1,001-$15,000",STOCK/FUND,A,의심,type;date,77.3
9116142,Ro Khanna (D-CA17),30,SP,CSX CORPORATION CMN X,,?,x,05/27/2026,"$1,001-$15,000",STOCK/FUND,A,의심,type;date,82.3
9116142,Ro Khanna (D-CA17),30,SP,PARKER-HANNIFIN CORP. CMN X,,?,x.,05/27/2026,"$1,001-$15,000",STOCK/FUND,A,의심,type;date,84.0
9116142,Ro Khanna (D-CA17),30,SP,BANK OF AMERICA CORP CMN X,,?,x,05/27/2026,"$1,001-$15,000",STOCK/FUND,A,의심,type;date,87.8
9116142,Ro Khanna (D-CA17),30,,SP_|WALT DISNEY COMPANY (THE) CMN X,,?,x,05/27/2026,"$1,001-$15,000",STOCK/FUND,A,의심,type;date;owner,74.7
9116142,Ro Khanna (D-CA17),31,,MARSH 1994 TRUST ORD CMN,,P/E,05/27/2026,06/08/2026,I/K,STOCK/FUND,IK,의심,amount-multi;type;owner,86.7
9116142,Ro Khanna (D-CA17),31,SP,"OLD (CMN DOMINION FREIGHT LINE, INC",,P,05/27/2026,06/08/2026,"$1,001-$15,000",STOCK/FUND,A,확인,,91.5
9116142,Ro Khanna (D-CA17),31,,SP__JOANAHER CORPORATION CMN,,P,05/27/2026,05/08/2026,"$1,001-$15,000",STOCK/FUND,A,의심,owner,74.4
9116142,Ro Khanna (D-CA17),31,SP,HUNTINGTON |CMN BANCSHARES INCORPOR,,P,05/27/2026,06/08/2026,"$1,001-$15,000",STOCK/FUND,A,확인,,84.9
9116142,Ro Khanna (D-CA17),31,SP,U.S. BANCORP CMN,,P,05/27/2026,06/08/2026,"$1,001-$15,000",STOCK/FUND,A,확인,,77.9
9116142,Ro Khanna (D-CA17),31,,~SP__|SYNCHRONY FINANCIALCMN,,P,05/27/2026,06/08/2026,"$1,001-$15,000",STOCK/FUND,A,의심,owner;name-illegible,0.4
9116142,Ro Khanna (D-CA17),31,SP,NIKE CLASS-B CMN CLASS B,,P,05/27/2026,06/08/2026,"$1,001-$15,000",STOCK/FUND,A,확인,,82.7
9116142,Ro Khanna (D-CA17),31,SP,IDEXX LABORATORIES CMN,,P,05/27/2026,06/08/2026,"$1,001-$15,000",STOCK/FUND,A,확인,,73.4
9116142,Ro Khanna (D-CA17),31,SP,COGNIZANT |CORPCLASSA TECHNOLOGY SOLUTIONS,,P,05/27/2026,06/08/2026,"$1,001-$15,000",STOCK/FUND,A,확인,,84.3
9116142,Ro Khanna (D-CA17),31,SP,ARES |CMNCLASSA MANAGEMENT CORPORATION,,P,05/27/2026,06/08/2026,"$1,001-$15,000",STOCK/FUND,A,확인,,68.3
9116142,Ro Khanna (D-CA17),31,SP,INTEL CORPORATION CMN,INTC.O,P,05/27/2026,06/08/2026,"$1,001-$15,000",STOCK/FUND,A,확인,,73.9
9116142,Ro Khanna (D-CA17),31,SP,"JADVANCED MICRO DEVICES, INC.CMN",AMD.O,P,05/27/2026,06/08/2026,"$1,001-$15,000",STOCK/FUND,A,확인,,79.2
9116142,Ro Khanna (D-CA17),31,SP,"O'REILLY AUTOMOTIVE, INC. CMN",,P,0S/27/26|,a6/os/z6|,"$1,001-$15,000",STOCK/FUND,A,의심,date;notified,84.6
9116142,Ro Khanna (D-CA17),31,SP,TIX COMPANIES INC (NEW) CMN,,P,05/27/2026,06/08/2026,"$1,001-$15,000",STOCK/FUND,A,확인,,72.6
9116142,Ro Khanna (D-CA17),31,SP,JAUTOMATIC |CMN DATA PROCESSING INC,,P,05/27/2026,06/08/2026,"$1,001-$15,000",STOCK/FUND,A,확인,,89.0
9116142,Ro Khanna (D-CA17),32,SP,3M COMPANY CMN,,P,05/27/2026,06/08/2026,"$15,001-$50,000",STOCK/FUND,B,확인,,76.2
9116142,Ro Khanna (D-CA17),32,SP,BERKSHIRE HATHAWAY INC. CLASS B,BRKb,P,05/27/2026,06/08/2026,"$15,001-$50,000",STOCK/FUND,B,확인,,73.5
9116142,Ro Khanna (D-CA17),32,SP,QUALCOMMINCCMN~,QCOM.O,P,05/27/2026,06/08/2026,"$15,001-$50,000",STOCK/FUND,B,확인,,62.3
9116142,Ro Khanna (D-CA17),32,SP,AT&T INC. CMN,,P,05/27/2026,06/08/2026,"$15,001-$50,000",STOCK/FUND,B,확인,,80.0
9116142,Ro Khanna (D-CA17),32,SP,SERVICENOW INC CMN,NOW,P,05/27/2026,06/08/2026,"$15,001-$50,000",STOCK/FUND,B,확인,,65.8
9116142,Ro Khanna (D-CA17),32,SP,"ISHARES, IMUTUALFUND INC, MSCI . JAPAN ETF",,P,05/08/2026,06/08/2026,"$15,001-$50,000",STOCK/FUND,B,의심,name-illegible,58.3
9116142,Ro Khanna (D-CA17),32,SP,AMGEN INC. CMN,,P,05/27/2026,06/08/2026,"$15,001-$50,000",STOCK/FUND,B,의심,name-illegible,56.5
9116142,Ro Khanna (D-CA17),32,SP,"BLACKROCK FUNDING, INC. CMIN",,P,05/27/2026,06/08/2026,"$15,001-$50,000",STOCK/FUND,B,확인,,61.7
9116142,Ro Khanna (D-CA17),32,SP,VISA INC. CMN CLASS A,V,P,05/27/2026,06/08/2026,"$15,001-$50,000",STOCK/FUND,B,확인,,63.2
9116142,Ro Khanna (D-CA17),32,SP,07/24/2026 PUT/XSP @ 710 EXP,,S,05/28/2026,06/08/2026,"$1,001-$15,000",OPTION,A,확인,,89.1
9116142,Ro Khanna (D-CA17),32,SP,06/26/2026 PUT/XSP @ 705 EXP,,S,05/11/2026,06/08/2026,"$1,001-$15,000",OPTION,A,확인,,92.2
9116142,Ro Khanna (D-CA17),32,SP,PUT/XSP 08/21/2026 @ 700 EXP,,S,05/22/2026,asfas/26|__x,"$1,001-$15,000",OPTION,A,의심,notified,77.1
9116142,Ro Khanna (D-CA17),32,SP,07/31/2026 PUT/XSP @ 680 EXP,,S,05/04/2026,as/as/26,"$1,001-$15,000",OPTION,A,의심,notified,78.0
9116142,Ro Khanna (D-CA17),32,,"& CO. INC, CMN",,S,05/27/2026,06/08/2026,"$1,001-$15,000",STOCK/FUND,A,의심,owner,82.1
9116142,Ro Khanna (D-CA17),33,,"PRAVIDE FULL NONE, NOT TICKER SYMBOL",,S/E,,,I/K,STOCK/FUND,IK,의심,amount-multi;type;date;notified;owner,64.6
9116142,Ro Khanna (D-CA17),33,,VERTEX |CMN 1994 TRUST PHARMACEUTICALS | INCORPO,,S/E,05/27/2026,06/08/2026,I/K,STOCK/FUND,IK,의심,amount-multi;type;owner,82.0
9116142,Ro Khanna (D-CA17),33,SP,TRACTOR SUPPLY COMPANY CMN,,P,05/27/2026,06/08/2026,"$1,001-$15,000",STOCK/FUND,A,확인,,75.5
9116142,Ro Khanna (D-CA17),33,SP,NORWEGIAN ICMN’ CRUISE LINE HLDG LTD,,P,05/27/2026,06/08/2026,"$1,001-$15,000",STOCK/FUND,A,확인,,79.7
9116142,Ro Khanna (D-CA17),33,SP,DOLLAR GENERAL CORPORATION CMN,,P/E,05/27/2026,96/08/26),"$1,001-$15,000",STOCK/FUND,A,의심,type;notified,68.6
9116142,Ro Khanna (D-CA17),33,SP,PALANTIR TECHNOLOGIES INC. CMIN,PLTR.O,P/E,05/27/2026,06/08/2026,"$1,001-$15,000",STOCK/FUND,A,의심,type,71.5
9116142,Ro Khanna (D-CA17),33,SP,XYLEM INC. CMN,,P,05/27/2026,06/08/2026,"$1,001-$15,000",STOCK/FUND,A,확인,,72.3
9116142,Ro Khanna (D-CA17),33,SP,JOHNSON |CMN CONTROLS INTERNATIONAL,,P/E,05/27/2026,06/08/2026,"$1,001-$15,000",STOCK/FUND,A,의심,type,70.1
9116142,Ro Khanna (D-CA17),33,SP,INSULET CORPORATION CMN IX,,P,0S/27/26|,06/08/2026,"$1,001-$15,000",STOCK/FUND,A,의심,date;name-illegible,55.6
9116142,Ro Khanna (D-CA17),33,,SP__|MOSAIC COMPANY (THE) CMN,,P,05/27/2026,06/08/2026,"$1,001-$15,000",STOCK/FUND,A,의심,owner,87.1
9116142,Ro Khanna (D-CA17),33,SP,GENUINE PARTS CO. CMN,,P,05/27/2026,06/08/2026,"$1,001-$15,000",STOCK/FUND,A,확인,,78.3
9116142,Ro Khanna (D-CA17),33,SP,"YUM BRANDS, INC. CMN",,P,05/27/2026,06/08/2026,"$1,001-$15,000",STOCK/FUND,A,확인,,73.7
9116142,Ro Khanna (D-CA17),33,SP,WEST PHARMACEUTICAL SERVICES INC,,P/E,05/27/2026,06/08/2026,"$1,001-$15,000",STOCK/FUND,A,의심,type,84.3
9116142,Ro Khanna (D-CA17),33,SP,NVIDIA CORPORATION CMN,NVDA.O,P/E,05/27/2026,06/08/2026,"$1,001-$15,000",STOCK/FUND,A,의심,type,64.0
9116142,Ro Khanna (D-CA17),33,SP,LENNAR CORPORATION CMN CLASS A,,P,05/27/2026,06/08/76!,"$1,001-$15,000",STOCK/FUND,A,의심,notified,86.4
9116142,Ro Khanna (D-CA17),33,,SP__|CLASSA AON PUBLIC LIMITED COMPANY CMN,,P,05/27/2026,06/08/2026,"$1,001-$15,000",STOCK/FUND,A,의심,owner,80.6
9116142,Ro Khanna (D-CA17),34,,"PROVIDE FUL NOME, NOE TICKER SYMBOL",,S/E,Forth!,,A/I/J/K,STOCK/FUND,AIJK,의심,amount-multi;type;date;notified;owner,61.3
9116142,Ro Khanna (D-CA17),34,,RITU SP AHUJA [AVERY 1994 DENNISON TRUST CORPORATION CMN,,P/S/E,,05/27/2026,A/J,STOCK/FUND,AJ,의심,amount-multi;type;date;owner,73.3
9116142,Ro Khanna (D-CA17),34,SP,"CBRE GROUP, INC. CMN CLASSA",,P,,05/27/2026,"$1,001-$15,000",STOCK/FUND,A,의심,date,74.4
9116142,Ro Khanna (D-CA17),34,SP,LULULEMON ATHLETICA INC. CMN,,P,,05/27/2026,"$1,001-$15,000",STOCK/FUND,A,의심,date,72.2
9116142,Ro Khanna (D-CA17),34,SP,CMN LIVE NATION ENTERTAINMENT INC,,P/E,,05/27/2026,"$1,001-$15,000",STOCK/FUND,A,의심,type;date,84.2
9116142,Ro Khanna (D-CA17),34,,$P__|AMETEK INC (NEW) CMN,,P,,05/27/2026,"$1,001-$15,000",STOCK/FUND,A,의심,date;owner,79.0
9116142,Ro Khanna (D-CA17),34,,SP__{VIATRIS INC CMN,,P/E,x,05/27/2026,"$1,001-$15,000",STOCK/FUND,A,의심,type;date;owner,77.3
9116142,Ro Khanna (D-CA17),34,SP,JCARVANA CO. CMN CLASSA,,P,x,05/27/2026,"$1,001-$15,000",STOCK/FUND,A,의심,date,69.5
9116142,Ro Khanna (D-CA17),34,,"SP__|CISCO SYSTEMS, INC. CMIN",CSCO.O,P/E,| x,05/27/2026,"$1,001-$15,000",STOCK/FUND,A,의심,type;date;owner,75.1
9116142,Ro Khanna (D-CA17),34,SP,BIOGEN INC. CMIN,,P/E,,05/27/2026,"$1,001-$15,000",STOCK/FUND,A,의심,type;date;name-illegible,43.9
9116142,Ro Khanna (D-CA17),34,SP,ARCHER-DANIELS-MIDLAND JCMN ‘ COMPANY,,P/E,,05/27/2026,"$1,001-$15,000",STOCK/FUND,A,의심,type;date,77.7
9116142,Ro Khanna (D-CA17),34,,SP__|SOUTHWEST AIRLINES CO CMN,,P/E,,05/27/2026,"$1,001-$15,000",STOCK/FUND,A,의심,type;date;owner,84.5
9116142,Ro Khanna (D-CA17),34,SP,ZOETIS INC. CMN CLASS A,,P,x,05/27/2026,"$1,001-$15,000",STOCK/FUND,A,의심,date,74.9
9116142,Ro Khanna (D-CA17),34,,"SP_|CMN CHARTER COMMUNICATIONS, INC",,P,,05/27/2026,"$1,001-$15,000",STOCK/FUND,A,의심,date;owner,88.9
9116142,Ro Khanna (D-CA17),34,SP,STATE JCMN STREET CORPORATION (NEW ’,,P/E,%,05/27/2026,"$1,001-$15,000",STOCK/FUND,A,의심,type;date,67.4
9116142,Ro Khanna (D-CA17),34,SP,INVESCO LTD. CMN,,P/E,,05/27/2026,"$1,001-$15,000",STOCK/FUND,A,의심,type;date,75.2
9116142,Ro Khanna (D-CA17),35,,IQVIAHOLDINGSINCCMN 1994 TRUST,,P/S/E,05/27/2026,06/08/2026,I/K,STOCK/FUND,IK,의심,amount-multi;type;owner;name-illegible,56.4
9116142,Ro Khanna (D-CA17),35,SP,SPONSORED INFINEON TECHNOLOGIES ADR CMN AG - ADR,,S,05/08/2026,06/08/2026,"$1,001-$15,000",STOCK/FUND,A,확인,,88.5
9116142,Ro Khanna (D-CA17),35,SP,"BUILDERS FIRSTSOURCE, INC. CMN",,S,05/27/2026,06/08/2026,"$1,001-$15,000",STOCK/FUND,A,확인,,81.2
9116142,Ro Khanna (D-CA17),35,,"SP__|FIRST SOLAR, INC. CMIN",FSLR.O,S,05/27/2026,06/08/2026,"$1,001-$15,000",STOCK/FUND,A,의심,owner,81.6
9116142,Ro Khanna (D-CA17),35,SP,METTLER-TOLEDO INTL CMN,,S,05/27/2026,06/08/2026,"$1,001-$15,000",STOCK/FUND,A,확인,,82.3
9116142,Ro Khanna (D-CA17),35,SP,JACK HENRY & ASSOC INC CMN,,S,05/27/2026,06/08/2026,"$1,001-$15,000",STOCK/FUND,A,확인,,79.4
9116142,Ro Khanna (D-CA17),35,SP,BALLCORPORATION CMN,,S,05/27/2026,06/08/2026,"$1,001-$15,000",STOCK/FUND,A,의심,name-illegible,51.8
9116142,Ro Khanna (D-CA17),35,SP,"CMN MARTIN MARIETTA MATERIALS,INC",,S,05/27/2026,06/08/2026,"$1,001-$15,000",STOCK/FUND,A,확인,,81.8
9116142,Ro Khanna (D-CA17),35,SP,"RAYMOND |CMN JAMES FINANCIAL, ING",,S,05/27/2026,06/08/2026,"$1,001-$15,000",STOCK/FUND,A,확인,,87.7
9116142,Ro Khanna (D-CA17),35,SP,"DIGITAL REALTY TRUST, INC, CMN",,S,05/27/2026,a6/os/26|,"$1,001-$15,000",STOCK/FUND,A,의심,notified,81.8
9116142,Ro Khanna (D-CA17),35,SP,"ROBINHOOD MARKETS, INC, CMN",HOOD.O,S,05/27/2026,06/08/2026,"$1,001-$15,000",STOCK/FUND,A,확인,,78.2
9116142,Ro Khanna (D-CA17),35,SP,"FISERV,INC.CMN *",,S,05/27/2026,06/08/2026,"$1,001-$15,000",STOCK/FUND,A,의심,name-illegible,20.3
9116142,Ro Khanna (D-CA17),35,SP,WASTE MANAGEMENT INC CMN,,S,05/27/2026,06/08/2026,"$1,001-$15,000",STOCK/FUND,A,확인,,77.3
9116142,Ro Khanna (D-CA17),35,SP,"COPART, INC. CMN",,S,05/27/2026,a6/as/26],"$1,001-$15,000",STOCK/FUND,A,의심,notified,69.2
9116142,Ro Khanna (D-CA17),35,SP,AMPHENOL _|CLASSA CORP CL-A (NEW) CMN,APH,S,05/27/2026,06/08/2025,"$1,001-$15,000",STOCK/FUND,A,확인,,82.1
9116142,Ro Khanna (D-CA17),36,,"SEYOEPTT SROVIDE FUT NAME, NAT UCKER SYMBOT",,P/E,D,[Dr,I/K,STOCK/FUND,IK,의심,amount-multi;type;date;notified;owner;name-illegible,46.9
9116142,Ro Khanna (D-CA17),36,,RITU SP AHUJA [ILUNOIS 2994 TRUST TOOL WORKS CMN,,P/S/E,05/27/2026,06/08/2026,I/K,STOCK/FUND,IK,의심,amount-multi;type;owner,72.3
9116142,Ro Khanna (D-CA17),36,SP,GE JCMN HEALTHCARE TECHNOLOGIES INC,,S,05/27/2026,06/08/2026,"$1,001-$15,000",STOCK/FUND,A,확인,,75.2
9116142,Ro Khanna (D-CA17),36,SP,JUNITED AIRLINES HOLOINGS INC CMN,,S,05/27/2026,as/ag/26!,"$1,001-$15,000",STOCK/FUND,A,의심,notified,74.7
9116142,Ro Khanna (D-CA17),36,SP,"ARISTA NETWORKS, INC. CMN",ANET.K,S,05/27/2026,assas/26|,"$1,001-$15,000",STOCK/FUND,A,의심,notified,70.7
9116142,Ro Khanna (D-CA17),36,SP,CMNCLASSA EXPEDITORS INTERNATIONAL OF WA,,S,05/27/2026,06/08/2026,"$1,001-$15,000",STOCK/FUND,A,확인,,85.0
9116142,Ro Khanna (D-CA17),36,SP,CLASSA ESTEE LAUDER COS INC CL-A CMN,,S,05/27/2026,06/08/2026,"$1,001-$15,000",STOCK/FUND,A,확인,,82.4
9116142,Ro Khanna (D-CA17),36,SP,"NETAPP, INC. CMIN",,S,05/27/2026,06/08/2026,"$1,001-$15,000",STOCK/FUND,A,의심,name-illegible,57.8
9116142,Ro Khanna (D-CA17),36,SP,NORDSON CORPORATION CMN,,S,05/27/2026,05/08/2026,"$1,001-$15,000",STOCK/FUND,A,확인,,64.3
9116142,Ro Khanna (D-CA17),36,SP,"AUTOZONE, INC. CMN",,S,05/27/2026,06/08/2025,"$1,001-$15,000",STOCK/FUND,A,확인,,68.3
9116142,Ro Khanna (D-CA17),36,SP,"PAYPAL HOLDINGS, INC. CMIN",,S,05/27/2026,06/08/2026,"$1,001-$15,000",STOCK/FUND,A,확인,,66.0
9116142,Ro Khanna (D-CA17),36,SP,META |CLASSA PLATFORMS INC-CLASS A CMN,,S,05/27/2026,06/08/2026,"$1,001-$15,000",STOCK/FUND,A,확인,,80.3
9116142,Ro Khanna (D-CA17),36,SP,LOWES COMPANIES INC CMN,,S,05/27/2026,06/08/2026,"$1,001-$15,000",STOCK/FUND,A,확인,,83.3
9116142,Ro Khanna (D-CA17),36,SP,ELECTRONIC ARTS CMN,,S,05/27/2026,06/08/2026,"$1,001-$15,000",STOCK/FUND,A,확인,,63.9
9116142,Ro Khanna (D-CA17),36,SP,"CORTEVA, INC. CMN",,S,05/27/2026,06/08/2026,"$1,001-$15,000",STOCK/FUND,A,확인,,65.9
9116142,Ro Khanna (D-CA17),36,SP,"BOSTON {STOCK SCLENTIFIC CORP, COMMON",,S,05/27/2026,06/08/2026,"$1,001-$15,000",STOCK/FUND,A,확인,,65.7
9116142,Ro Khanna (D-CA17),37,,INTERCONTINENTAL |CMN 1994 TRUST EXCHANGE INC,,P/S/E,05/27/2026,06/08/2026,I/K,STOCK/FUND,IK,의심,amount-multi;type;owner,91.5
9116142,Ro Khanna (D-CA17),37,SP,STRYKER CORPORATION CMN,,P,05/27/2026,06/08/2026,"$1,001-$15,000",STOCK/FUND,A,확인,,77.5
9116142,Ro Khanna (D-CA17),37,SP,ABB LTD SPONSORED ADR CMIN,,P,05/08/2026,0a6/os/26|,"$1,001-$15,000",STOCK/FUND,A,의심,notified,61.7
9116142,Ro Khanna (D-CA17),37,SP,ROPER TECHNOLOGIES INC CMN,,P,05/27/2026,06/08/2026,"$1,001-$15,000",STOCK/FUND,A,확인,,83.1
9116142,Ro Khanna (D-CA17),37,SP,"UNITED RENTALS, INC. CMN",,P,05/27/2026,06/08/2026,"$1,001-$15,000",STOCK/FUND,A,확인,,63.5
9116142,Ro Khanna (D-CA17),37,SP,COMCAST |AVOTING CORPORATION CMIN CLASS,,P,05/27/2026,06/08/2026,"$15,001-$50,000",STOCK/FUND,B,확인,,76.5
9116142,Ro Khanna (D-CA17),37,SP,ARTHUR J GALLAGHER & CO CMN,,P,05/27/2026,06/08/2026,"$15,001-$50,000",STOCK/FUND,B,확인,,65.5
9116142,Ro Khanna (D-CA17),37,SP,"CLASSA MARRIOTT INTERNATIONAL, INC CMN",,P,05/27/2026,06/08/2026,"$15,001-$50,000",STOCK/FUND,B,확인,,85.6
9116142,Ro Khanna (D-CA17),37,SP,ACCENTURE PLC CMN CLASS A,,P,05/27/2026,06/08/2026,"$15,001-$50,000",STOCK/FUND,B,확인,,83.0
9116142,Ro Khanna (D-CA17),37,,SP_‘|SALESFORCE INC CMN,CRM,P,05/27/2026,06/08/2026,"$15,001-$50,000",STOCK/FUND,B,의심,owner,72.4
9116142,Ro Khanna (D-CA17),37,SP,FEDEX CORPORATION CMN,,P,05/27/2026,06/08/2026,"$15,001-$50,000",STOCK/FUND,B,확인,,82.5
9116142,Ro Khanna (D-CA17),37,SP,REPUBLIC SERVICES INC CMIN,,P,05/27/2026,06/08/2026,"$15,001-$50,000",STOCK/FUND,B,확인,,76.4
9116142,Ro Khanna (D-CA17),37,SP,SHELL PLC SPONSORED ADR CMN,,P,05/08/2026,06/08/2026,"$15,001-$50,000",STOCK/FUND,B,확인,,73.8
9116142,Ro Khanna (D-CA17),37,SP,"UBER TECHNOLOGIES, INC. CMIN",,P,05/27/2026,06/08/2026,"$15,001-$50,000",STOCK/FUND,B,확인,,77.4
9116142,Ro Khanna (D-CA17),37,SP,"INTUITIVE SURGICAL, INC. CMIN",,P,05/27/2026,06/08/2026,"$15,001-$50,000",STOCK/FUND,B,확인,,65.5
9116142,Ro Khanna (D-CA17),38,,FULL ATSET NAME TYPE OF,,P,Date of fransactkn|,- Trenaiction .,G/H,STOCK/FUND,GH,의심,amount-multi;date;notified;owner,73.9
9116142,Ro Khanna (D-CA17),38,,"P/O PROVIDE FUIL NAME, NOT SICKER SYMBOL, PURCHASE | SALE",,P/S/E,(BD,"1/00/v) ,",I/K,STOCK/FUND,IK,의심,amount-multi;type;date;notified;owner,62.1
9116142,Ro Khanna (D-CA17),38,,RITU SP AHUJA {S&P 1994 GLOBALINC.CMN TRUST ~ X,,P/S/E,05/27/2026,06/08/2026,I/K,STOCK/FUND,IK,의심,amount-multi;type;owner,71.6
9116142,Ro Khanna (D-CA17),38,SP,BOOXING HOLDINGS INC. CMIN X,,?,05/27/2026,06/08/2026,"$15,001-$50,000",STOCK/FUND,B,의심,type;name-illegible,59.4
9116142,Ro Khanna (D-CA17),38,SP,JINTUIT INC CMN,,?,05/27/2026,06/08/2026,"$15,001-$50,000",STOCK/FUND,B,의심,type,70.0
9116142,Ro Khanna (D-CA17),38,SP,CLASSA MASTERCARD INCORPORATED CMN X,MA,E,05/27/2026,06/08/2026,"$15,001-$50,000",STOCK/FUND,B,확인,,74.8
9116142,Ro Khanna (D-CA17),38,,SP__|MC : DONALDS CORP CMN ; X,,?,05/27/2026,06/08/2026,"$15,001-$50,000",STOCK/FUND,B,의심,type;owner,60.1
9116142,Ro Khanna (D-CA17),38,SP,CHARLES |CMN SCHWAB CORPORATION X,,S,05/27/2026,06/08/2026,"$15,001-$50,000",STOCK/FUND,B,확인,,85.7
9116142,Ro Khanna (D-CA17),38,,SP__|CAPITAL ONE FINANCIAL CORP CMN ; X,,S/E,05/27/2026,06/08/2026,"$15,001-$50,000",STOCK/FUND,B,의심,type;owner,73.1
9116142,Ro Khanna (D-CA17),38,SP,CADENCE DESIGN SYSTEMS INC CMN X,,S,05/27/2026,06/08/2026,"$15,001-$50,000",STOCK/FUND,B,확인,,80.7
9116142,Ro Khanna (D-CA17),38,SP,CITIGROUP INC. CMN X,,S,05/27/2026,06/08/2026,"$15,001-$50,000",STOCK/FUND,B,의심,name-illegible,57.6
9116142,Ro Khanna (D-CA17),38,SP,ABBOTT LABORATORIES CMN . X,,?,05/27/2026,06/08/2026,"$15,001-$50,000",STOCK/FUND,B,의심,type;name-illegible,52.1
9116142,Ro Khanna (D-CA17),38,SP,"THE HOME DEPOT, INC. CMN X",,E,05/27/2026,06/08/2026,"$15,001-$50,000",STOCK/FUND,B,확인,,78.6
9116142,Ro Khanna (D-CA17),38,,"SP__ |MICRON TECHNOLOGY, INC, CMN X",MU.O,S/E,05/27/2026,06/08/2026,"$15,001-$50,000",STOCK/FUND,B,의심,type;owner;name-illegible,56.2
9116142,Ro Khanna (D-CA17),39,,"VEER * WY PROVIDE AAN FOLL NAME, 20% UDKER RE REE SYMBOL",,P/E,,.,A/I/J/K,BOND,AIJK,의심,amount-multi;type;date;notified;owner;name-illegible,44.5
9116142,Ro Khanna (D-CA17),39,,ALLY |PERPETUAL 1995 FINANCIAL TRUST INC. HYBRID,,P/E,x,05/18/2026,A/I/J,STOCK/FUND,AIJ,의심,amount-multi;type;date;owner,71.4
9116142,Ro Khanna (D-CA17),39,SP,JPMORGAN |PERPETUAL CHASE & CO. HYBRID,,P,x :,05/18/2026,"$1,001-$15,000",STOCK/FUND,A,의심,date,74.1
9116142,Ro Khanna (D-CA17),39,SP,TRUIST {HYBRID FINANCIAL PERPETUAL CORPORATION,,P,x,05/20/2026,"$1,001-$15,000",STOCK/FUND,A,의심,date,89.9
9116142,Ro Khanna (D-CA17),39,SP,ALLY {PERPETUAL FINANCIAL INC. HYBRID,,P,x,05/15/2026,"$1,001-$15,000",STOCK/FUND,A,의심,date,89.1
9116142,Ro Khanna (D-CA17),39,,SP__|09/01/33 MIAMI UNIV MS OHIO GEN RCPTS REV 5%,,P,x,05/21/2026,"$1,001-$15,000",BOND,A,의심,date;owner,86.0
9116142,Ro Khanna (D-CA17),39,SP,OHIO [12/01/33 ST WTR JD DEV AUTH WTR REV 5%,,S,,05/22/2026,"$1,001-$15,000",BOND,A,의심,date,88.7
9116142,Ro Khanna (D-CA17),40,,FULL ASATDTZMNE,,P/S/E,,Patecf transaction,"$1,001-$15,000",STOCK/FUND,A,의심,type;date;notified;owner;name-illegible,47.0
9116142,Ro Khanna (D-CA17),40,,"SPFOGUR PROVIDE FULL NAME, SOT UCKER SYARBO!",,P/E,Transaction Porta},MMSDO/YY,A/I/J/K,STOCK/FUND,AIJK,의심,amount-multi;type;date;notified;owner;name-illegible,57.1
9116142,Ro Khanna (D-CA17),40,,M& DC R TRUST }09/01/26-CA OHIO PARTNERSHIP ST CTFS MS PARTN COPS 5.0000%,,P/E,x,05/15/2026,A/I/J,BOND,AIJ,의심,amount-multi;type;date;owner,73.1
9116142,Ro Khanna (D-CA17),40,DC,PALANTIR TECHNOLOGIES INC. CMN,PLTR.O,P,x,05/21/2026,"$1,001-$15,000",STOCK/FUND,A,의심,date,69.8
9116142,Ro Khanna (D-CA17),40,DC,SAMSARA INC. CMN CLASS A,,P,x,05/21/2026,"$1,001-$15,000",STOCK/FUND,A,의심,date,72.0
9116142,Ro Khanna (D-CA17),40,DC,"CLOUDFLARE, INC. CMN CLASS A",NET,P,x,05/21/2026,"$1,001-$15,000",STOCK/FUND,A,의심,date;name-illegible,42.0
9116142,Ro Khanna (D-CA17),40,DC,09/01/26-CA OHIO ST HSG MS FIN AGY REV 6%,,P,x,05/15/2026,"$1,001-$15,000",BOND,A,의심,date,81.2
9116142,Ro Khanna (D-CA17),40,DC,LIMESTONE {REV 5% 12/01/36 CNTY JD ALA WTR & SWR,,P,x,05/05/2026,"$1,001-$15,000",BOND,A,의심,date,70.5
9116142,Ro Khanna (D-CA17),40,,PC |12/01/2630 OHIO ST WTR DEV AUTH WTR REV 59,,P,x,05/18/2026,"$1,001-$15,000",STOCK/FUND,A,의심,date;owner,84.1
9116142,Ro Khanna (D-CA17),40,,DE_}MICROSOFT CORPORATION CMN,MSFT.O,P,x,05/21/2026,"$1,001-$15,000",STOCK/FUND,A,의심,date;owner,67.8
9116142,Ro Khanna (D-CA17),40,,DC_[ANKENY IOWA GO 5% 06/03/27 JD,,P,x,05/19/2026,"$1,001-$15,000",BOND,A,의심,date;owner,87.6
9116142,Ro Khanna (D-CA17),40,,OC (09/03/33 MIAMI UNIV MS OHIO GEN RCPTS REV 5%,,P,x!,05/21/2026,"$1,001-$15,000",BOND,A,의심,date;owner,84.9
9116142,Ro Khanna (D-CA17),40,DC,PALO ALTO NETWORKS INC. CMN,PANW.O,P,x,05/21/2026,"$1,001-$15,000",STOCK/FUND,A,의심,date,86.3
9116142,Ro Khanna (D-CA17),40,DC,OHO {12/01/26 ST WTR JD DEV AUTH WTR REV 5%,,P,x,05/15/2026,"$1,001-$15,000",BOND,A,의심,date,84.8
9116142,Ro Khanna (D-CA17),40,DC,"CMN MONOLITHIC POWER SYSTEMS, ; INC",,P,x,05/22/2026,"$1,001-$15,000",STOCK/FUND,A,의심,date,66.4
9116142,Ro Khanna (D-CA17),40,DC,EQT CORPORATION CMN,,S,x,05/22/2026,"$1,001-$15,000",STOCK/FUND,A,의심,date;name-illegible,59.5
9116142,Ro Khanna (D-CA17),40,DC,COHERENT CORP CMN,COHR.K,S,x,05/22/2026,"$1,001-$15,000",STOCK/FUND,A,의심,date,72.4
9116142,Ro Khanna (D-CA17),40,DC,EXPAND ENERGY CORP CMN,,S,x,05/22/2026,"$1,001-$15,000",STOCK/FUND,A,의심,date,81.1
9116142,Ro Khanna (D-CA17),41,,FULL ARSET NAMA,,P/S/E,Data of Transaction,Tonsacton,G/H,STOCK/FUND,GH,의심,amount-multi;type;date;notified;owner,83.8
9116142,Ro Khanna (D-CA17),41,,"* PROVIDE FIL NOME, NOT TICKER SYMBOL, ‘",,P/E,wayouyy,mayooner,I/K,STOCK/FUND,IK,의심,amount-multi;type;date;notified;owner,61.7
9116142,Ro Khanna (D-CA17),41,,RTRUST {EXXON PARTNERSHIP MOBIL CORPORATION CMN,,P/S/E,05/22/2026,05/08/2026,I/K,STOCK/FUND,IK,의심,amount-multi;type;owner,77.9
9116142,Ro Khanna (D-CA17),41,DC,"DATADOG, INC. CMN CLASS A",DDOG.O,S,05/21/2026,06/08/2026,"$1,001-$15,000",STOCK/FUND,A,확인,,66.1
9116142,Ro Khanna (D-CA17),41,DC,"MARVELL TECHNOLOGY, INC. CMN",MRVL.O,S,05/21/2026,06/08/2026,"$1,001-$15,000",STOCK/FUND,A,확인,,84.6
9116142,Ro Khanna (D-CA17),41,DC,TEXAS ST DB 5% 10/01/33 AO,,S,05/22/2026,06/08/2026,"$1,001-$15,000",BOND,A,확인,,83.6
9116142,Ro Khanna (D-CA17),41,DC,"MONGODS, INC. CMN",,S,05/21/2026,06/08/2026,"$1,001-$15,000",STOCK/FUND,A,의심,name-illegible,15.5
9116142,Ro Khanna (D-CA17),41,DC,"MICRON TECHNOLOGY, INC. CMIN",MU.O,S,05/21/2026,06/08/2026,"$1,001-$15,000",STOCK/FUND,A,확인,,77.8
9116206,Ro Khanna (D-CA17),02,,END BANK BASKET USHA OF OF AHUJA MONTREAL INDICES TRREV LINKED TRUST TO FBO X,,S/E,,06/24/2026,A/B/I/K,STOCK/FUND,ABIK,의심,amount-multi;type;date;owner,84.6
9116206,Ro Khanna (D-CA17),02,DC,BROADCOM INC. CMN X,AVGO.O,?,,06/05/2026,"$1,001-$15,000",STOCK/FUND,A,의심,type;date,82.2
9116206,Ro Khanna (D-CA17),02,,"CMN MARTIN MARIETTA MATERIALS, INC X",,?,,06/05/2026,"$1,001-$15,000",STOCK/FUND,A,의심,type;date;owner;name-illegible,56.2
9116206,Ro Khanna (D-CA17),02,,"MARVELL TECHNOLOGY, INC. CMN X",MRVL.O,?,,06/05/2026,"$1,001-$15,000",STOCK/FUND,A,의심,type;date;owner,92.6
9116206,Ro Khanna (D-CA17),02,,MICROSOFT CORPORATION CMN X,MSFT.O,?,,06/05/2026,"$1,001-$15,000",STOCK/FUND,A,의심,type;date;owner,91.1
9116206,Ro Khanna (D-CA17),02,DC,NVIDIA CORPORATION CMN X,NVDA.O,?,.,06/05/2025,"$1,001-$15,000",STOCK/FUND,A,의심,type;date,93.5
9116206,Ro Khanna (D-CA17),02,DC,SYNCHRONY PERPETUAL FINANCIAL HYBRID : X,,?,,06/02/2026,"$1,001-$15,000",STOCK/FUND,A,의심,type;date,75.6
9116206,Ro Khanna (D-CA17),02,,LINCOLN HYBRIO 07/15/2056 NATIONAL CORPORATION | — X,,?,,06/24/2026,"$1,001-$15,000",STOCK/FUND,A,의심,type;date;owner,64.5
9116206,Ro Khanna (D-CA17),02,,"UNITEO . RENTALS, INC. CMN X",,?,.,06/05/2026,"$1,001-$15,000",STOCK/FUND,A,의심,type;date;owner,86.7
9116206,Ro Khanna (D-CA17),02,,EATON CORP PLC CMN : X,ETN,?,,06/05/2026,"$1,001-$15,000",STOCK/FUND,A,의심,type;date;owner,86.8
9116206,Ro Khanna (D-CA17),02,DC,AMERICAN CMN. TOWER CORPORATION X,,?,,- 06/05/26; .,"$1,001-$15,000",STOCK/FUND,A,의심,type;date;notified,87.0
9116206,Ro Khanna (D-CA17),02,,"T-MOBILE US, INC. CVIN . X",,?,,06/05/2026,"$1,001-$15,000",STOCK/FUND,A,의심,type;date;owner,66.5
9116206,Ro Khanna (D-CA17),02,,2PMORGAN PERPETUAL CHASE & CO. HYBRID X,,?,,06/01/2026,"$1,001-$15,000",STOCK/FUND,A,의심,type;date;owner,84.9
9116206,Ro Khanna (D-CA17),02,,STARBUCKS : CORP. CMN __- X,,?,,06/05/2026,"$1,001-$15,000",STOCK/FUND,A,의심,type;date;owner,74.2
9116206,Ro Khanna (D-CA17),02,DC,WALMART INC CMN X,,?,,06/05/2026,"$1,001-$15,000",STOCK/FUND,A,의심,type;date,91.0
9116206,Ro Khanna (D-CA17),02,,06/05/2026 |CALL/MSFLEXEURO PM . @ 187.5£XP X,,?,,06/05/2026,"$1,001-$15,000",OPTION,A,의심,type;date;owner,70.5
9116206,Ro Khanna (D-CA17),03,,FOLL AASET KERSE,,P/S/E,Deteof Transaction],"Date = Trensartion, Hotied oF",G/H,STOCK/FUND,GH,의심,amount-multi;type;date;notified;owner;name-illegible,22.6
9116206,Ro Khanna (D-CA17),03,,20101 TREY TRUST FBO,,P/S/E,,,I/K,STOCK/FUND,IK,의심,amount-multi;type;date;notified;owner,67.5
9116206,Ro Khanna (D-CA17),03,,END CALL/AAPL 06/05/2026 USHA AHUJA FLEX EURO PM 285 EXP,,P/E,06/05/2026,07/01/2026,I/K,OPTION,IK,의심,amount-multi;type;owner,93.7
9116206,Ro Khanna (D-CA17),03,,06/05/2026 |CALL/ODFL FLEX __- EURO PM 235 EXP,,P,06/05/2026,07/01/2026,"$1,001-$15,000",OPTION,A,의심,owner,73.0
9116206,Ro Khanna (D-CA17),03,,CALL/NVDA 06/05/2026 FLEX EURO PM 205 EXP,,P,06/05/2026,07/01/2026,"$1,001-$15,000",OPTION,A,의심,owner,91.8
9116206,Ro Khanna (D-CA17),03,,06/05/2026 |CALLVAIMZN FLEX EURO PM 245 EXP,,P,06/05/2026,07/01/2026,"$1,001-$15,000",OPTION,A,의심,owner,86.2
9116206,Ro Khanna (D-CA17),03,,AIR . PRODUCTS & CHEMICALS INC CMN,,S,06/05/2026,07/01/2026,"$15,001-$50,000",STOCK/FUND,B,의심,owner,83.8
9116206,Ro Khanna (D-CA17),03,,COCA-COLA CCMN EUROPEAN PARTNERS PL,,S,06/05/2026,07/01/2026,"$1,001-$15,000",STOCK/FUND,A,의심,owner,63.9
9116206,Ro Khanna (D-CA17),03,,ROCKWELL AUTOMATION : INC CMN,,S,06/05/2026,07/01/2026,"$1,001-$15,000",STOCK/FUND,A,의심,owner,71.9
9116206,Ro Khanna (D-CA17),03,,JPMORGAN CHASE . & CO CMN,,S,06/05/2026,07/01/2026,"$1,001-$15,000",STOCK/FUND,A,의심,owner,76.2
9116206,Ro Khanna (D-CA17),03,,APPLE INC. ; CMN,,S,06/05/2026,07/01/2026,"$1,001-$15,000",STOCK/FUND,A,의심,owner,73.4
9116206,Ro Khanna (D-CA17),03,,AMAZON.COM INC CMN,AMZN.O,S,06/05/2026,07/01/2026,"$1,001-$15,000",STOCK/FUND,A,의심,owner,88.1
9116206,Ro Khanna (D-CA17),04,,"PROVIDE FOIL NOME, EA “ EE NOT TICKER SYMBOL, ‘$ J ED AS ED",,P/S/E,,,I/K,STOCK/FUND,IK,의심,amount-multi;type;date;notified;owner;name-illegible,41.3
9116206,Ro Khanna (D-CA17),04,,"GRANDCHILDREN'S UBER TECHNOLOGIES, EDUCATION INC. TRUST CMN",,P/S/E,96/15/26],07/01/2026,I/K,STOCK/FUND,IK,의심,amount-multi;type;date;owner,90.4
9116206,Ro Khanna (D-CA17),04,DC,COOPER COS INC/THE CMIN,,P,06/22/2026,07/01/2026,"$1,001-$15,000",STOCK/FUND,A,확인,,79.6
9116206,Ro Khanna (D-CA17),04,,CMN [SE HEAUTHCARE TECANOLOGIES ; INTC,,P,06/30/2026,07/01/2026,"$1,001-$15,000",STOCK/FUND,A,의심,owner;name-illegible,55.8
9116206,Ro Khanna (D-CA17),04,,OWENS CORNING CMN,GLW,S,06/24/2026,07/01/2026,"$1,001-$15,000",STOCK/FUND,A,의심,owner,74.3
9116206,Ro Khanna (D-CA17),04,,PENN ENTERTAINMENT INC CMN,,S,06/22/2026,07/01/2026,"$1,001-$15,000",STOCK/FUND,A,의심,owner,93.8
9116206,Ro Khanna (D-CA17),05,,FO AMATNAME,,P/S/E,Date of Trensectlon,“Bate Transaction NoUhed oF,G/H,STOCK/FUND,GH,의심,amount-multi;type;date;notified;owner;name-illegible,15.1
9116206,Ro Khanna (D-CA17),05,,"PRAUIDE FULNOREE, OAT TICKER SYMBOK",,P/S/E,,,I/K,STOCK/FUND,IK,의심,amount-multi;type;date;notified;owner;name-illegible,35.9
9116206,Ro Khanna (D-CA17),05,,"TRUST |THE FBO HOME KHANNA DEPOT, CHILDREN INC. CMN",,P/E,06/02/2025,,I/K,STOCK/FUND,IK,의심,amount-multi;type;notified;owner,87.5
9116206,Ro Khanna (D-CA17),05,DC,MC DONALDS CORP CMN,,P,06/02/2026,07/01/2026,"$15,001-$50,000",STOCK/FUND,B,확인,,89.0
9116206,Ro Khanna (D-CA17),05,DC,AT&T INC. CMN,,P,06/02/2026,07/01/2026,"$15,001-$50,000",STOCK/FUND,B,의심,name-illegible,40.8
9116206,Ro Khanna (D-CA17),05,DC,PNC [EAN FINANCIAL SERVICES GROUP,,P,06/02/2026,07/01/2026,"$15,001-$50,000",STOCK/FUND,B,확인,,82.4
9116206,Ro Khanna (D-CA17),05,,DANAHER CORPORATION CMN,,P,06/02/2026,07/01/2026,"$15,001-$50,000",STOCK/FUND,B,의심,owner;name-illegible,54.5
9116206,Ro Khanna (D-CA17),05,,CITIGROUP INC. CMIN,,P,06/02/2026,07/01/2026,"$1,001-$15,000",STOCK/FUND,A,의심,owner,75.0
9116206,Ro Khanna (D-CA17),05,,"AMERICAN INTL GROUP, INC. CMN",,P,06/02/2026,07/01/2026,"$1,001-$15,000",STOCK/FUND,A,의심,owner,89.3
9116206,Ro Khanna (D-CA17),05,DC,"THE TRAVELERS COMPANIES, INCCMN",,P,06/02/2026,07/01/2026,"$1,001-$15,000",STOCK/FUND,A,확인,,82.8
9116206,Ro Khanna (D-CA17),05,DC,CINTAS CORPORATION CMN,,P,96/02/26],07/01/2026,"$1,001-$15,000",STOCK/FUND,A,의심,date;name-illegible,52.7
9116206,Ro Khanna (D-CA17),05,DC,LOEWS CORPORATION CMN,,P,06/02/2026,07/01/2026,"$1,001-$15,000",STOCK/FUND,A,확인,,86.9
9116206,Ro Khanna (D-CA17),05,DC,ARTHUR) GALLAGHER & CO CMN,,P,06/02/2026,07/01/2026,"$1,001-$15,000",STOCK/FUND,A,확인,,80.6
9116206,Ro Khanna (D-CA17),05,DC,MARSH ORD CMN,,P,06/02/2026,_o7/oi/26|__x,"$1,001-$15,000",STOCK/FUND,A,의심,notified,67.4
9116206,Ro Khanna (D-CA17),05,,REPUBLICSERVICESINCCMN,,P,06/02/2026,07/01/2026,"$1,001-$15,000",STOCK/FUND,A,의심,owner;name-illegible,33.5
9116206,Ro Khanna (D-CA17),05,DC,MICROSOFT CORPORATION CMN,MSFT.O,P,06/02/2026,07/01/2026,"$1,001-$15,000",STOCK/FUND,A,확인,,77.2
9116206,Ro Khanna (D-CA17),05,DC,KIMBERLY-CLARK CORPORATION CMN,,P,s/o2/26},07/01/2026,"$1,001-$15,000",STOCK/FUND,A,의심,date,62.5
9116206,Ro Khanna (D-CA17),05,,PHILIP MORRIS INTL INC CMN,,P,06/02/2026,07/01/2026,"$1,001-$15,000",STOCK/FUND,A,의심,owner,81.6
9116206,Ro Khanna (D-CA17),05,DC,"T-MOBILE US, INC. CMIN",,P,06/02/2026,07/01/2026,"$1,001-$15,000",STOCK/FUND,A,확인,,60.9
9116206,Ro Khanna (D-CA17),05,,CHUBB LIMITED CMN,,P,,06/02/26|__—07/03/26|_—x,"$1,001-$15,000",STOCK/FUND,A,의심,date;notified;owner,83.1
9116206,Ro Khanna (D-CA17),05,,AVALONBAY COMMUNITIES INC CMN,,P,06/02/2026,07/01/2026,"$1,001-$15,000",STOCK/FUND,A,의심,owner,74.2
9116206,Ro Khanna (D-CA17),06,,"PROVIDE . FULL NORE, NAT TCKER SYMTAL",,P/S/E,Tronsaction Partht,. MMJODAYY,A/H/I/K,STOCK/FUND,AHIK,의심,amount-multi;type;date;notified;owner;name-illegible,55.8
9116206,Ro Khanna (D-CA17),06,DC,TRUST CLASS META FBO A PLATFORMS KHANNA CHILDREN INC-CLASS A CMN,,P/S,E. _,06/02/2026,A/H/I/K,STOCK/FUND,AHIK,의심,amount-multi;type;date,93.6
9116206,Ro Khanna (D-CA17),06,DC,SYSCO CORPORATION CMN,,P/S,,06/02/2026,"$1,001-$15,000",STOCK/FUND,A,의심,type;date,78.1
9116206,Ro Khanna (D-CA17),06,,COLGATE-PALMOLIVE CO CMN,,P/S,,06/02/2026,"$1,001-$15,000",STOCK/FUND,A,의심,type;date;owner,82.2
9116206,Ro Khanna (D-CA17),06,DC,SHERWIN-WILLIAMS CO CMN,,P/S,,06/02/2026,"$1,001-$15,000",STOCK/FUND,A,의심,type;date,84.4
9116206,Ro Khanna (D-CA17),06,,FEM CHARLES SCHWAB CORPORATION,,P/S,,06/02/2026,"$1,001-$15,000",STOCK/FUND,A,의심,type;date;owner,79.1
9116206,Ro Khanna (D-CA17),06,,U.S. BANCORP CMIN,,P/S,,ce/oz/z6|,"$1,001-$15,000",STOCK/FUND,A,의심,type;date;notified;owner,65.0
9116206,Ro Khanna (D-CA17),06,,ABBOTT LABORATORIES CMN,,P/S,,osjo2/26|,"$1,001-$15,000",STOCK/FUND,A,의심,type;date;notified;owner,82.0
9116206,Ro Khanna (D-CA17),06,DC,"UBER TECHNOLOGIES, INC. CMIN",,P/S,,osjoz/6|,"$1,001-$15,000",STOCK/FUND,A,의심,type;date;notified,70.1
9116206,Ro Khanna (D-CA17),06,,KROGER COMPANY CMIN,,P/S,,os/oz/26|,"$1,001-$15,000",STOCK/FUND,A,의심,type;date;notified;owner,66.3
9116206,Ro Khanna (D-CA17),06,,"<_|BOSTON ISTOCX SCIENTIFIC CORP, COMMON",,P/S,,06/02/2026,"$1,001-$15,000",STOCK/FUND,A,의심,type;date;owner,63.1
9116206,Ro Khanna (D-CA17),06,,W.R. BERKLEY CORPORATION CMN,,P/S,,06/02/2026,"$1,001-$15,000",STOCK/FUND,A,의심,type;date;owner,87.1
9116206,Ro Khanna (D-CA17),06,,OTISWORLDWIDE CMN CORPORATION,,P/S,,06/02/2026,"$1,001-$15,000",STOCK/FUND,A,의심,type;date;owner;name-illegible,40.1
9116206,Ro Khanna (D-CA17),06,,ADOBE INCCMN,,P/S,,06/02/2026,"$1,001-$15,000",STOCK/FUND,A,의심,type;date;owner,70.5
9116206,Ro Khanna (D-CA17),06,DC,XYLEM INC. CMN,,P/S,,06/02/2026,"$1,001-$15,000",STOCK/FUND,A,의심,type;date,80.3
9116206,Ro Khanna (D-CA17),06,,SERVICENOW INC CMN,NOW,P/S,,csjozize|,"$1,001-$15,000",STOCK/FUND,A,의심,type;date;notified;owner,85.1
9116206,Ro Khanna (D-CA17),06,,ELILILLY &COCMN,,P/S,,osjo2/26|,"$1,001-$15,000",STOCK/FUND,A,의심,type;date;notified;owner;name-illegible,17.6
9116206,Ro Khanna (D-CA17),06,DC,VISAINC. CMN CLASS A,V,S,,osozjae|,"$1,001-$15,000",STOCK/FUND,A,의심,date;notified,67.8
9116206,Ro Khanna (D-CA17),06,DC,LCASSA MASTERCARD INCORPORATED CMN,MA,S,,06/02/2026,"$1,001-$15,000",STOCK/FUND,A,의심,date;name-illegible,43.4
9116206,Ro Khanna (D-CA17),06,DC,"UNITED RENTALS, INC. CMN",,P/S,,06/02/2026,"$1,001-$15,000",STOCK/FUND,A,의심,type;date,71.7
9116206,Ro Khanna (D-CA17),07,,"PROVIDE FUL NOME, NAT TISTER SYMBOL",,P/E,{Transaction Partial,MMsOD/AY,B/C/D/E/F/G/H/I/J/K,STOCK/FUND,BCDEFGHIJK,의심,amount-multi;type;date;notified;owner,65.1
9116206,Ro Khanna (D-CA17),07,,TRUST FBO KHANNA CHITDREN,,P/E,,ee,A/C/G/J/K,STOCK/FUND,ACGJK,의심,amount-multi;type;date;notified;owner,84.2
9116206,Ro Khanna (D-CA17),07,,"SYNOPSYS, INC. CIN”",,P,,06/02/2026,"$1,001-$15,000",STOCK/FUND,A,의심,date;owner;name-illegible,45.8
9116206,Ro Khanna (D-CA17),07,DC,JAMGEN INC. CMIN,,P,,06/02/2026,"$1,001-$15,000",STOCK/FUND,A,의심,date;name-illegible,58.0
9116206,Ro Khanna (D-CA17),07,,JEVEREST GROUP LTD CMN,,P,,06/02/2026,"$1,001-$15,000",STOCK/FUND,A,의심,date;owner,87.4
9116206,Ro Khanna (D-CA17),07,DC,FREEPORT-MCMORAN INC CMN,FCX,P,,06/02/2026,"$1,001-$15,000",STOCK/FUND,A,의심,date,82.1
9116206,Ro Khanna (D-CA17),07,DC,AMERICAN CMN TOWER CORPORATION,,P,,06/02/2026,"$1,001-$15,000",STOCK/FUND,A,의심,date,91.6
9116206,Ro Khanna (D-CA17),07,DC,"METLFE, INC. CMN",,P,,06/02/2026,"$1,001-$15,000",STOCK/FUND,A,의심,date,80.3
9116206,Ro Khanna (D-CA17),07,,VEEVA SYSTEMS INC CMN CLASS A,,P,,06/02/2026,"$1,001-$15,000",STOCK/FUND,A,의심,date;owner,89.1
9116206,Ro Khanna (D-CA17),07,,PACCAR INC CMN,,P,,06/02/2026,"$1,001-$15,000",STOCK/FUND,A,의심,date;owner,65.4
9116206,Ro Khanna (D-CA17),07,,MID-AMERICA APT CMNTYS INC CMN,,P,:,06/02/2026,"$1,001-$15,000",STOCK/FUND,A,의심,date;owner,92.6
9116206,Ro Khanna (D-CA17),07,,CVS HEALTH CORP CMN,,P,,06/02/2026,"$1,001-$15,000",STOCK/FUND,A,의심,date;owner;name-illegible,44.6
9116206,Ro Khanna (D-CA17),07,,CLOROX CO (THE) (DELAWARE) CMN,,P,,06/02/2026,"$1,001-$15,000",STOCK/FUND,A,의심,date;owner,86.8
9116206,Ro Khanna (D-CA17),07,,"BOLLAR TREE STORES, INC. CMIN",,P,,06/02/2026,"$1,001-$15,000",STOCK/FUND,A,의심,date;owner,86.1
9116206,Ro Khanna (D-CA17),07,,CMN MONSTER BEVERAGE CORPORATION,,P,,06/02/2026,"$1,001-$15,000",STOCK/FUND,A,의심,date;owner,86.9
9116206,Ro Khanna (D-CA17),07,,CMN REGIONS FINANCIAL CORPORATION,,P,‘,06/02/2026,"$1,001-$15,000",STOCK/FUND,A,의심,date;owner,85.2
9116206,Ro Khanna (D-CA17),07,,"CH URCH & DWIGHT CO., INC. CMN",,P,:,06/02/2026,"$1,001-$15,000",STOCK/FUND,A,의심,date;owner,76.0
9116206,Ro Khanna (D-CA17),07,,DOLLAR GENERAL CORPORATION CMN,,P,.,06/02/2026,"$1,001-$15,000",STOCK/FUND,A,의심,date;owner,90.3
9116206,Ro Khanna (D-CA17),07,,VERTEX LEM PHARMACEUTICALS _- INCORPO,,P,,06/02/2026,"$1,001-$15,000",STOCK/FUND,A,의심,date;owner;name-illegible,55.7
9116206,Ro Khanna (D-CA17),07,DC,EXTRA SPACE STORAGE INC. CMN,,P,,06/02/2026,"$1,001-$15,000",STOCK/FUND,A,의심,date,85.5
9116206,Ro Khanna (D-CA17),07,DC,CAMDEN PROPERTY TRUST CIN,,P,,06/02/2026,"$1,001-$15,000",STOCK/FUND,A,의심,date;name-illegible,56.4
9116206,Ro Khanna (D-CA17),08,,SE AY 4 ARE. COE REE,,P/E,Ee a5,pt Mag Tie ee aad,I/K,STOCK/FUND,IK,의심,amount-multi;type;date;notified;owner;name-illegible,33.7
9116206,Ro Khanna (D-CA17),08,,A.0. SMITH CORP (DEL) CMN,,P,06/02/2026,07/01/2026,"$1,001-$15,000",STOCK/FUND,A,의심,owner,86.1
9116206,Ro Khanna (D-CA17),08,,JVULCAN MATERIALS CO CMN,VMC,P,06/02/2026,07/01/2026,"$1,001-$15,000",STOCK/FUND,A,의심,owner,85.7
9116206,Ro Khanna (D-CA17),08,,JOHNSON CMN CONTROLS INTERNATIONAL,,P,06/02/2026,——-07/01/26|__x,"$1,001-$15,000",STOCK/FUND,A,의심,notified;owner,88.7
9116206,Ro Khanna (D-CA17),08,,"CHARTER CMN : COMMUNICATIONS, INC",,P,06/02/2026,07/01/2026,"$1,001-$15,000",STOCK/FUND,A,의심,owner;name-illegible,43.6
9116206,Ro Khanna (D-CA17),08,,INVITATION ROMES INC. CMN,,P,06/02/2026,07/01/2026,"$1,001-$15,000",STOCK/FUND,A,의심,owner,88.8
9116206,Ro Khanna (D-CA17),08,DC,MCCORMICK ICMN CLASS N & CO NON VTG SHRS,,P,06/02/2026,07/01/2026,"$1,001-$15,000",STOCK/FUND,A,확인,,83.0
9116206,Ro Khanna (D-CA17),08,,GENERAL MILLS INC CMN,,P,08/02/2026,a7/or26|,"$1,001-$15,000",STOCK/FUND,A,의심,notified;owner,88.3
9116206,Ro Khanna (D-CA17),08,,CORP COGNIZANT CLASS.A TECHNOLOGY SOLUTIONS,,P,06/02/2026,07/01/2026,"$1,001-$15,000",STOCK/FUND,A,의심,owner,61.0
9116206,Ro Khanna (D-CA17),08,,MOTOROLA SOLUTIONS INC CMN,,P,06/02/2026,07/01/2026,"$1,001-$15,000",STOCK/FUND,A,의심,owner,91.0
9116206,Ro Khanna (D-CA17),08,DC,ROLLINS INC. REGOFF SCTASKO796638,,P,og/o2/a6},o7/oxso6|,"$1,001-$15,000",STOCK/FUND,A,의심,date;notified,81.7
9116206,Ro Khanna (D-CA17),08,DC,CADENCE DESIGN SYSTEMSINCCMN,,P,os/o2/2s,_o7/o/26|,"$1,001-$15,000",STOCK/FUND,A,의심,date;notified,60.6
9116206,Ro Khanna (D-CA17),08,,"AGILENT TECHNOLOGIES, INC.CMN",,P,|o ogjo2/26|,_avyox/zs!,"$1,001-$15,000",STOCK/FUND,A,의심,date;notified;owner;name-illegible,39.0
9116206,Ro Khanna (D-CA17),08,,PC_[AMCORPLC CM,,P,06/02/2026,07/01/2026,"$1,001-$15,000",STOCK/FUND,A,의심,owner;name-illegible,30.2
9116206,Ro Khanna (D-CA17),08,,CENCORAINC CMN,,P,ogjoz/26|,_ovvourzs!,"$1,001-$15,000",STOCK/FUND,A,의심,date;notified;owner,63.9
9116206,Ro Khanna (D-CA17),08,DC,"INTUITIVE SURGICAL, INC. CMIN",,P,osozizs|,_orvonyze|,"$1,001-$15,000",STOCK/FUND,A,의심,date;notified,71.5
9116206,Ro Khanna (D-CA17),08,DC,"COPART, INC. CMN",,P,06/02/2026,07/01/2026,"$1,001-$15,000",STOCK/FUND,A,확인,,61.1
9116206,Ro Khanna (D-CA17),08,,APOLLO CMN CLASS GLOBAL A MANAGEMENT INC,,P,06/02/2026,07/01/2026,"$1,001-$15,000",STOCK/FUND,A,의심,owner,88.1
9116206,Ro Khanna (D-CA17),08,DC,ABBVIE INC. CMN,,P,os/oz/zs|,_ov/oxjae|,"$1,001-$15,000",STOCK/FUND,A,의심,date;notified,61.5
9116206,Ro Khanna (D-CA17),08,DC,"BROWN & BROWN, INC. CMN",,P,06/02/2026,07/01/2026,"$1,001-$15,000",STOCK/FUND,A,확인,,74.1
9116206,Ro Khanna (D-CA17),09,,FULL ASSAT KAME,,P/S,Daze of Traasaction,Trantartion ta Notiied o!,G/H,STOCK/FUND,GH,의심,amount-multi;type;date;notified;owner;name-illegible,57.1
9116206,Ro Khanna (D-CA17),09,DC,"TRUST |HCA FBO HEALTHCARE, KHANNA CHILDREN INC CMN",,P/S/E,06/02/2026,07/02/2026,I/K,STOCK/FUND,IK,의심,amount-multi;type,84.6
9116206,Ro Khanna (D-CA17),09,DC,HOHNSON & JOHNSON CMN,,P,06/02/2026,07/01/2026,"$1,001-$15,000",STOCK/FUND,A,확인,,83.5
9116206,Ro Khanna (D-CA17),09,,KENVUE INC. CMN,,P,06/02/2026,07/01/2026,"$1,001-$15,000",STOCK/FUND,A,의심,owner,91.9
9116206,Ro Khanna (D-CA17),09,,"8C_|MERCK & CO., INC. CMIN",,P,06/02/2026,07/01/2026,"$1,001-$15,000",STOCK/FUND,A,의심,owner,68.2
9116206,Ro Khanna (D-CA17),09,,INTL BUSINESS MACHINES CORP CMN,,P,06/02/2026,o7for/26},"$1,001-$15,000",STOCK/FUND,A,의심,notified;owner,70.5
9116206,Ro Khanna (D-CA17),09,DC,MSCIINC. CMN,,P,06/02/2026,07/01/2026,"$1,001-$15,000",STOCK/FUND,A,의심,name-illegible,52.7
9116206,Ro Khanna (D-CA17),09,,"BERKSHIRE HATHAWAY INC, CLASS B",BRKb,P,06/02/2026,07/01/2026,"$50,001-$100,000",STOCK/FUND,C,의심,owner,91.2
9116206,Ro Khanna (D-CA17),09,,SANK OF AMERICA CORP CMN,,P,06/02/2026,07/01/2026,"$15,001-$50,000",STOCK/FUND,B,의심,owner,77.0
9116206,Ro Khanna (D-CA17),09,,THE CMN PROGRESSIVE CORPORATION,,P,06/02/2026,07/01/2026,"$15,001-$50,000",STOCK/FUND,B,의심,owner,95.1
9116206,Ro Khanna (D-CA17),09,,REALTY INCOME CORPORATION CMN,,P,06/62/26,07/01/2026,"$15,001-$50,000",STOCK/FUND,B,의심,date;owner,87.7
9116206,Ro Khanna (D-CA17),09,,PFIZER INC. CMN,,P,06/02/2026,07/01/2026,"$15,001-$50,000",STOCK/FUND,B,의심,owner,76.0
9116206,Ro Khanna (D-CA17),09,DC,WALMART INC CMN,,P,08/02/2026,07/01/2026,"$15,001-$50,000",STOCK/FUND,B,의심,name-illegible,42.3
9116206,Ro Khanna (D-CA17),09,,INTUITINCCMN,,P,06/02/2026,07/01/2026,"$15,001-$50,000",STOCK/FUND,B,의심,owner;name-illegible,44.8
9116206,Ro Khanna (D-CA17),09,DC,LOWES COMPANIES INC CMN,,P,06/02/2026,07/01/2026,"$15,001-$50,000",STOCK/FUND,B,확인,,90.5
9116206,Ro Khanna (D-CA17),09,,AVOTING COMCAST CORPORATION CMN CLASS,,P,06/02/2026,07/01/2026,"$15,001-$50,000",STOCK/FUND,B,의심,owner,86.4
9116206,Ro Khanna (D-CA17),09,,THE CMN PROCTER & GAMBLE COMPANY,,P,06/02/2026,07/01/2026,"$15,001-$50,000",STOCK/FUND,B,의심,owner,94.2
9116206,Ro Khanna (D-CA17),09,,CIGNA GROUP/THE CMN,,P,06/02/2026,07/01/2026,"$15,001-$50,000",STOCK/FUND,B,의심,owner,90.1
9116206,Ro Khanna (D-CA17),09,DC,WASTE MANAGEMENT INC CMN,,P,06/02/2026,07/01/2026,"$15,001-$50,000",STOCK/FUND,B,확인,,89.7
9116206,Ro Khanna (D-CA17),09,,COSTCO C©MN WHOLESALE CORPORATION,,P,06/02/2026,07/01/2026,"$1,001-$15,000",STOCK/FUND,A,의심,owner,87.0
9116206,Ro Khanna (D-CA17),10,,FULL ASSAT NAMA,,P/S/E,Date of Transaction,Transaction ry Ci,G/H,STOCK/FUND,GH,의심,amount-multi;type;date;notified;owner,75.1
9116206,Ro Khanna (D-CA17),10,,"PROVIDE FEB NAME, NOT TICKER SYMBOL",,P/S/E,~ MM/OD/TY,Mayonsry,I/K,STOCK/FUND,IK,의심,amount-multi;type;date;notified;owner;name-illegible,46.1
9116206,Ro Khanna (D-CA17),10,,TRUST HUNTINGTON INCORPOR FBO KHANNA CMN BANCSHARES CHILDREN,,P/E,06/02/2026,07/01/2026,I/K,STOCK/FUND,IK,의심,amount-multi;type;owner,80.2
9116206,Ro Khanna (D-CA17),10,,"MARTIN CMN MARIETTA MATERIALS, INC",,S,06/02/2026,07/01/2026,"$1,001-$15,000",STOCK/FUND,A,의심,owner,75.9
9116206,Ro Khanna (D-CA17),10,DC,JCME GROUP INC. CMIN CLASS A,,S,06/02/2026,07/01/2026,"$1,001-$15,000",STOCK/FUND,A,확인,,67.2
9116206,Ro Khanna (D-CA17),10,DC,GENUINE PARTS CO. CMN,,S,06/02/2026,07/01/2026,"$1,001-$15,000",STOCK/FUND,A,확인,,63.3
9116206,Ro Khanna (D-CA17),10,,HARTFORD CMN INSURANCE GROUP INC/T,,S,06/02/2026,07/01/2026,"$1,001-$15,000",STOCK/FUND,A,의심,owner,82.0
9116206,Ro Khanna (D-CA17),10,,TRIMBLE INC CMN,,S,06/02/2026,07/01/2026,"$1,001-$15,000",STOCK/FUND,A,의심,owner,64.2
9116206,Ro Khanna (D-CA17),10,,SEAGATE CMN TECHNOLOGY HOLDIN PLC,STX.O,S,06/02/2026,07/01/2026,"$1,001-$15,000",STOCK/FUND,A,의심,owner,93.8
9116206,Ro Khanna (D-CA17),10,,TRANE CMN TECHNOLOGIES PUBLIC LIM!,,S,06/02/2026,07/01/2026,"$1,001-$15,000",STOCK/FUND,A,의심,owner,79.3
9116206,Ro Khanna (D-CA17),10,,TEXAS INSTRUMENTS INC. CMN,,S,06/02/2026,07/01/2026,"$1,001-$15,000",STOCK/FUND,A,의심,owner,68.0
9116206,Ro Khanna (D-CA17),10,,HIPMORGAN CHASE & CO CMN,,S,05/02/2026,07/01/2026,"$1,001-$15,000",STOCK/FUND,A,의심,owner,78.8
9116206,Ro Khanna (D-CA17),10,,ECOLAB INC.CMN,,S,06/02/2026,07/01/2026,"$1,001-$15,000",STOCK/FUND,A,의심,owner;name-illegible,59.4
9116206,Ro Khanna (D-CA17),10,DC,ILLINOIS TOOL WORKS CMN,,S,06/02/2026,07/01/2026,"$1,001-$15,000",STOCK/FUND,A,확인,,73.7
9116206,Ro Khanna (D-CA17),10,,MCKESSON CORPORATION CMN,,S,06/02/2026,07/01/2025,"$1,001-$15,000",STOCK/FUND,A,의심,owner,87.3
9116206,Ro Khanna (D-CA17),10,DC,IQVIA HOLDINGS INC CMN,,S,06/02/2026,07/01/2026,"$1,001-$15,000",STOCK/FUND,A,확인,,75.5
9116206,Ro Khanna (D-CA17),10,,INTERCONTINENTAL CMN EXCHANGE INC,,S,06/02/2026,07/01/2026,"$1,001-$15,000",STOCK/FUND,A,의심,owner,94.2
9116206,Ro Khanna (D-CA17),10,DC,JARCH CAPITAL GROUP LTD. CMN,,S,os/o2/26|,07/01/2026,"$1,001-$15,000",STOCK/FUND,A,의심,date,82.3
9116206,Ro Khanna (D-CA17),10,DC,AMETEK INC (NEW} CMN,,S,06/02/2026,07/01/2026,"$1,001-$15,000",STOCK/FUND,A,확인,,74.0
9116206,Ro Khanna (D-CA17),10,DC,BIO-TECHNE CORPORATION CMN,,S,os/o2/26|,_o7/or/26},"$1,001-$15,000",STOCK/FUND,A,의심,date;notified,61.2
9116206,Ro Khanna (D-CA17),10,,REGENERON CMN PHARMACEUTICAL INC,,S,06/02/2026,07/01/2026,"$1,001-$15,000",STOCK/FUND,A,의심,owner,91.3
9116206,Ro Khanna (D-CA17),11,,"PROVIDE FUL NOME, NOT TICKER SYMBOL",,P/E,MAYOD AY,MayDoyee,I/K,STOCK/FUND,IK,의심,amount-multi;type;date;notified;owner,62.9
9116206,Ro Khanna (D-CA17),11,,TRUST METT FAO LER-TOLEDO KHANNA CHILDREN INTL TE CMN,,P/S/E,06/02/2026,07/01/2026,I/K,STOCK/FUND,IK,의심,amount-multi;type;owner,85.5
9116206,Ro Khanna (D-CA17),11,,"BECTON, CMN DICKINSON AND COMPANY",,S,06/02/2026,07/01/2026,"$1,001-$15,000",STOCK/FUND,A,의심,owner,80.5
9116206,Ro Khanna (D-CA17),11,DC,ZOETIS INC. CMN CLASS A,,S,06/02/2026,07/01/2026,"$1,001-$15,000",STOCK/FUND,A,의심,name-illegible,43.4
9116206,Ro Khanna (D-CA17),11,DC,"MICRON TECHNOLOGY, INC. CMN",MU.O,S,os/o2/26|,07/01/2026,"$1,001-$15,000",STOCK/FUND,A,의심,date,82.3
9116206,Ro Khanna (D-CA17),11,DC,LENNOX INTERNATIONAL INC CMN,,S,06/02/2026,07/01/2026,"$1,001-$15,000",STOCK/FUND,A,의심,name-illegible,43.3
9116206,Ro Khanna (D-CA17),11,,ARCHER-DANIELS-MIDLAND CMN COMPANY,,S,06/02/2026,07/02/2026,"$1,001-$15,000",STOCK/FUND,A,의심,owner,67.0
9116206,Ro Khanna (D-CA17),11,,VERIZON CMN COMMUNICATIONS INC,,S,06/02/2026,07/01/2026,"$1,001-$15,000",STOCK/FUND,A,의심,owner,80.0
9116206,Ro Khanna (D-CA17),11,DC,WEST PHARMACEUTICAL SERVICES INC,,S,06/02/2026,07/01/2026,"$1,001-$15,000",STOCK/FUND,A,확인,,88.4
9116206,Ro Khanna (D-CA17),11,DC,AMERICAN EXPRESS CO. CMN,,S,06/02/2026,07/01/2026,"$1,001-$15,000",STOCK/FUND,A,확인,,78.9
9116206,Ro Khanna (D-CA17),11,,TIX COMPANIES INC (NEW) CIN,,S,06/02/2026,07/01/2026,"$1,001-$15,000",STOCK/FUND,A,의심,owner,70.1
9116206,Ro Khanna (D-CA17),11,DC,"CHIPOTLE MEXICAN GRILL, INC. CMN",,S,os/o2/26|,07/01/2026,"$1,001-$15,000",STOCK/FUND,A,의심,date,91.0
9116206,Ro Khanna (D-CA17),11,,ALLSTATE ROCK CORPORATION COMMON,,S,06/02/2026,07/01/2026,"$1,001-$15,000",STOCK/FUND,A,의심,owner,80.1
9116206,Ro Khanna (D-CA17),11,DC,"JEMCOR GROUP, INC, CIN",,S,06/02/2026,07/01/2026,"$1,001-$15,000",STOCK/FUND,A,확인,,74.5
9116206,Ro Khanna (D-CA17),11,,FIFTH THIRD BANCORP CMN,,S,06/02/2026,07/01/2026,"$1,001-$15,000",STOCK/FUND,A,의심,owner,88.8
9116206,Ro Khanna (D-CA17),11,DC,JCINCINNATI FINANCIAL CRP CMN,,S,06/02/2026,07/01/2026,"$1,001-$15,000",STOCK/FUND,A,확인,,79.5
9116206,Ro Khanna (D-CA17),11,DC,"STANLEY BLACK & DECKER, INC. CMN",,S,06/02/2026,07/01/2026,"$1,001-$15,000",STOCK/FUND,A,확인,,86.7
9116206,Ro Khanna (D-CA17),11,DC,CARVANA CO. CMN CLASS A,,S,06/02/2026,07/01/2026,"$1,001-$15,000",STOCK/FUND,A,확인,,79.3
9116206,Ro Khanna (D-CA17),11,DC,DOORDASH INC CMN CLASS A,,S,06/02/2026,07/01/2026,"$1,001-$15,000",STOCK/FUND,A,확인,,90.4
9116206,Ro Khanna (D-CA17),11,DC,STARBUCKS CORP. CMIN,,S,06/02/2026,07/01/2026,"$1,001-$15,000",STOCK/FUND,A,확인,,72.0
9116206,Ro Khanna (D-CA17),12,,"PROVIDE FUL NAME, NOT TICKER SYMBOL",,P/E,,,I/K,STOCK/FUND,IK,의심,amount-multi;type;date;notified;owner;name-illegible,52.4
9116206,Ro Khanna (D-CA17),12,DC,"TRUST {BUILDERS F8O KHANNA FIRSTSOURCE, CHILDREN INC. CMN",,P/E,06/02/2026,07/01/2026,I/K,STOCK/FUND,IK,의심,amount-multi;type,85.8
9116206,Ro Khanna (D-CA17),12,DC,"VICL PROPERTIES INC, CMN",,S,06/02/2026,07/01/2026,"$1,001-$15,000",STOCK/FUND,A,확인,,85.5
9116206,Ro Khanna (D-CA17),12,DC,"YUM BRANDS, INC. CMN",,S,06/02/2026,_a7/o1/26|-_,"$1,001-$15,000",STOCK/FUND,A,의심,notified,78.1
9116206,Ro Khanna (D-CA17),12,DC,WEYERHAEUSER COMPANY CMN,,S,06/02/2026,07/01/2026,"$1,001-$15,000",STOCK/FUND,A,확인,,77.3
9116206,Ro Khanna (D-CA17),12,DC,INSULET CORPORATION CMIN,,S,06/02/2026,_o7/ot/26},"$1,001-$15,000",STOCK/FUND,A,의심,notified,76.5
9116206,Ro Khanna (D-CA17),12,,JACK HENRY & ASSOC INC CMN,,S,as/oz/26},07/01/2026,"$1,001-$15,000",STOCK/FUND,A,의심,date;owner,63.6
9116206,Ro Khanna (D-CA17),12,,"CBRE GROUP, INC. CMN CLASS A",,S,os/o2/26|,07/01/2026,"$1,001-$15,000",STOCK/FUND,A,의심,date;owner,71.6
9116206,Ro Khanna (D-CA17),12,DC,JAVERY DENNISON CORPORATION CMN,,S,osjoz/26},07/01/2026,"$1,001-$15,000",STOCK/FUND,A,의심,date,83.1
9116206,Ro Khanna (D-CA17),12,,WATERS STOCK CORPORATION COMMON,,S,06/02/2026,07/01/2026,"$1,001-$15,000",STOCK/FUND,A,의심,owner,95.9
9116206,Ro Khanna (D-CA17),13,,"PROVIDE FULT NOME, ROT TEKER SYMBOL",,P/E,MAN/DD/YY,AUWOD/YE,I/K,STOCK/FUND,IK,의심,amount-multi;type;date;notified;owner,73.0
9116206,Ro Khanna (D-CA17),13,,ELASSA MASTERCARD DECLARATION INCORPORATED OF TRUST . CMN,MA,P/E,06/16/2026,07/01/2026,I/K,STOCK/FUND,IK,의심,amount-multi;type;owner,63.4
9116206,Ro Khanna (D-CA17),13,SP,"THE HOME DEPOT, INC. CMN",,P,06/16/2026,07/01/2026,"$15,001-$50,000",STOCK/FUND,B,확인,,87.6
9116206,Ro Khanna (D-CA17),13,SP,JAT&T INC. CMN,,P,06/16/2026,97/01/26,"$15,001-$50,000",STOCK/FUND,B,의심,notified,79.8
9116206,Ro Khanna (D-CA17),13,SP,J/SOOKING HOLDINGS INC. CMN,,P,06/16/2026,07/01/2026,"$1,001-$15,000",STOCK/FUND,A,확인,,65.9
9116206,Ro Khanna (D-CA17),13,SP,¢MN INTERCONTINENTAL EXCHANGE INC,,P,06/16/2026,07/01/2026,"$1,001-$15,000",STOCK/FUND,A,확인,,71.5
9116206,Ro Khanna (D-CA17),13,SP,ANGEN INC. CIN,,P,06/16/2026,a7far/26|,"$1,001-$15,000",STOCK/FUND,A,의심,notified;name-illegible,52.1
9116206,Ro Khanna (D-CA17),13,,"T-MOBILE US, INC. CMN",,P,06/16/2026,07/01/2026,"$1,001-$15,000",STOCK/FUND,A,의심,owner,69.9
9116206,Ro Khanna (D-CA17),13,,SP__|MARSH ORD CMN,,P,06/16/2026,07/01/2026,"$1,001-$15,000",STOCK/FUND,A,의심,owner,81.6
9116206,Ro Khanna (D-CA17),13,SP,"MERCK &CO,, INC. CMN",,P,06/16/2026,07/01/2026,"$1,001-$15,000",STOCK/FUND,A,확인,,78.9
9116206,Ro Khanna (D-CA17),13,SP,"UBER TECHNOLOGIES, INC. CMN",,P,06/16/2026,07/01/2026,"$1,001-$15,000",STOCK/FUND,A,확인,,74.8
9116206,Ro Khanna (D-CA17),13,SP,"UBER TECHNOLOGIES, INC. CIN",,P,06/30/2026,07/01/2026,"$1,001-$15,000",STOCK/FUND,A,확인,,73.2
9116206,Ro Khanna (D-CA17),13,SP,HONEYWELL INTL INC CMN,,P,06/16/2026,07/01/2026,"$1,001-$15,000",STOCK/FUND,A,확인,,80.1
9116206,Ro Khanna (D-CA17),13,SP,ICOOPER COS INC/THE CMN,,P,06/23/2026,07/01/2026,"$1,001-$15,000",STOCK/FUND,A,확인,,79.9
9116206,Ro Khanna (D-CA17),13,SP,ARTHUR J GALLAGHER & CO CMN,,P,06/16/2026,07/01/2026,"$1,001-$15,000",STOCK/FUND,A,확인,,80.6
9116206,Ro Khanna (D-CA17),13,SP,GE LON HEALTHCARE TECHNOLOGIES INC,,P,06/30/2026,07/01/2026,"$1,001-$15,000",STOCK/FUND,A,확인,,62.9
9116206,Ro Khanna (D-CA17),13,SP,STRYKER CORPORATION C©MIN,,P,06/16/2026,07/01/2026,"$1,001-$15,000",STOCK/FUND,A,확인,,65.1
9116206,Ro Khanna (D-CA17),13,SP,"COSTAR GROUP, INC, CMN",,P,06/16/2026,07/01/2026,"$1,001-$15,000",STOCK/FUND,A,확인,,71.1
9116206,Ro Khanna (D-CA17),14,,"PROVIDE {ULI . NEME, NOT TEKER SYMBOL",,P/E,Y,v,I/K,STOCK/FUND,IK,의심,amount-multi;type;date;notified;owner;name-illegible,45.4
9116206,Ro Khanna (D-CA17),14,,SALESFORCE DECLARATION INC OF CMN TRUST,CRM,P/E,06/16/2026,07/01/2026,I/K,STOCK/FUND,IK,의심,amount-multi;type;owner,89.8
9116206,Ro Khanna (D-CA17),14,SP,"CHARTER LESAN COMMUNICATIONS, INC",,P,06/16/2026,07/01/2026,"$1,001-$15,000",STOCK/FUND,A,확인,,77.3
9116206,Ro Khanna (D-CA17),14,SP,JOHNSON & JOHNSON CMIN,,P,06/16/2026,07/01/2026,"$1,001-$15,000",STOCK/FUND,A,확인,,68.3
9116206,Ro Khanna (D-CA17),14,SP,"UBER TECHNOLOGIES, INC. CMN",,P,06/15/2026,07/01/2026,"$1,001-$15,000",STOCK/FUND,A,확인,,82.2
9116206,Ro Khanna (D-CA17),14,SP,ECOLAB INC. CMN,,P,06/16/2026,07/01/2026,"$1,001-$15,000",STOCK/FUND,A,확인,,73.4
9116206,Ro Khanna (D-CA17),14,SP,DANAHER CORPORATION CMN,,P,06/16/2026,07/01/2026,"$1,001-$15,000",STOCK/FUND,A,확인,,86.0
9116206,Ro Khanna (D-CA17),14,SP,"UBER TECHNOLOGIES, INC. CMN",,P,06/22/2026,07/01/2026,"$1,001-$15,000",STOCK/FUND,A,확인,,82.2
9116206,Ro Khanna (D-CA17),14,SP,COOPER COS INC/THE CMN,,P,06/22/2026,07/01/2026,"$1,001-$15,000",STOCK/FUND,A,확인,,79.5
9116206,Ro Khanna (D-CA17),14,SP,"NETFLIX, INC. CMIN",,P,06/16/2026,07/01/2026,"$1,001-$15,000",STOCK/FUND,A,확인,,71.3
9116206,Ro Khanna (D-CA17),14,SP,S&P GLOBALINC. CMN,,P,06/16/2026,07/02/2026,"$1,001-$15,000",STOCK/FUND,A,확인,,81.5
9116206,Ro Khanna (D-CA17),14,SP,ZOETIS INC. CMN CLASS A,,P,06/16/2026,07/01/2026,"$1,001-$15,000",STOCK/FUND,A,확인,,86.6
9116206,Ro Khanna (D-CA17),14,SP,CINTAS CORPORATION CMN,,P,06/16/2026,07/01/2026,"$1,001-$15,000",STOCK/FUND,A,확인,,63.6
9116206,Ro Khanna (D-CA17),14,SP,"NRG ENERGY, INC. CMN",NRG,P,06/16/2026,07/01/2026,"$1,001-$15,000",STOCK/FUND,A,확인,,81.5
9116206,Ro Khanna (D-CA17),14,SP,ACCENTURE PLC CMN CLASS A,,P,gef16/26},07/01/2026,"$1,001-$15,000",STOCK/FUND,A,의심,date,88.4
9116206,Ro Khanna (D-CA17),14,SP,/VEEVA SYSTEMS INC CMN CLASS A,,P,06/16/2026,07/01/2026,"$1,001-$15,000",STOCK/FUND,A,확인,,79.6
9116206,Ro Khanna (D-CA17),14,SP,VISTRA CORP CMN,VST,P,06/16/2026,07/01/2026,"$1,001-$15,000",STOCK/FUND,A,확인,,78.3
9116206,Ro Khanna (D-CA17),14,SP,REPUBLIC SERVICES INC CMN,,P,06/16/2026,07/01/2026,"$1,001-$15,000",STOCK/FUND,A,확인,,88.6
9116206,Ro Khanna (D-CA17),14,SP,GENERAL MILLS INC CMN,,P,08/16/2026,07/01/2026,"$1,001-$15,000",STOCK/FUND,A,확인,,81.4
9116206,Ro Khanna (D-CA17),15,,"PROXIDE JUL EOME, NOT TITKER SYMBOL",,P/E,| Tr Portist i Vob/W,MMyoDyre,I/K,STOCK/FUND,IK,의심,amount-multi;type;date;notified;owner,63.5
9116206,Ro Khanna (D-CA17),15,,ROLLINS DECLARATION INC. REGOFF OF TRUST SCTASKO796638,,P/S/E,06/16/2026,07/01/2026,I/K,STOCK/FUND,IK,의심,amount-multi;type;owner,71.6
9116206,Ro Khanna (D-CA17),15,SP,REGENERON CMN PHARMACEUTICAL INC,,P,06/16/2026,07/01/2026,"$1,001-$15,000",STOCK/FUND,A,확인,,92.2
9116206,Ro Khanna (D-CA17),15,SP,MCCORMICK CMN CLASS N & CO NON VTG SHRS,,P,06/16/2026,07/01/2026,"$1,001-$15,000",STOCK/FUND,A,확인,,82.7
9116206,Ro Khanna (D-CA17),15,SP,THE CMN PROCTER & GAMBLE COMPANY,,P,06/16/2025,07/01/2026,"$1,001-$15,000",STOCK/FUND,A,확인,,92.6
9116206,Ro Khanna (D-CA17),15,SP,MOSAIC COMPANY (THE) CMN,,P,06/16/2026,07/01/2026,"$1,001-$15,000",STOCK/FUND,A,확인,,70.4
9116206,Ro Khanna (D-CA17),15,SP,EMERSON ELECTRIC CO. CMN,,P,06/16/2026,07/01/2026,"$1,001-$15,000",STOCK/FUND,A,확인,,80.7
9116206,Ro Khanna (D-CA17),15,SP,"BROWN & BROWN, INC. CMN",,P,06/16/2026,07/01/2026,"$1,001-$15,000",STOCK/FUND,A,확인,,86.8
9116206,Ro Khanna (D-CA17),15,SP,"TRADE DESK, INC. (THE) CMN",,P,06/16/2026,07/01/2026,"$1,001-$15,000",STOCK/FUND,A,확인,,93.5
9116206,Ro Khanna (D-CA17),15,SP,JINSULET CORPORATION CMN,,P,06/16/2026,07/01/2026,"$1,001-$15,000",STOCK/FUND,A,확인,,80.1
9116206,Ro Khanna (D-CA17),15,SP,LULULEMON ATHLETICA INC. CMN,,P,06/16/2026,07/01/2026,"$1,001-$15,000",STOCK/FUND,A,확인,,62.1
9116206,Ro Khanna (D-CA17),15,SP,VERALTO CORPORATION CMN,,P,06/16/2026,07/01/2026,"$1,001-$15,000",STOCK/FUND,A,확인,,62.3
9116206,Ro Khanna (D-CA17),15,SP,RESMED INC. CMN,,P,06/16/2026,07/01/2026,"$1,001-$15,000",STOCK/FUND,A,확인,,86.7
9116206,Ro Khanna (D-CA17),15,SP,BROADRIDGE INCMN FINANCIAL SOLUTIONS,,P,06/16/2026,07/01/2026,"$1,001-$15,000",STOCK/FUND,A,확인,,70.8
9116206,Ro Khanna (D-CA17),15,SP,"UBER TECHNOLOGIES, INC. CMN",,P,06/14/2026,07/01/2026,"$1,001-$15,000",STOCK/FUND,A,확인,,77.1
9116206,Ro Khanna (D-CA17),15,SP,NCR VOVIK CORP CMN CLASS A,,P,06/10/2026,o7/oa/26),"$1,001-$15,000",STOCK/FUND,A,의심,notified,70.0
9116206,Ro Khanna (D-CA17),15,SP,"VERISK ANALYTICS, INC. CMIN",,P,06/16/2026,07/01/2026,"$1,001-$15,000",STOCK/FUND,A,확인,,72.5
9116206,Ro Khanna (D-CA17),15,SP,CONSTELLATION ENERGY CORPCMN,CEG.O,P,| o/16/26|,o7/ox/26|,"$1,001-$15,000",STOCK/FUND,A,의심,date;notified;name-illegible,59.1
9116206,Ro Khanna (D-CA17),15,SP,"USER TECHNOLOGIES, INC. CMN",,P,06/25/2026,07/01/2026,"$1,001-$15,000",STOCK/FUND,A,확인,,78.3
9116206,Ro Khanna (D-CA17),16,,MOTOROLA DECLARATION SOLUTIONS OF TRUST INC CMN,,P/S/E,- 06/16/26],07/01/2026,I/K,STOCK/FUND,IK,의심,amount-multi;type;date;owner,88.8
9116206,Ro Khanna (D-CA17),16,SP,"/UBER TECHNOLOGIES, INC. CMN",,P,06/17/2026,07/01/2026,"$1,001-$15,000",STOCK/FUND,A,확인,,84.7
9116206,Ro Khanna (D-CA17),16,SP,COOPER COS INC/THE CMN,,P,06/25/2026,07/01/2026,"$1,001-$15,000",STOCK/FUND,A,확인,,75.1
9116206,Ro Khanna (D-CA17),16,SP,VISA INC. CMN CLASS A,V,S,06/16/2026,07/01/2026,"$15,001-$50,000",STOCK/FUND,B,확인,,70.4
9116206,Ro Khanna (D-CA17),16,SP,CME GROUP INC. CMN CLASS A,,S,06/16/2026,07/01/2026,"$15,001-$50,000",STOCK/FUND,B,확인,,88.5
9116206,Ro Khanna (D-CA17),16,SP,A COMCAST VOTING CORPORATION CMN CLASS,,S,06/16/2026,07/01/2026,"$15,001-$50,000",STOCK/FUND,B,확인,,90.7
9116206,Ro Khanna (D-CA17),16,SP,CMN CHARLES SCHWAB CORPORATION,,S,06/16/2026,07/01/2026,"$15,001-$50,000",STOCK/FUND,B,확인,,94.5
9116206,Ro Khanna (D-CA17),16,SP,GILEAD SCIENCES CMN,,S,06/16/2026,07/01/2026,"$15,001-$50,000",STOCK/FUND,B,확인,,81.2
9116206,Ro Khanna (D-CA17),16,SP,"TENABLE HOLDINGS, INC CMN",,S,06/30/2026,07/01/2026,"$15,001-$50,000",STOCK/FUND,B,확인,,83.0
9116206,Ro Khanna (D-CA17),16,SP,BRISTOL-MYERS CU SQUIBB COMPANY,,S,06/16/2026,07/01/2026,"$1,001-$15,000",STOCK/FUND,A,확인,,79.7
9116206,Ro Khanna (D-CA17),16,SP,JOWENS CORNING CMN,GLW,S,06/24/2026,07/01/2026,"$1,001-$15,000",STOCK/FUND,A,확인,,87.1
9116206,Ro Khanna (D-CA17),16,SP,"INTUITIVE SURGICAL, INC. CMN",,S,06/16/2026,97/02/26,"$1,001-$15,000",STOCK/FUND,A,의심,notified,81.9
9116206,Ro Khanna (D-CA17),16,SP,STOCK BOSTON SCIENTIFIC CORP. COMMON,,S,06/26/2026,07/01/2026,"$1,001-$15,000",STOCK/FUND,A,확인,,85.2
9116206,Ro Khanna (D-CA17),16,SP,INTURT INC CMN,,S,,06/16/26|_07/01/26|__,"$1,001-$15,000",STOCK/FUND,A,의심,date;notified;name-illegible,57.7
9116206,Ro Khanna (D-CA17),16,SP,"NEXTERA ENERGY, INC. CMN",,S,os/se/26|,or/oxjzel,"$1,001-$15,000",STOCK/FUND,A,의심,date;notified,89.7
9116206,Ro Khanna (D-CA17),16,SP,PRIZER INC. CMIN,,S,06/16/2026,07/01/2026,"$1,001-$15,000",STOCK/FUND,A,확인,,72.6
9116206,Ro Khanna (D-CA17),16,SP,WALMART INC CMN,,S,o6/ss/26!,07/02/2026,"$1,001-$15,000",STOCK/FUND,A,의심,date;name-illegible,35.7
9116206,Ro Khanna (D-CA17),16,SP,TESLA INC CMIN,TSLA.O,S,06/16/2026,07/01/2026,"$1,001-$15,000",STOCK/FUND,A,의심,name-illegible,47.8
9116206,Ro Khanna (D-CA17),17,,AIR DECLARATION PRODUCTS OF & CHEMICALS TRUST INC CMIN,,P/S/E,,06/16/2026,A/J/K,STOCK/FUND,AJK,의심,amount-multi;type;date;owner,86.8
9116206,Ro Khanna (D-CA17),17,,ADOBE INC CMN,,S,x,06/16/2026,"$1,001-$15,000",STOCK/FUND,A,의심,date;owner,69.4
9116206,Ro Khanna (D-CA17),17,SP,LIONSGATE STUDIOS CORP CMN,,S,|x,06/22/2026,"$1,001-$15,000",STOCK/FUND,A,의심,date,86.6
9116206,Ro Khanna (D-CA17),17,SP,"PAYPAL HOLDINGS, INC. CMN",,S,,06/16/2026,"$1,001-$15,000",STOCK/FUND,A,의심,date,81.0
9116206,Ro Khanna (D-CA17),17,SP,WELLS FARGO & COMPANY CMN,,S,x,06/16/2026,"$1,001-$15,000",STOCK/FUND,A,의심,date,61.2
9116206,Ro Khanna (D-CA17),17,SP,INTEL CORPORATION CMN,INTC.O,S,x,06/18/2026,"$1,001-$15,000",STOCK/FUND,A,의심,date,81.1
9116206,Ro Khanna (D-CA17),17,SP,BANK OF AMERICA CORP CMN,,S,x,06/17/2026,"$1,001-$15,000",STOCK/FUND,A,의심,date,89.1
9116206,Ro Khanna (D-CA17),17,SP,SALESFORCE INC CMN,CRM,S,x,06/19/2026,"$1,001-$15,000",STOCK/FUND,A,의심,date,85.7
9116206,Ro Khanna (D-CA17),17,SP,"O'REILLY AUTOMOTIVE, INC. CMIN",,S,x,06/16/2026,"$1,001-$15,000",STOCK/FUND,A,의심,date,70.5
9116206,Ro Khanna (D-CA17),17,SP,PENN ENTERTAINMENT INC CMN,,S,x,06/15/2026,"$1,001-$15,000",STOCK/FUND,A,의심,date,69.8
9116206,Ro Khanna (D-CA17),17,SP,"FISERV, INC. CMN",,S,,06/16/2026,"$1,001-$15,000",STOCK/FUND,A,의심,date;name-illegible,59.2
9116206,Ro Khanna (D-CA17),17,SP,PENN ENTERTAINMENT INC CMN,,S,x,06/17/2026,"$1,001-$15,000",STOCK/FUND,A,의심,date,72.8
9116206,Ro Khanna (D-CA17),17,SP,PENN ENTERTAINMENT INC CMN,,S,x,06/22/2026,"$1,001-$15,000",STOCK/FUND,A,의심,date,75.9
9116206,Ro Khanna (D-CA17),17,SP,DOW INC CMN,,S,,06/16/2026,"$1,001-$15,000",STOCK/FUND,A,의심,date;name-illegible,22.6
9116206,Ro Khanna (D-CA17),17,SP,PINTEREST INC CMN CLASS A,,S,x,a6f15/26|,"$1,001-$15,000",STOCK/FUND,A,의심,date;notified,91.1
9116206,Ro Khanna (D-CA17),17,SP,PENN ENTERTAINMENT INC CMN,,S,x,06/25/2026,"$1,001-$15,000",STOCK/FUND,A,의심,date,80.8
9116206,Ro Khanna (D-CA17),17,SP,LIONSGATE STUDIOS CORP CMN,,S,x,06/15/2026,"$1,001-$15,000",STOCK/FUND,A,의심,date,87.8
9116206,Ro Khanna (D-CA17),17,SP,HARTFORD CMN INSURANCE GROUP INC/T,,S,,06/16/2026,"$1,001-$15,000",STOCK/FUND,A,의심,date,91.7
9116206,Ro Khanna (D-CA17),18,,JPINTEREST DECLARATION INC OF CMIN TRUST CLASS A,,P/S/E,06/16/2026,07/01/2026,I/K,STOCK/FUND,IK,의심,amount-multi;type;owner,83.2
9116206,Ro Khanna (D-CA17),18,SP,"TENABLE HOLDINGS, ‘ INC CMN",,S,06/02/2026,07/01/2026,"$1,001-$15,000",STOCK/FUND,A,확인,,67.3
9116206,Ro Khanna (D-CA17),18,SP,/PENN ENTERTAINMENT INC CMN,,S,06/01/2026,07/01/2026,"$1,001-$15,000",STOCK/FUND,A,의심,name-illegible,55.7
9116206,Ro Khanna (D-CA17),18,SP,STARBUCKS . CORP. CMN,,S,06/16/2026,07/01/2026,"$1,001-$15,000",STOCK/FUND,A,확인,,62.2
9116206,Ro Khanna (D-CA17),18,SP,WALT DISNEY COMPANY T (THE) CMN,,S,06/16/2026,07/01/2026,"$1,001-$15,000",STOCK/FUND,A,확인,,69.3
9116206,Ro Khanna (D-CA17),18,SP,"PEPSICO, INC. CIN",,S,06/16/2026,07/01/2026,"$1,001-$15,000",STOCK/FUND,A,의심,name-illegible,43.0
9116206,Ro Khanna (D-CA17),18,SP,LIONSGATE STUDIOS CORP CMN,,S,06/16/2026,07/01/2026,"$1,001-$15,000",STOCK/FUND,A,확인,,85.1
9116206,Ro Khanna (D-CA17),18,SP,A ZEBRA TECHNOLOGIES INC CMN CLASS,,S,06/16/2026,07/01/2026,"$1,001-$15,000",STOCK/FUND,A,확인,,94.3
9116206,Ro Khanna (D-CA17),18,,LIONSGATE STUDIOS CORP CMN,,S,06/25/2026,07/01/2026,"$1,001-$15,000",STOCK/FUND,A,의심,owner,82.8
9116206,Ro Khanna (D-CA17),18,SP,"COPART, INC. CMN",,S,06/16/2026,07/01/2026,"$1,001-$15,000",STOCK/FUND,A,확인,,62.0
9116206,Ro Khanna (D-CA17),18,SP,WARNER CLASS A BROS DISCOVERY INC CIMIN,,S,06/16/2026,07/01/2026,"$1,001-$15,000",STOCK/FUND,A,확인,,81.9
9116206,Ro Khanna (D-CA17),19,,FULL ASSAT NAME,,P/S,Data of Transaction},— jate Trensection Hottied a,G/H,STOCK/FUND,GH,의심,amount-multi;type;date;notified;owner,66.3
9116206,Ro Khanna (D-CA17),19,,"PROVIDE FUL NOME, NOT TICKER RYMABOH",,P/S/E,Transaction Pastict AIAYDO/YY,muAfoosY,I/K,STOCK/FUND,IK,의심,amount-multi;type;date;notified;owner,69.2
9116206,Ro Khanna (D-CA17),19,,UBS 1994 AG TRUST LINKED TO BASKET OF INDICES *,,P/S/E,06/24/2026,07/01/2026,I/K,STOCK/FUND,IK,의심,amount-multi;type;owner,84.1
9116206,Ro Khanna (D-CA17),19,SP,"THE HOME EPOT, DEPOT, | INC. CMN",,P,06/30/2026,07/01/2026,"$15,001-$50,000",STOCK/FUND,B,확인,,75.0
9116206,Ro Khanna (D-CA17),19,,MASTERCARD CLASS A INCORPORATEO CMN,MA,P,06/30/2026,07/01/2026,"$15,001-$50,000",STOCK/FUND,B,의심,owner,82.4
9116206,Ro Khanna (D-CA17),19,SP,SALESFI ESFORCE INC CMIN,,P,06/30/2026,07/01/2026,"$15,001-$50,000",STOCK/FUND,B,의심,name-illegible,57.5
9116206,Ro Khanna (D-CA17),19,SP,MCCONALDS CORP CMN,,P,06/30/2026,07/01/2026,"$15,001-$50,000",STOCK/FUND,B,확인,,80.8
9116206,Ro Khanna (D-CA17),19,SP,CHARLES SCHWAB CORPORATION CMN,,P,06/30/2026,07/01/2026,"$15,001-$50,000",STOCK/FUND,B,확인,,83.5
9116206,Ro Khanna (D-CA17),19,SP,BOOKING HOLDINGS INC. CMN,,P,06/30/2026,07/01/2026,"$15,001-$50,000",STOCK/FUND,B,확인,,68.1
9116206,Ro Khanna (D-CA17),19,SP,VOTING |COMCAST CORPORATION CMN CLASS A,,P,06/30/2026,07/01/2026,"$15,001-$50,000",STOCK/FUND,B,확인,,85.9
9116206,Ro Khanna (D-CA17),19,SP,"/UBER TECHNOLOGIES, , INC. CMN",,P,05/30/2026,07/01/2026,"$15,001-$50,000",STOCK/FUND,B,확인,,77.6
9116206,Ro Khanna (D-CA17),19,SP,"INTUITIVE SURGICAL, 4 INC. CMIN",,P,06/30/2026,07/01/2026,"$15,001-$50,000",STOCK/FUND,B,의심,name-illegible,59.5
9116206,Ro Khanna (D-CA17),19,SP,INTUITIN NTUITING CMN,,P,06/30/2026,07/01/2026,"$15,001-$50,000",STOCK/FUND,B,의심,name-illegible,53.0
9116206,Ro Khanna (D-CA17),19,SP,CMN INTERCONTINENTAL EXCHANGE INC,,P,06/30/2026,07/02/2026,"$1,001-$15,000",STOCK/FUND,A,확인,,79.3
9116206,Ro Khanna (D-CA17),19,SP,CIT IGROUP INC. CMN,,P,06/30/2026,07/01/2026,"$1,001-$15,000",STOCK/FUND,A,확인,,70.9
9116206,Ro Khanna (D-CA17),19,SP,"ARISTA ETW' NETWORKS, I C. CMN",ANET.K,P,06/30/2026,07/01/2026,"$1,001-$15,000",STOCK/FUND,A,확인,,67.1
9116206,Ro Khanna (D-CA17),19,SP,CORNING INCORPORATED CMN,GLW,P,06/30/2026,07/01/2026,"$1,001-$15,000",STOCK/FUND,A,확인,,76.8
9116206,Ro Khanna (D-CA17),19,SP,CADENCE DESIGN SYSTEMS INC CMN,,P,06/30/2026,07/01/2026,"$1,001-$15,000",STOCK/FUND,A,확인,,87.1
9116206,Ro Khanna (D-CA17),20,,"PROVIDE FOL NOME, NOT ICTER TYMDOL",,P/E,eanyporre,MaBY/DO/VY,I/K,STOCK/FUND,IK,의심,amount-multi;type;date;notified;owner,71.8
9116206,Ro Khanna (D-CA17),20,,ABBOTT 1994 TRUST LABORATORIES CMN,,P/E,06/30/2026,07/01/2026,I/K,STOCK/FUND,IK,의심,amount-multi;type;owner,92.5
9116206,Ro Khanna (D-CA17),20,SP,PROLO GIS INC . CMN,,P,06/30/2026,07/01/2026,"$1,001-$15,000",STOCK/FUND,A,확인,,75.2
9116206,Ro Khanna (D-CA17),20,SP,LOWES COMPANIES INC CMN,,P,06/30/2026,07/01/2026,"$1,001-$15,000",STOCK/FUND,A,확인,,86.1
9116206,Ro Khanna (D-CA17),20,SP,PALANTIR TECHNOLOGIES INC. CMIN,PLTR.O,P,06/30/2026,07/01/2026,"$1,001-$15,000",STOCK/FUND,A,확인,,69.0
9116206,Ro Khanna (D-CA17),20,SP,"MARVELL TECHNOLOGY, INC. CMN",MRVL.O,P,06/30/2026,07/01/2026,"$1,001-$15,000",STOCK/FUND,A,확인,,82.5
9116206,Ro Khanna (D-CA17),20,SP,LAM ESEARCH CORPORATION CMN,,P,05/30/2026,07/01/2026,"$1,001-$15,000",STOCK/FUND,A,확인,,74.4
9116206,Ro Khanna (D-CA17),20,SP,S&P P G GLOBAL INC. CMN,,P,06/30/2026,07/01/2026,"$1,001-$15,000",STOCK/FUND,A,확인,,67.5
9116206,Ro Khanna (D-CA17),20,SP,/THERMO FISHER SCIENTIFIC INC CMN,,P,06/30/2026,07/01/2026,"$1,001-$15,000",STOCK/FUND,A,확인,,82.9
9116206,Ro Khanna (D-CA17),20,SP,COCA -COLA COMPANY (THE) E) CMN,,P,06/30/2026,07/01/2026,"$1,001-$15,000",STOCK/FUND,A,확인,,88.4
9116206,Ro Khanna (D-CA17),20,,STOCK BOSTON SCIENTIFIC CORP. COMMON,,P,06/30/2026,07/01/2026,"$1,001-$15,000",STOCK/FUND,A,의심,owner,96.1
9116206,Ro Khanna (D-CA17),20,SP,"DIGITAL REALTY TRUST, ’ INC. CMN",,P,05/30/2026,07/01/2026,"$1,001-$15,000",STOCK/FUND,A,의심,name-illegible,55.7
9116206,Ro Khanna (D-CA17),20,SP,TRIMBLE R INC CMN,,P,06/30/2026,07/01/2026,"$1,001-$15,000",STOCK/FUND,A,확인,,84.2
9116206,Ro Khanna (D-CA17),20,SP,"ROBINHOOD MARKETS, INC. CMN",HOOD.O,P,06/30/2026,07/01/2026,"$1,001-$15,000",STOCK/FUND,A,확인,,87.7
9116206,Ro Khanna (D-CA17),20,SP,"CORE GROUP, ROUP, INC.CMN CLASSA",,P,06/30/2026,07/01/2026,"$1,001-$15,000",STOCK/FUND,A,확인,,91.2
9116206,Ro Khanna (D-CA17),20,SP,NEWMONT CORP CMN,,P,06/30/2026,07/01/2026,A/K,STOCK/FUND,AK,의심,amount-multi,60.3
9116206,Ro Khanna (D-CA17),20,SP,CIENA CORPORATION CMN,CIEN.K,P,06/30/2026,07/01/2026,A/K,STOCK/FUND,AK,의심,amount-multi,90.7
9116206,Ro Khanna (D-CA17),21,,"PRAVIDE FUL NAME, NOT TICKER SYRABOL",,P/E,PARODY .,mLyoDs/ry,I/K,STOCK/FUND,IK,의심,amount-multi;type;date;notified;owner;name-illegible,50.2
9116206,Ro Khanna (D-CA17),21,,"SP__|SYNOPSYS, AHUJA 1994 TRUST INC. CMN",,P/E,06/30/2026,07/01/2026,I/K,STOCK/FUND,IK,의심,amount-multi;type;owner,87.5
9116206,Ro Khanna (D-CA17),21,SP,NTL BUSINESS MACHINES CORP CMIN,,P,06/30/2026,07/01/2026,"$1,001-$15,000",STOCK/FUND,A,의심,name-illegible,53.6
9116206,Ro Khanna (D-CA17),21,SP,ZOETIS INC. CMIN CLASS A,,P,06/30/2026,07/01/2026,"$1,001-$15,000",STOCK/FUND,A,확인,,67.6
9116206,Ro Khanna (D-CA17),21,SP,COHERENT CORP CMN,COHR.K,P,06/30/2026,07/01/2026,"$1,001-$15,000",STOCK/FUND,A,확인,,81.8
9116206,Ro Khanna (D-CA17),21,SP,JABILINC CMN,,P,06/30/2026,07/01/2026,"$1,001-$15,000",STOCK/FUND,A,의심,name-illegible,59.3
9116206,Ro Khanna (D-CA17),21,SP,"RAYMOND SAMES FINANCIAL, INC. CMIN",,P,06/30/2026,07/01/2026,"$1,001-$15,000",STOCK/FUND,A,의심,name-illegible,53.9
9116206,Ro Khanna (D-CA17),21,SP,ACCENTURE PLC CMN CLASS A,,P,06/30/2026,07/01/2026,"$1,001-$15,000",STOCK/FUND,A,확인,,72.9
9116206,Ro Khanna (D-CA17),21,SP,EXTRA SPACE STORAGE INC. CMN,,P,06/30/2026,07/01/2026,"$1,001-$15,000",STOCK/FUND,A,확인,,87.1
9116206,Ro Khanna (D-CA17),21,SP,AMGEN INC. CMN,,P,06/30/2026,07/01/2026,"$1,001-$15,000",STOCK/FUND,A,확인,,73.3
9116206,Ro Khanna (D-CA17),21,SP,"CHARTER COMMUNICATIONS, INC. CMIN",,P,06/30/2026,07/01/2026,"$1,001-$15,000",STOCK/FUND,A,확인,,64.0
9116206,Ro Khanna (D-CA17),21,SP,GE CMN HEALTHCARE TECHNOLOGIES INC,,P,06/30/2026,07/01/2026,"$1,001-$15,000",STOCK/FUND,A,확인,,77.9
9116206,Ro Khanna (D-CA17),21,SP,NEWS CORPORATION CMN CLASS A,,P,06/30/2026,07/01/2026,"$1,001-$15,000",STOCK/FUND,A,확인,,86.0
9116206,Ro Khanna (D-CA17),21,SP,"MODERNA, INC. CMN",MRNA.O,P,06/30/2026,07/01/2026,"$1,001-$15,000",STOCK/FUND,A,확인,,77.5
9116206,Ro Khanna (D-CA17),21,SP,"ADVANCED MICRO DEVICES, INC. CMN",AMD.O,P,06/30/2026,07/01/2026,"$1,001-$15,000",STOCK/FUND,A,확인,,86.9
9116206,Ro Khanna (D-CA17),21,SP,LAS VEGAS SANDS CORP. CMN,,P,06/30/2026,07/01/2026,"$1,001-$15,000",STOCK/FUND,A,확인,,85.8
9116206,Ro Khanna (D-CA17),21,SP,TRACTOR SUPPLY COMPANY CMN,,P,06/30/2026,07/01/2026,"$1,001-$15,000",STOCK/FUND,A,확인,,89.4
9116206,Ro Khanna (D-CA17),22,,FULL ASCET MAME,,S,Date cfTransaction|,— Bate Trantaction hauled of,G/H,STOCK/FUND,GH,의심,amount-multi;date;notified;owner,60.7
9116206,Ro Khanna (D-CA17),22,,"PROVIDE SE FULL NOME, NOT TICKER SYMBOL",,S/E,MYU/OOAY,MM/DD/YY,I/K,STOCK/FUND,IK,의심,amount-multi;type;date;notified;owner;name-illegible,56.7
9116206,Ro Khanna (D-CA17),22,,REALTY 1994 INCOME TRUST CORPORATION CMN,,S/E,06/30/2026,07/01/2026,I/K,STOCK/FUND,IK,의심,amount-multi;type;owner,92.9
9116206,Ro Khanna (D-CA17),22,SP,JARTHUR J GALLAGHER & CO CMN,,S/E,06/30/2026,07/01/2026,"$1,001-$15,000",STOCK/FUND,A,의심,type,85.5
9116206,Ro Khanna (D-CA17),22,,"PAYPAL HOLDINGS, INC. CMN",,S/E,06/30/2026,07/01/2026,"$1,001-$15,000",STOCK/FUND,A,의심,type;owner,93.9
9116206,Ro Khanna (D-CA17),22,SP,BALL CORPORATION : CMN,,S/E,06/30/2026,07/01/2026,"$1,001-$15,000",STOCK/FUND,A,의심,type,70.2
9116206,Ro Khanna (D-CA17),22,SP,ROPER TECHNOLOGIES INC CMN,,S/E,06/30/2026,07/01/2026,"$1,001-$15,000",STOCK/FUND,A,의심,type,76.6
9116206,Ro Khanna (D-CA17),22,,REVVITY INC CMIN,,S/E,05/30/2026,07/01/2026,"$1,001-$15,000",STOCK/FUND,A,의심,type;owner,77.8
9116206,Ro Khanna (D-CA17),22,SP,CARVANA CO. CMN CLASS A,,S/E,06/30/2026,07/01/2026,"$1,001-$15,000",STOCK/FUND,A,의심,type,84.8
9116206,Ro Khanna (D-CA17),22,SP,AVERY DENNISON CORPORATION CMN,,S/E,06/30/2026,07/01/2026,"$1,001-$15,000",STOCK/FUND,A,의심,type,89.9
9116206,Ro Khanna (D-CA17),22,SP,STRYKER CORPORATION CMN,,S/E,06/30/2026,07/01/2026,"$1,001-$15,000",STOCK/FUND,A,의심,type;name-illegible,58.3
9116206,Ro Khanna (D-CA17),22,,FEDEX CORP ORPORATI ON CMN,,S/E,06/30/2026,07/01/2026,"$1,001-$15,000",STOCK/FUND,A,의심,type;owner,86.9
9116206,Ro Khanna (D-CA17),22,SP,ISHARES MS ' CHAU STRALIA ETF,,S/E,06/12/2026,07/01/2026,"$1,001-$15,000",STOCK/FUND,A,의심,type,63.0
9116206,Ro Khanna (D-CA17),22,SP,INTEL CORPORATION CMN,INTC.O,S/E,06/30/2026,07/01/2026,"$1,001-$15,000",STOCK/FUND,A,의심,type,67.2
9116206,Ro Khanna (D-CA17),22,SP,APPLOVIN CORPORATION . CMN CLASSA,,S/E,05/30/2026,07/01/2026,"$1,001-$15,000",STOCK/FUND,A,의심,type,75.5
9116206,Ro Khanna (D-CA17),22,SP,COMPASS CMN GROUP PLC SPONSORED ADR,,S/E,06/12/2026,07/01/2026,"$1,001-$15,000",STOCK/FUND,A,의심,type,92.3
9116206,Ro Khanna (D-CA17),22,SP,JASML HOLDING N.V. ADR CMN,,S/E,06/12/2026,07/01/2026,"$1,001-$15,000",STOCK/FUND,A,의심,type,74.8
9116206,Ro Khanna (D-CA17),23,,FULL ASSATHAME,,P/S/E,Oats of Transaction,Gate Transaction toiled ot,G/H,STOCK/FUND,GH,의심,amount-multi;type;date;notified;owner;name-illegible,50.6
9116206,Ro Khanna (D-CA17),23,,"PROVIDE FUL NOME, NOT TICKER SYMBOL",,P/E,| nnyoopy |,au/D0/rt,I/K,STOCK/FUND,IK,의심,amount-multi;type;date;notified;owner,75.8
9116206,Ro Khanna (D-CA17),23,,CALL/UBS 06/12/2026 4994 TRUST FLEX EURO PM @ 47 EXP,,P/E,06/12/2026,07/01/2026,I/K,OPTION,IK,의심,amount-multi;type;owner,89.6
9116206,Ro Khanna (D-CA17),23,SP,"PUT, DSP © 710 710 EXP 08/33/ 2026",,S,-|_06/18/26] ;,07/01/2026,"$1,001-$15,000",OPTION,A,의심,date,81.5
9116206,Ro Khanna (D-CA17),23,,PUT/XSP D ID 705 EXP 08/14/2026 AA,,S,06/25/2026,07/01/2026,"$1,001-$15,000",OPTION,A,의심,owner;name-illegible,59.6
9116206,Ro Khanna (D-CA17),23,SP,PUT/XSP I @ 715 EXP 08/07/2026 4,,S,06/04/2026,07/01/2026,"$1,001-$15,000",OPTION,A,확인,,74.4
9116206,Ro Khanna (D-CA17),23,SP,MICROSOFT CORPORATION CMN,MSFT.O,S,06/30/2026,07/01/2026,"$15,001-$50,000",STOCK/FUND,B,확인,,61.9
9116206,Ro Khanna (D-CA17),23,SP,AT&T INC. CMIN,,S,06/30/2026,07/01/2026,"$15,001-$50,000",STOCK/FUND,B,의심,name-illegible,54.9
9116206,Ro Khanna (D-CA17),23,SP,"PEPSICO, INC. CMN",,S,06/30/2026,07/01/2026,"$15,001-$50,000",STOCK/FUND,B,확인,,69.4
9116206,Ro Khanna (D-CA17),23,SP,KKR & CO. INC. CMN,,S,05/30/2026,07/01/2026,"$15,001-$50,000",STOCK/FUND,B,확인,,71.4
9116206,Ro Khanna (D-CA17),23,SP,ORACLE CORPORATION CMN,ORCL.K,S,06/30/2026,07/01/2026,"$15,001-$50,000",STOCK/FUND,B,확인,,80.3
9116206,Ro Khanna (D-CA17),23,SP,"MICRON TECHNOLOGY, _” INC. CMN",MU.O,S,06/30/2026,07/01/2026,"$15,001-$50,000",STOCK/FUND,B,확인,,69.4
9116206,Ro Khanna (D-CA17),23,SP,AMERICAN TOWER CORPORATION CMN,,S,06/30/2026,07/01/2026,"$15,001-$50,000",STOCK/FUND,B,확인,,84.3
9116206,Ro Khanna (D-CA17),23,SP,TJX COMPANIES INC (NEW) (NEW) CMN,,S,06/30/2026,07/01/2026,"$15,001-$50,000",STOCK/FUND,B,확인,,83.6
9116206,Ro Khanna (D-CA17),23,SP,CROWN CASTLE INTL CORP CMN,,S,06/30/2026,07/01/2026,"$1,001-$15,000",STOCK/FUND,A,확인,,62.8
9116206,Ro Khanna (D-CA17),23,SP,IDEXX LABORATORIES CMN,,S,06/30/2026,07/01/2026,"$1,001-$15,000",STOCK/FUND,A,확인,,81.2
9116206,Ro Khanna (D-CA17),23,SP,"CISCO SYSTEMS, M INC. CMN",CSCO.O,S,06/30/2026,07/01/2026,"$1,001-$15,000",STOCK/FUND,A,확인,,88.2
9116206,Ro Khanna (D-CA17),23,SP,TRUIST FINANCIAL CORPORATION CMN,,S,06/30/2026,07/01/2026,"$1,001-$15,000",STOCK/FUND,A,확인,,73.0
9116206,Ro Khanna (D-CA17),24,,FULL ASSER TOME,,P/S/E,Date ct Transaction},= Dete Transection nated of,G/H,STOCK/FUND,GH,의심,amount-multi;type;date;notified;owner;name-illegible,24.4
9116206,Ro Khanna (D-CA17),24,,AHUJA {MOODY'S 1994 TRUST CORPORATION CMN,,P/E,06/30/2026,07/01/2026,I/K,STOCK/FUND,IK,의심,amount-multi;type;owner,82.8
9116206,Ro Khanna (D-CA17),24,SP,CME GROUP INC. CMN CLASS A,,S,06/30/2026,07/01/2026,"$1,001-$15,000",STOCK/FUND,A,확인,,85.9
9116206,Ro Khanna (D-CA17),24,SP,RESMEO ‘ INC. CMIN,,S,06/30/2026,07/01/2026,"$1,001-$15,000",STOCK/FUND,A,확인,,64.6
9116206,Ro Khanna (D-CA17),24,SP,WALT DISNEY COMPANY (THE) CMN,,S,06/30/2026,07/01/2026,"$1,001-$15,000",STOCK/FUND,A,확인,,93.2
9116206,Ro Khanna (D-CA17),24,SP,COGNIZANT CORP CLASS A TECHNOLOGY SOLUTIONS,,S,06/30/2026,07/01/2026,"$1,001-$15,000",STOCK/FUND,A,확인,,91.3
9116206,Ro Khanna (D-CA17),24,SP,"NETFLIX, INC. CMN",,S,06/30/2026,07/01/2026,"$1,001-$15,000",STOCK/FUND,A,의심,name-illegible,46.0
9116206,Ro Khanna (D-CA17),24,SP,BIO-TECHNE CORPORATION CMN,,S,05/30/2026,07/01/2026,"$1,001-$15,000",STOCK/FUND,A,확인,,75.3
9116206,Ro Khanna (D-CA17),24,SP,IQVIA HOLDINGS INC CMIN,,S,06/30/2026,07/01/2026,"$1,001-$15,000",STOCK/FUND,A,확인,,77.5
9116206,Ro Khanna (D-CA17),24,SP,"T-MOBILE US, INC. CMN",,S,06/30/2026,07/01/2026,"$1,001-$15,000",STOCK/FUND,A,확인,,71.7
9116206,Ro Khanna (D-CA17),24,SP,LABCORP HOLDINGS INC CMN,,S,06/30/2026,07/01/2026,"$1,001-$15,000",STOCK/FUND,A,확인,,83.7
9116206,Ro Khanna (D-CA17),24,SP,JSERVICENOW INC CMN,NOW,S,05/30/2026,07/01/2026,"$1,001-$15,000",STOCK/FUND,A,확인,,76.9
9116206,Ro Khanna (D-CA17),24,SP,PREEPORT-MCMORAN INC CMN,,S,06/30/2026,07/01/2026,"$1,001-$15,000",STOCK/FUND,A,확인,,78.4
9116206,Ro Khanna (D-CA17),24,SP,ICINTAS CORPORATION CMN,,S,06/30/2026,07/01/2026,"$1,001-$15,000",STOCK/FUND,A,확인,,83.6
9116206,Ro Khanna (D-CA17),24,SP,ULTA BEAUTY INC CMN,,S,06/30/2026,07/01/2026,"$1,001-$15,000",STOCK/FUND,A,확인,,86.8
9116206,Ro Khanna (D-CA17),24,SP,VERTIV HOLDINGS LLC CMN CLASS A,VRT,S,06/30/2026,07/01/2026,"$1,001-$15,000",STOCK/FUND,A,확인,,85.1
9116206,Ro Khanna (D-CA17),24,SP,"JAGILENT TECHNOLOGIES, INC. CMIN",,S,06/30/2026,07/01/2026,"$1,001-$15,000",STOCK/FUND,A,확인,,81.7
9116206,Ro Khanna (D-CA17),25,,FULL AUET HAMA,,P/S/E,Dave of Teensaction|,Bate — Transectiag Nelted of,G/H,STOCK/FUND,GH,의심,amount-multi;type;date;notified;owner,79.1
9116206,Ro Khanna (D-CA17),25,,"PRAVIGE FUL NOME, MOT TICKER SYRMABOT",,P/E,,,I/K,STOCK/FUND,IK,의심,amount-multi;type;date;notified;owner;name-illegible,56.8
9116206,Ro Khanna (D-CA17),25,SP,VERIZON COMMUNICATIONS INC. CMN,,P/E,06/30/2026,07/01/2026,I/K,STOCK/FUND,IK,의심,amount-multi;type,80.3
9116206,Ro Khanna (D-CA17),25,SP,FORD MOTOR COMPANY CMN,,S,06/30/2026,07/01/2026,"$1,001-$15,000",STOCK/FUND,A,확인,,85.6
9116206,Ro Khanna (D-CA17),25,SP,"CHIPOTLE MEXICAN GRILL, INC. CMN",,S,06/30/2026,07/01/2026,"$1,001-$15,000",STOCK/FUND,A,확인,,82.1
9116206,Ro Khanna (D-CA17),25,SP,NORFOLK CMN SOUTHERN CORPORATION,,S,06/30/2026,07/01/2026,"$1,001-$15,000",STOCK/FUND,A,확인,,79.8
9116206,Ro Khanna (D-CA17),25,,"AMERIPRISE FINANCIAL, INC, CMIN",,S,06/30/2026,07/01/2026,"$1,001-$15,000",STOCK/FUND,A,의심,owner,77.6
9116206,Ro Khanna (D-CA17),25,,TEXAS INSTRUMENTS INC. CMIN,,S,06/30/2026,07/01/2026,"$1,001-$15,000",STOCK/FUND,A,의심,owner,82.6
9116206,Ro Khanna (D-CA17),25,SP,"AUTODESK, INC. CMIN",,S,06/30/2026,07/01/2026,"$1,001-$15,000",STOCK/FUND,A,확인,,75.3
9116206,Ro Khanna (D-CA17),25,SP,OTIS WORLOWIDE ‘ CORPORATION CMN,,S,06/30/2026,07/01/2026,"$1,001-$15,000",STOCK/FUND,A,확인,,66.2
9116206,Ro Khanna (D-CA17),25,SP,ADOBE INC CMN,,S,06/30/2026,07/01/2026,"$1,001-$15,000",STOCK/FUND,A,확인,,64.8
9116206,Ro Khanna (D-CA17),25,SP,ROLLINS INC. REGOFF SCTASKO796638,,S,06/30/2026,07/01/2026,"$1,001-$15,000",STOCK/FUND,A,확인,,87.1
9116206,Ro Khanna (D-CA17),25,SP,LUMENTUM HOLDINGS INC. CMN,LITE.O,S,06/30/2026,07/01/2026,"$1,001-$15,000",STOCK/FUND,A,확인,,81.5
9116206,Ro Khanna (D-CA17),25,SP,"COPART, INC. CMN",,S,06/30/2026,07/01/2026,"$1,001-$15,000",STOCK/FUND,A,확인,,76.1
9116206,Ro Khanna (D-CA17),25,SP,"DARDEN RESTAURANTS, INC. CMN",,S,06/30/2026,07/01/2026,"$1,001-$15,000",STOCK/FUND,A,확인,,76.5
9116206,Ro Khanna (D-CA17),25,SP,"DEXCOM, INC. CMIN",,S,06/30/2026,07/01/2026,"$1,001-$15,000",STOCK/FUND,A,확인,,77.8
9116206,Ro Khanna (D-CA17),25,SP,"AMERICAN INTL GROUP, INC. CMN",,S,06/30/2026,07/01/2026,"$1,001-$15,000",STOCK/FUND,A,확인,,81.7
9116206,Ro Khanna (D-CA17),25,SP,CMN HARTFORD INSURANCE GROUP INC/T,,S,06/30/2026,07/01/2026,"$1,001-$15,000",STOCK/FUND,A,확인,,84.6
9116206,Ro Khanna (D-CA17),26,,FULL ACAT MARE,,P/S/E,Oatect Transaction,Bate Trantaction totlved ot,G/H,STOCK/FUND,GH,의심,amount-multi;type;date;notified;owner;name-illegible,53.5
9116206,Ro Khanna (D-CA17),26,,HILTON CMN 1994 TRUST WORLDWIDE HOLDINGS INC,,P/E,06/30/2026,07/01/2026,I/K,STOCK/FUND,IK,의심,amount-multi;type;owner,89.4
9116206,Ro Khanna (D-CA17),26,SP,INGERSOLL NGERSOLLR RAND IN COM N,,S,06/30/2026,07/01/2026,"$1,001-$15,000",STOCK/FUND,A,확인,,61.2
9116206,Ro Khanna (D-CA17),26,SP,"/HASBRO, INC. ¢ CMN",,S,06/30/2026,07/01/2026,"$1,001-$15,000",STOCK/FUND,A,의심,name-illegible,55.3
9116206,Ro Khanna (D-CA17),26,SP,"GARTNER, , INC. CMN",,S,06/30/2026,07/01/2026,"$1,001-$15,000",STOCK/FUND,A,확인,,66.7
9116206,Ro Khanna (D-CA17),26,SP,"O'REILLY AUTOMOTIVE, INC. CMN",,S,06/30/2026,07/01/2026,"$1,001-$15,000",STOCK/FUND,A,확인,,81.0
9116206,Ro Khanna (D-CA17),26,SP,CRH PUBLIC LIMITED COMPANY CMN,,S,06/30/2026,07/01/2026,"$1,001-$15,000",STOCK/FUND,A,확인,,84.4
9116206,Ro Khanna (D-CA17),26,SP,"BROWN & BROWN, INC, CMN",,S,06/30/2026,07/01/2026,"$1,001-$15,000",STOCK/FUND,A,확인,,82.1
9116206,Ro Khanna (D-CA17),26,SP,EQUIFAX A INC. CMN,,S,06/30/2026,07/01/2026,"$1,001-$15,000",STOCK/FUND,A,의심,name-illegible,53.9
9116206,Ro Khanna (D-CA17),26,SP,IA.O. SMITH CORP (OE) (DEL) CMN,,S,06/30/2026,07/01/2026,"$1,001-$15,000",STOCK/FUND,A,의심,name-illegible,57.5
9116206,Ro Khanna (D-CA17),26,SP,IKROGER COMPANY CMN,,S,06/30/2026,07/01/2026,"$1,001-$15,000",STOCK/FUND,A,의심,name-illegible,58.2
9116206,Ro Khanna (D-CA17),26,SP,PACCAR INC CM N,,S,06/30/2026,07/01/2026,"$1,001-$15,000",STOCK/FUND,A,확인,,87.1
9116206,Ro Khanna (D-CA17),26,SP,DECKERS OUTDOORS COR P CMN,,S,06/30/2026,07/01/2026,"$1,001-$15,000",STOCK/FUND,A,확인,,66.3
9116206,Ro Khanna (D-CA17),26,SP,"COSTAR GROUP, INC. CMN",,S,06/30/2026,07/02/2026,"$1,001-$15,000",STOCK/FUND,A,확인,,88.6
9116206,Ro Khanna (D-CA17),26,SP,JAIR PRODUCTS & CHEMICALS INC CMN,,S,06/30/2026,07/01/2026,"$1,001-$15,000",STOCK/FUND,A,확인,,88.3
9116206,Ro Khanna (D-CA17),26,SP,"TYLER TECHNOLOGIES, , INC. CMN",,S,06/30/2026,07/01/2026,"$1,001-$15,000",STOCK/FUND,A,확인,,67.0
9116206,Ro Khanna (D-CA17),26,SP,PTCINC. CMN,,S,06/30/2026,07/01/2026,"$1,001-$15,000",STOCK/FUND,A,확인,,82.6
9116206,Ro Khanna (D-CA17),27,,"PROVIDE . FULLNAME, ROT UCKER SYMBOL",,P/E,MAYDD/VY,Mayoosyr,I/K,STOCK/FUND,IK,의심,amount-multi;type;date;notified;owner;name-illegible,43.6
9116206,Ro Khanna (D-CA17),27,,MSCIINC. 1994 TRUST CMN,,P/E,06/30/2026,07/01/2026,I/K,STOCK/FUND,IK,의심,amount-multi;type;owner,87.5
9116206,Ro Khanna (D-CA17),27,SP,"TESLA, INC. CMN",TSLA.O,S,06/30/2025,07/01/2026,"$1,001-$15,000",STOCK/FUND,A,확인,,61.9
9116206,Ro Khanna (D-CA17),28,,"PROVIDE FUL NAME, ACT TIKTER SYMBOL",,P/E,Trensoetion Portia!,MMYDD/VY,A/I/J/K,STOCK/FUND,AIJK,의심,amount-multi;type;date;notified;owner;name-illegible,53.1
9116206,Ro Khanna (D-CA17),28,,“|RIVERSOUTH [22/01/27 1995 TRUST JD AUTH OHIO REV REV 5%,,P/E,,06/21/2026,A/I/J/K,BOND,AIJK,의심,amount-multi;type;date;owner,79.9
9116206,Ro Khanna (D-CA17),28,SP,ALASKA 12/01/27 ST JD HSG FIN CORP REV 5%,,P,;,06/02/2026,"$1,001-$15,000",BOND,A,의심,date,85.1
9116206,Ro Khanna (D-CA17),28,,SYNCHRONY PERPETUAL FINANCIAL HYBRID,,P,,06/02/2026,"$1,001-$15,000",STOCK/FUND,A,의심,date;owner,96.0
9116206,Ro Khanna (D-CA17),28,SP,BANK HYBRID OF PERPETUAL NEW YORK USD MELLON CORPOR,,P,,06/23/2026,"$1,001-$15,000",STOCK/FUND,A,의심,date,95.2
9116206,Ro Khanna (D-CA17),28,SP,WELLS PERPETUAL FARGO & COMPANY HYBRID,,P,,06/23/2026,"$1,001-$15,000",STOCK/FUND,A,의심,date,94.9
9116206,Ro Khanna (D-CA17),28,SP,CHARLES HYBRID PERPETUAL SCHWAB CORPORATION (TH,,P,,06/23/2026,"$1,001-$15,000",STOCK/FUND,A,의심,date,96.2
9116206,Ro Khanna (D-CA17),28,SP,TRUIST HYBRID FINANCIAL PERPETUAL CORPORATION,,P,,06/23/2026,"$1,001-$15,000",STOCK/FUND,A,의심,date,94.7
9116206,Ro Khanna (D-CA17),28,SP,JPMORGAN PERPETUAL CHASE & CO. HYBRID,,P,,06/01/2026,"$1,001-$15,000",STOCK/FUND,A,의심,date,94.3
9116206,Ro Khanna (D-CA17),28,SP,SYNCHRONY PERPETUAL FINANCIAL HYBRID,,P,,06/03/2026,"$1,001-$15,000",STOCK/FUND,A,의심,date,95.3
9116206,Ro Khanna (D-CA17),29,,FULL ASTET NAME,,P/S/E,,Date of Traruaction,"$1,001-$15,000",STOCK/FUND,A,의심,type;date;notified;owner,71.2
9116206,Ro Khanna (D-CA17),29,,"PROVIDE FIL NORE, NAT TICKER SYENBOK",,P/E,| Transaction Porto!,MEM/DOITY,A/B/C/G/H/I/J/K,STOCK/FUND,ABCGHIJK,의심,amount-multi;type;date;notified;owner;name-illegible,51.4
9116206,Ro Khanna (D-CA17),29,,TRUST CLEVELAND 01/01/27 PARTNERSHIP JT OHIO WTR REV REV 5%,,P/E,gf,"06/02/26 2, A.",A/I/J/K,BOND,AIJK,의심,amount-multi;type;date;notified;owner,81.7
9116206,Ro Khanna (D-CA17),29,,LUMENTUM HOLOINGS INC. CMN,LITE.O,P,,06/16/2026,"$1,001-$15,000",STOCK/FUND,A,의심,date;owner,80.2
9116206,Ro Khanna (D-CA17),29,DC,JARM HOLDINGS PLC ADR CMN,,P,,06/16/2026,"$1,001-$15,000",STOCK/FUND,A,의심,date,89.0
9116206,Ro Khanna (D-CA17),29,DC,TEXAS 5907/01/27 A & M I! UNIV PERM UNIV : FO REV,,P,,06/24/2026,"$1,001-$15,000",STOCK/FUND,A,의심,date,79.9
9116206,Ro Khanna (D-CA17),29,,RARE OF OHIO GO 5.0000% 09/15/31,,P,,06/05/2026,"$1,001-$15,000",BOND,A,의심,date;owner,64.6
9116206,Ro Khanna (D-CA17),29,,STATE 5.000036 OF 05/01/27 OHI0 GEN MN OBUGATION GO,,P,,06/10/2026,"$1,001-$15,000",STOCK/FUND,A,의심,date;owner,80.0
9116206,Ro Khanna (D-CA17),29,,LAKEWOOD CHIO GO 5% 12/01/26 JD,,P,,06/04/2026,"$1,001-$15,000",BOND,A,의심,date;owner,72.0
9116206,Ro Khanna (D-CA17),29,,CHILLICOTHE 5% 12/01/26 JD OHIO CITY SCH DIST GO,,P,,"06/12/26 12,","$1,001-$15,000",BOND,A,의심,date;notified;owner,92.4
9116206,Ro Khanna (D-CA17),29,DC,JJOHIO ST REV S% 02/01/27 FA,,P,,06/05/2026,"$1,001-$15,000",STOCK/FUND,A,의심,date,83.3
9116206,Ro Khanna (D-CA17),29,DC,JOHIOSTOB5% 05/01/27 MN,,P,,06/10/2026,"$1,001-$15,000",BOND,A,의심,date,73.8
9116206,Ro Khanna (D-CA17),29,DC,PALANTIR TECHNOLOGIES INC. CMN,PLTR.O,P,,06/16/2026,"$1,001-$15,000",STOCK/FUND,A,의심,date,82.0
9116206,Ro Khanna (D-CA17),29,,8ROADCOM INC. CMN,,P,;,06/16/2026,"$1,001-$15,000",STOCK/FUND,A,의심,date;owner,74.6
9116206,Ro Khanna (D-CA17),29,,EXPAND ENERGY CORP CMN,,P,,06/18/2026,"$1,001-$15,000",STOCK/FUND,A,의심,date;owner,88.1
9116206,Ro Khanna (D-CA17),29,DC,SNOWFLAKE INC CMN CLASSA,SNOW.K,P,,06/16/2026,"$1,001-$15,000",STOCK/FUND,A,의심,date,84.3
9116206,Ro Khanna (D-CA17),29,,VERMONT 12/01/26 JD MUN BD BK REV S%,,P,,"06/16, 5/16/26","$1,001-$15,000",STOCK/FUND,A,의심,date;notified;owner,91.9
9116206,Ro Khanna (D-CA17),29,DC,ALPHABETINC.CMN CLASS A,GOOGL.O,P,,05/16/2026,"$1,001-$15,000",STOCK/FUND,A,의심,date;name-illegible,34.8
9116206,Ro Khanna (D-CA17),29,,AMAZON.COM INC CMN,AMZN.O,P,,06/16/2026,"$1,001-$15,000",STOCK/FUND,A,의심,date;owner,64.7
9116206,Ro Khanna (D-CA17),30,,"PRAVIDE FULL NOME, NAT TICKER SYMBOT",,P/E,"MADDY ,",AAM/ODICY,I/K,STOCK/FUND,IK,의심,amount-multi;type;date;notified;owner;name-illegible,58.2
9116206,Ro Khanna (D-CA17),30,,TRUST [MICROSOFT PARTNERSHIP CORPORATION CMN,MSFT.O,P/E,06/16/2026,07/01/2026,I/K,STOCK/FUND,IK,의심,amount-multi;type;owner,76.0
9116206,Ro Khanna (D-CA17),30,,PALO ALTO NETWORKS INC. CMN,PANW.O,P,05/16/2026,07/01/2026,"$1,001-$15,000",STOCK/FUND,A,의심,owner,84.1
9116206,Ro Khanna (D-CA17),30,,"MONOLITHIC CMN CC POWER SYSTEMS, INC",,P,06/18/2026,07/01/2026,"$1,001-$15,000",STOCK/FUND,A,의심,owner,73.6
9116206,Ro Khanna (D-CA17),30,,"ZSCALER, INC. CMN",ZS.O,P,05/16/2026,07/01/2026,"$1,001-$15,000",STOCK/FUND,A,의심,owner,62.1
9116206,Ro Khanna (D-CA17),30,,NPLOVIN CORPORATION CMN CLASS,,S,06/16/2026,07/01/2026,"$15,001-$50,000",STOCK/FUND,B,의심,owner,70.0
9116206,Ro Khanna (D-CA17),30,DC,JAPPLIED MATERIALS INC CMN,,S,06/16/2026,07/01/2026,"$15,001-$50,000",STOCK/FUND,B,확인,,73.0
9116206,Ro Khanna (D-CA17),30,DC,"MARVELL TECHNOLOGY, INC. CMN",MRVL.O,S,06/16/2026,07/01/2026,"$15,001-$50,000",STOCK/FUND,B,확인,,63.3
9116206,Ro Khanna (D-CA17),30,,"MICRON TECHNOLOGY, INC. CMN",MU.O,S,06/16/2026,07/01/2026,"$1,001-$15,000",STOCK/FUND,A,의심,owner,86.9
9116206,Ro Khanna (D-CA17),30,DC,COHERENT CORP CMN,COHR.K,S,06/16/2026,07/01/2026,"$1,001-$15,000",STOCK/FUND,A,확인,,84.3
9116206,Ro Khanna (D-CA17),30,DC,EXXON MOBIL CORPORATION CMN,,S,06/18/2026,07/01/2025,"$1,001-$15,000",STOCK/FUND,A,확인,,87.1
9116206,Ro Khanna (D-CA17),30,,EQT CORPORATION CMN,,S,06/18/2026,07/01/2026,"$1,001-$15,000",STOCK/FUND,A,의심,owner,86.3
9116206,Ro Khanna (D-CA17),31,,MA! 2994 CAPITAL TRUST MANAGEMENT,,P/S/E,06/01/2026,06/01/2026,A/B/C/D/E/F/G/H/I/J/K,STOCK/FUND,ABCDEFGHIJK,의심,amount-multi;type;owner,86.2
9116206,Ro Khanna (D-CA17),31,SP,ABBOTT LABORATORIES,,S,06/23/2026,06/23/2026,"$1,001-$15,000",STOCK/FUND,A,의심,name-illegible,59.5
9116206,Ro Khanna (D-CA17),31,,CLASS [BERKSHIRE B HATHAWAY INC COM USD0.0033,BRKb,P,06/23/2026,06/23/2026,"$1,001-$15,000",STOCK/FUND,A,의심,owner,63.9
9116206,Ro Khanna (D-CA17),31,SP,MASTERCARD INCORPORATED CLA,MA,S,06/23/2026,06/23/2026,"$1,001-$15,000",STOCK/FUND,A,확인,,77.2
9116206,Ro Khanna (D-CA17),31,SP,MICRON TECHNOLOGY INC,MU.O,P,06/23/2026,06/23/2026,"$1,001-$15,000",STOCK/FUND,A,확인,,79.7
9116206,Ro Khanna (D-CA17),31,SP,NETFLIX INC,,P,06/23/2026,06/23/2026,"$1,001-$15,000",STOCK/FUND,A,의심,name-illegible,25.9
9116206,Ro Khanna (D-CA17),31,SP,A BANK CENTRAL ASIA TEK UNSPONSORD,,P,06/23/2026,06/23/2026,"$1,001-$15,000",STOCK/FUND,A,의심,name-illegible,41.4
9116206,Ro Khanna (D-CA17),31,SP,AT&T INC COM USD1,,S,06/23/2026,06/23/2026,"$1,001-$15,000",STOCK/FUND,A,의심,name-illegible,37.8
9116206,Ro Khanna (D-CA17),31,,HOLDINGS |MARVELL TECHNOLOGY INC COM,MRVL.O,P/E,06/23/2026,06/23/2026,A/B/C/D/E/F/G/H/I/J/K,STOCK/FUND,ABCDEFGHIJK,의심,amount-multi;type;owner,86.3
9116206,Ro Khanna (D-CA17),31,,MAI USHA CAPITAL AHUJA 2010 MANAGEMENT TRREV TRUST FBO,,P/S/E,06/01/2026,06/01/2026,A/B/C/D/E/F/G/H/I/J/K,STOCK/FUND,ABCDEFGHIJK,의심,amount-multi;type;owner,61.5
9116206,Ro Khanna (D-CA17),31,DC,ABBOTT LABORATORIES,,S,06/23/2026,06/23/2026,"$1,001-$15,000",STOCK/FUND,A,확인,,62.7
9116206,Ro Khanna (D-CA17),31,,BERASHIRE HATHAWAY INC COM USD0.0033,,P,06/23/2026,06/23/2026,"$1,001-$15,000",STOCK/FUND,A,의심,owner,66.4
9116206,Ro Khanna (D-CA17),31,DC,MASTERCARD INCORPORATED CLA,MA,S,- 06/23/26,06/23/2026,"$1,001-$15,000",STOCK/FUND,A,의심,date,63.5
9116206,Ro Khanna (D-CA17),31,DC,MICRON TECHNOLOGY INC,MU.O,P,06/23/2026,06/23/2026,"$1,001-$15,000",STOCK/FUND,A,의심,name-illegible,55.6
9116206,Ro Khanna (D-CA17),31,DC,NETFLIX INC,,P,06/23/2026,06/23/2026,"$1,001-$15,000",STOCK/FUND,A,의심,name-illegible,43.8
9116206,Ro Khanna (D-CA17),31,,ADR |PTBANK CENTRAL ASIA TBK UNSPONSORD,,P,06/23/2026,06/23/2026,"$1,001-$15,000",STOCK/FUND,A,의심,owner,72.1
9116206,Ro Khanna (D-CA17),32,,MONTE GRENDCHILDREN DC AND JAT&TINCCOM USHA AHUJA 2010 USD1 TRREV TRUST FBO OE,,P/S/E,06/23/2026,06/23/2026,A/B/C/D/E/F/G/H/I/J/K,STOCK/FUND,ABCDEFGHIJK,의심,amount-multi;type;owner,76.2
9116206,Ro Khanna (D-CA17),32,DC,MARVELL TECHNOLOGY INC COM,MRVL.O,P,06/23/2026,06/23/2026,"$1,001-$15,000",STOCK/FUND,A,확인,,80.4
9116206,Ro Khanna (D-CA17),32,,MURA DC HOLDINGS INTUITIVE SURGICAL INC,,P/S/E,06/23/2026,06/23/2026,A/B/C/D/E/F/G/H/I/J/K,STOCK/FUND,ABCDEFGHIJK,의심,amount-multi;type;owner;name-illegible,57.6
9116206,Ro Khanna (D-CA17),32,,2020 DC TRUST [MA FBO CAPITAL KHANNA CHILDREN MANAGEMENT,,P/E,06/01/2026,06/01/2026,A/B/C/D/E/F/G/H/I/J/K,STOCK/FUND,ABCDEFGHIJK,의심,amount-multi;type;owner,72.8
9116206,Ro Khanna (D-CA17),32,DC,ABBOTT LABORATORIES,,S,06/23/2026,06/23/2026,"$1,001-$15,000",STOCK/FUND,A,의심,name-illegible,47.6
9116206,Ro Khanna (D-CA17),32,DC,CLASS BERKSHIRE B HATHAWAY INC COM USO0.0033,BRKb,P,06/23/2026,06/23/2026,"$1,001-$15,000",STOCK/FUND,A,확인,,71.6
9116206,Ro Khanna (D-CA17),32,DC,MASTERCARD INCORPORATED CLA,MA,S,06/23/2026,06/23/2026,"$1,001-$15,000",STOCK/FUND,A,의심,name-illegible,54.5
9116206,Ro Khanna (D-CA17),32,DC,MICRON TECHNOLOGY INC,MU.O,P,06/23/2026,06/23/2026,"$1,001-$15,000",STOCK/FUND,A,의심,name-illegible,58.9
9116206,Ro Khanna (D-CA17),32,DC,NETFLIX INC,,P,06/23/2026,06/23/2026,"$1,001-$15,000",STOCK/FUND,A,의심,name-illegible,43.4
9116206,Ro Khanna (D-CA17),32,,PC IADR |PTSANK CENTRALASIA TBK UNSPONSORD,,P,06/23/2026,06/23/2026,"$1,001-$15,000",STOCK/FUND,A,의심,owner,70.2
9116211,Michael McCaul (R-TX10),1,SP,FID ADV FLOATING RATE HIGH INCOME Z,,P,06/26/2026,07/05/2026,"$500,001-$1,000,000",STOCK/FUND,F,확인,,94.5
9116211,Michael McCaul (R-TX10),1,SP,SPRUCE HOLDINGS LP,,P,06/25/2026,07/05/2026,"$500,001-$1,000,000",STOCK/FUND,F,확인,,96.3
9116211,Michael McCaul (R-TX10),1,SP,DAWSON PORTFOLIO FINANCE 7 LP,,P,06/25/2026,07/05/2026,"$250,001-$500,000",STOCK/FUND,E,확인,,96.4
9116211,Michael McCaul (R-TX10),1,SP,VANGUARD MUN BD FDS TAX EXEMPT BD,,P,06/29/2026,07/05/2026,"$250,001-$500,000",STOCK/FUND,E,확인,,96.2
9116211,Michael McCaul (R-TX10),1,SP,NORTHERN TAX ADVGT ULTRA SHRT FIXED INC,,P,06/26/2026,07/05/2026,"$250,001-$500,000",STOCK/FUND,E,확인,,93.6
9116211,Michael McCaul (R-TX10),1,SP,NORTHERN TAX ADVGT ULTRA SHRT FIXED INC,,P,06/26/2026,07/05/2026,"$100,001-$250,000",STOCK/FUND,D,확인,,93.6
9116211,Michael McCaul (R-TX10),1,SP,DAWSON PORTFOLIO FINANCE 6 LP,,P,06/25/2026,07/05/2026,"$100,001-$250,000",STOCK/FUND,D,확인,,94.9
9116211,Michael McCaul (R-TX10),1,SP,PORT AUTH N Y &N J,,P,06/24/2026,07/05/2026,"$100,001-$250,000",STOCK/FUND,D,확인,,88.0
9116211,Michael McCaul (R-TX10),1,SP,PORT AUTHNY &N J,,P,06/17/2026,07/05/2026,"$100,001-$250,000",STOCK/FUND,D,확인,,69.0
9116211,Michael McCaul (R-TX10),1,SP,NEW YORK .N Y CITY MUN WTR FIN AUTH WTR,,P,06/22/2026,07/05/2026,"$100,001-$250,000",STOCK/FUND,D,확인,,81.7
9116211,Michael McCaul (R-TX10),1,SP,KITSAP CNTY WASH SCH DIST NO 401,,P,06/25/2026,07/05/2026,"$100,001-$250,000",STOCK/FUND,D,확인,,93.3
9116211,Michael McCaul (R-TX10),1,SP,MAYS ALLOCATE 2025 LP,,P,06/05/2026,07/05/2026,"$50,001-$100,000",STOCK/FUND,C,확인,,96.3
9116211,Michael McCaul (R-TX10),1,SP,MAYS ALLOCATE LP,,P,06/24/2026,07/05/2026,"$50,001-$100,000",STOCK/FUND,C,확인,,96.5
9116211,Michael McCaul (R-TX10),1,SP,LKCM HEADWATER INVESTMENTS IV LP,,P,06/11/2026,07/05/2026,"$50,001-$100,000",STOCK/FUND,C,확인,,94.6
9116211,Michael McCaul (R-TX10),1,SP,APTARGROUP INC,,P,06/12/2026,07/05/2026,"$15,001-$50,000",STOCK/FUND,B,확인,,94.0
9116211,Michael McCaul (R-TX10),1,SP,MAYS ALLOCATE LP,,P,06/22/2026,07/05/2026,"$15,001-$50,000",STOCK/FUND,B,확인,,96.7
9116211,Michael McCaul (R-TX10),1,SP,INFINEON TECHNOLOGIES AG SPON ADR,,P,06/09/2026,07/05/2026,"$15,001-$50,000",STOCK/FUND,B,확인,,93.7
9116211,Michael McCaul (R-TX10),1,SP,TAIWAN SEMICONDUCTOR MANUFACTURING SPON ADS,TSM,P,06/18/2026,07/05/2026,"$15,001-$50,000",STOCK/FUND,B,확인,,84.9
9116211,Michael McCaul (R-TX10),1,SP,MAYS ALLOCATE LP,,P,06/05/2026,07/05/2026,"$15,001-$50,000",STOCK/FUND,B,확인,,96.8
9116211,Michael McCaul (R-TX10),1,SP,MERCADOLIBRE INC,,P,06/02/2026,07/05/2026,"$15,001-$50,000",STOCK/FUND,B,확인,,93.7
9116211,Michael McCaul (R-TX10),1,SP,MERCADOLIBRE INC,,P,06/09/2026,07/05/2026,"$15,001-$50,000",STOCK/FUND,B,확인,,90.8
9116211,Michael McCaul (R-TX10),1,SP,FORMENTERA PARTNERS FUND III LP,,P,06/04/2026,07/05/2026,"$15,001-$50,000",STOCK/FUND,B,확인,,94.1
9116211,Michael McCaul (R-TX10),1,SP,INFINEON TECHNOLOGIES AG SPON ADR,,P,06/15/2026,07/05/2026,"$15,001-$50,000",STOCK/FUND,B,확인,,94.0
9116211,Michael McCaul (R-TX10),1,SP,DELL TECHNOLOGIES INC CLC,,P,06/02/2026,07/05/2026,"$1,001-$15,000",STOCK/FUND,A,확인,,95.7
9116211,Michael McCaul (R-TX10),1,SP,ALBANY ROAD STRATEGIC OPPORTUNITY FUND LP,,P,06/29/2026,07/05/2026,"$1,001-$15,000",STOCK/FUND,A,확인,,96.5
9116211,Michael McCaul (R-TX10),2,SP,X MAYS ALLOCATETE,,P,etepz0zg,risyrors_,"$1,001-$15,000",STOCK/FUND,A,의심,date;notified;name-illegible,32.7
9116211,Michael McCaul (R-TX10),2,SP,KY DANAHERCORPORATION,,P,Ys osyoo2s,ft risyoors,"$1,001-$15,000",STOCK/FUND,A,의심,date;notified;name-illegible,23.7
9116211,Michael McCaul (R-TX10),2,,COX ARTHURJ GALLAGHER&,,P,Ys ftoyzoz6,J rs/ore,"$1,001-$15,000",STOCK/FUND,A,의심,date;notified;owner;name-illegible,10.4
9116211,Michael McCaul (R-TX10),2,SP,XY SAPCTOSATINC,,P,sosyzors,rrsyooes,"$1,001-$15,000",STOCK/FUND,A,의심,date;notified;name-illegible,42.2
9116211,Michael McCaul (R-TX10),3,SP,CEDAR HOLDINGS LP,,P,06/23/2026,07/05/2026,"$1,001-$15,000",STOCK/FUND,A,확인,,96.5
9116211,Michael McCaul (R-TX10),3,SP,FIRSTCASH HOLDINGS INC,,S,06/18/2026,07/05/2026,"$1,001-$15,000",STOCK/FUND,A,확인,,94.9
9116211,Michael McCaul (R-TX10),3,SP,SIMPSON MFG INC,,S,06/18/2026,07/05/2026,"$1,001-$15,000",STOCK/FUND,A,확인,,92.1
9116211,Michael McCaul (R-TX10),3,SP,ROBERT HALF INC,,S,06/18/2026,07/05/2026,"$1,001-$15,000",STOCK/FUND,A,확인,,79.7
9116211,Michael McCaul (R-TX10),3,SP,LOUISIANA PACIFIC CORP,,S,06/18/2026,07/05/2026,"$1,001-$15,000",STOCK/FUND,A,확인,,95.9
9116211,Michael McCaul (R-TX10),3,SP,CORE &MAIN INCCLA,,S,06/18/2026,07/05/2026,"$1,001-$15,000",STOCK/FUND,A,확인,,88.9
9116211,Michael McCaul (R-TX10),3,SP,8JS WHSL CLUB HLDGS INC,,S,06/18/2026,07/05/2026,"$1,001-$15,000",STOCK/FUND,A,확인,,86.5
9116211,Michael McCaul (R-TX10),3,SP,HOULIHAN LOKEY INC CLA,,S,06/18/2026,07/05/2026,"$1,001-$15,000",STOCK/FUND,A,확인,,94.0
9116211,Michael McCaul (R-TX10),3,SP,FORTUNE BRANDS INNOVATIONS INC,,S,06/18/2026,07/05/2026,"$1,001-$15,000",STOCK/FUND,A,확인,,96.2
9116211,Michael McCaul (R-TX10),3,SP,AERCAP HOLDINGS N V,,S,06/25/2026,07/05/2026,"$1,001-$15,000",STOCK/FUND,A,확인,,91.0
9116211,Michael McCaul (R-TX10),3,SP,HENRY SCHEIN INC,,S,06/18/2026,07/05/2026,"$1,001-$15,000",STOCK/FUND,A,확인,,96.6
9116211,Michael McCaul (R-TX10),3,SP,HURON CONSULTING GROUP INC,,S,06/18/2026,07/05/2026,"$1,001-$15,000",STOCK/FUND,A,확인,,96.3
9116211,Michael McCaul (R-TX10),3,SP,DONALDSON COMPANY INC,,S,06/18/2026,07/05/2026,"$1,001-$15,000",STOCK/FUND,A,확인,,94.9
9116211,Michael McCaul (R-TX10),3,SP,MUELLER WATER PRODUCTS INC,,S,06/18/2026,07/05/2026,"$1,001-$15,000",STOCK/FUND,A,확인,,95.5
9116211,Michael McCaul (R-TX10),3,SP,CARLISLE COMPANIES INC,,S,06/18/2026,07/05/2026,"$1,001-$15,000",STOCK/FUND,A,확인,,95.9
9116211,Michael McCaul (R-TX10),3,SP,MSA SAFETY INC,,S,06/18/2026,07/05/2026,"$1,001-$15,000",STOCK/FUND,A,확인,,95.6
9116211,Michael McCaul (R-TX10),3,SP,CAVCO INDUSTRIES INC,,S,06/18/2026,07/05/2026,"$1,001-$15,000",STOCK/FUND,A,확인,,94.1
9116211,Michael McCaul (R-TX10),3,SP,APTARGROUP INC,,S,06/18/2026,07/05/2026,"$1,001-$15,000",STOCK/FUND,A,확인,,94.0
9116211,Michael McCaul (R-TX10),3,SP,WHITE MTNS INS GROUP LTD,,S,06/18/2026,07/05/2026,"$1,001-$15,000",STOCK/FUND,A,확인,,94.9
9116211,Michael McCaul (R-TX10),3,SP,HAYWARD HLDGS INC,,S,06/18/2026,07/05/2026,"$1,001-$15,000",STOCK/FUND,A,확인,,94.1
9116211,Michael McCaul (R-TX10),3,SP,FTI CONSULTING INC,,S,06/18/2026,07/05/2026,"$1,001-$15,000",STOCK/FUND,A,확인,,96.1
9116211,Michael McCaul (R-TX10),3,SP,ZIONS BANCORPORATION,,S,06/18/2026,07/05/2026,"$1,001-$15,000",STOCK/FUND,A,확인,,91.9
9116211,Michael McCaul (R-TX10),3,SP,PRIMERICA INC,,S,06/18/2026,07/05/2026,"$1,001-$15,000",STOCK/FUND,A,확인,,94.0
9116211,Michael McCaul (R-TX10),3,SP,ONEMAIN HLDGS INC,,S,06/18/2026,07/05/2026,"$1,001-$15,000",STOCK/FUND,A,확인,,81.2
9116211,Michael McCaul (R-TX10),3,SP,VALVOLINE INC,,S,06/18/2026,07/05/2026,"$1,001-$15,000",STOCK/FUND,A,확인,,93.7
9116211,Michael McCaul (R-TX10),3,SP,AERCAP HOLDINGS N V,,S,06/29/2026,07/05/2026,"$1,001-$15,000",STOCK/FUND,A,확인,,89.7
9116211,Michael McCaul (R-TX10),4,SP,GATES INDUSTRIAL CORPORATION PLC,,S,06/18/2026,07/05/2026,"$1,001-$15,000",STOCK/FUND,A,확인,,96.6
9116211,Michael McCaul (R-TX10),4,SP,INSIGHT ENTERPRISES INC,,S,06/18/2026,07/05/2026,"$1,001-$15,000",STOCK/FUND,A,확인,,96.8
9116211,Michael McCaul (R-TX10),4,SP,WOODWARD INC,,S,06/05/2026,07/05/2026,"$1,001-$15,000",STOCK/FUND,A,확인,,92.9
9116211,Michael McCaul (R-TX10),4,SP,ARAMARK COM,,S,06/18/2026,07/05/2026,"$1,001-$15,000",STOCK/FUND,A,확인,,96.4
9116211,Michael McCaul (R-TX10),4,,HOWMET AEROSPACE INC,,S,06/18/2026,07/05/2026,"$1,001-$15,000",STOCK/FUND,A,의심,owner,91.9
9116211,Michael McCaul (R-TX10),4,SP,BAYER AG SPON ADR,,S,06/01/2026,07/05/2026,"$1,001-$15,000",STOCK/FUND,A,확인,,94.6
9116211,Michael McCaul (R-TX10),4,SP,ALCOA CORP,,S,06/03/2026,07/05/2026,"$1,001-$15,000",STOCK/FUND,A,확인,,96.6
9116211,Michael McCaul (R-TX10),4,SP,MASTERCARD INCORPORATED CLA,MA,S,06/02/2026,07/05/2026,"$1,001-$15,000",STOCK/FUND,A,확인,,96.4
9116211,Michael McCaul (R-TX10),4,SP,AERCAP HOLDINGS N V,,S,06/10/2026,07/05/2026,"$1,001-$15,000",STOCK/FUND,A,확인,,85.8
9116211,Michael McCaul (R-TX10),4,SP,AERCAP HOLDINGS N V,,S,06/11/2026,07/05/2026,"$1,001-$15,000",STOCK/FUND,A,확인,,88.1
9116211,Michael McCaul (R-TX10),4,SP,AMAZON COM INC,AMZN.O,S,06/18/2026,07/05/2026,"$15,001-$50,000",STOCK/FUND,B,확인,,96.5
9116211,Michael McCaul (R-TX10),4,SP,AMAZON COM INC,AMZN.O,S,06/15/2026,07/05/2026,"$15,001-$50,000",STOCK/FUND,B,확인,,95.9
9116211,Michael McCaul (R-TX10),4,SP,NORTHERN TAX ADVGT ULTRA SHRT FIXED INC,,S,06/16/2026,07/05/2026,"$15,001-$50,000",STOCK/FUND,B,확인,,94.4
9116211,Michael McCaul (R-TX10),4,SP,FAIR ISAAC CORP,,S,06/15/2026,07/05/2026,"$15,001-$50,000",STOCK/FUND,B,확인,,96.6
9116211,Michael McCaul (R-TX10),4,SP,WOODWARD INC,,S,06/09/2026,07/05/2026,"$15,001-$50,000",STOCK/FUND,B,확인,,96.1
9116211,Michael McCaul (R-TX10),4,SP,MICROSOFT CORP,MSFT.O,S,06/18/2026,07/05/2026,"$15,001-$50,000",STOCK/FUND,B,확인,,96.1
9116211,Michael McCaul (R-TX10),4,SP,NORTHERN INTERMED TAX EXEMPT FUND,,S,06/16/2026,07/05/2026,"$15,001-$50,000",STOCK/FUND,B,확인,,96.4
9116211,Michael McCaul (R-TX10),4,SP,MASTERCARD INCORPORATED CLA,MA,S,06/09/2026,07/05/2026,"$15,001-$50,000",STOCK/FUND,B,확인,,96.1
9116211,Michael McCaul (R-TX10),4,SP,NORTHERN TAX ADVGT ULTRA SHRT FIXED INC,,S,06/16/2026,07/05/2026,"$15,001-$50,000",STOCK/FUND,B,확인,,94.5
9116211,Michael McCaul (R-TX10),4,SP,NORTHERN INTERMED TAX EXEMPT FUND,,S,06/01/2026,07/05/2026,"$15,001-$50,000",STOCK/FUND,B,확인,,96.6
9116211,Michael McCaul (R-TX10),4,SP,FIRSTCASH HOLDINGS INC,,S,06/11/2026,07/05/2026,"$15,001-$50,000",STOCK/FUND,B,확인,,94.5
9116211,Michael McCaul (R-TX10),4,SP,NORTHERN INTERMED TAX EXEMPT FUND,,S,06/16/2026,07/05/2026,"$100,001-$250,000",STOCK/FUND,D,확인,,96.3
9116211,Michael McCaul (R-TX10),4,SP,VANGUARD MUN BD FDS TAX EXEMPT BD,,S,06/23/2026,07/05/2026,"$250,001-$500,000",STOCK/FUND,E,확인,,96.5
9116211,Michael McCaul (R-TX10),4,SP,NORTHERN TAX ADVGT ULTRA SHRT FIXED INC,,S,06/16/2026,07/05/2026,"$250,001-$500,000",STOCK/FUND,E,확인,,94.4
9116211,Michael McCaul (R-TX10),4,SP,NORTHERN TAX ADVGT ULTRA SHRT FIXED INC,,S,06/23/2026,07/05/2026,"$250,001-$500,000",STOCK/FUND,E,확인,,94.4
9116211,Michael McCaul (R-TX10),4,SP,NORTHERN INTERMED TAX EXEMPT FUND,,S,06/22/2026,07/05/2026,"$500,001-$1,000,000",STOCK/FUND,F,확인,,96.2
9116211,Michael McCaul (R-TX10),5,SP,FID ADV FLOATING RATE HIGH INCOME Z,,S,06/23/2026,07/05/2026,"$500,001-$1,000,000",STOCK/FUND,F,확인,,90.7
9116211,Michael McCaul (R-TX10),5,SP,PAYCHEX INC,,P,06/01/2026,07/05/2026,"$100,001-$250,000",STOCK/FUND,D,확인,,93.8
9116211,Michael McCaul (R-TX10),5,SP,NATIONAL FUEL GAS CO,,P,06/26/2026,07/05/2026,"$50,001-$100,000",STOCK/FUND,C,확인,,95.9
9116211,Michael McCaul (R-TX10),5,SP,TYSON FOODS INC,,P,06/18/2026,07/05/2026,"$50,001-$100,000",STOCK/FUND,C,확인,,96.3
9116211,Michael McCaul (R-TX10),5,SP,GENUINE PARTS CO,,P,06/18/2026,07/05/2026,"$50,001-$100,000",STOCK/FUND,C,확인,,96.4
9116211,Michael McCaul (R-TX10),5,SP,EQUITABLE HLDGS INC,,P,06/26/2026,07/05/2026,"$15,001-$50,000",STOCK/FUND,B,확인,,92.0
9116211,Michael McCaul (R-TX10),5,SP,MURPHY OIL CORP,,P,06/26/2026,07/05/2026,"$15,001-$50,000",STOCK/FUND,B,확인,,95.9
9116211,Michael McCaul (R-TX10),5,SP,VISHAY INTERTECHNOLOGY INC,,S,06/01/2026,07/05/2026,"$50,001-$100,000",STOCK/FUND,C,확인,,92.1
9116211,Michael McCaul (R-TX10),5,SP,FEDEX FGHT HLDG CO INC,,S,06/01/2026,07/05/2026,"$50,001-$100,000",STOCK/FUND,C,확인,,92.3
9116211,Michael McCaul (R-TX10),5,SP,CHEVRON CORP,,S,06/26/2026,07/05/2026,"$100,001-$250,000",STOCK/FUND,D,확인,,96.4
9116211,Michael McCaul (R-TX10),5,SP,VISHAY INTERTECHNOLOGY INC,,S,06/18/2026,07/05/2026,"$100,001-$250,000",STOCK/FUND,D,확인,,92.7
9116211,Michael McCaul (R-TX10),5,SP,VANGUARD INDEX FDS VANGUARD TOTAL STK MKT ETF,,P,06/30/2026,07/05/2026,"$1,001-$15,000",STOCK/FUND,A,확인,,96.0
9116211,Michael McCaul (R-TX10),5,SP,DIMENSIONAL ETF TRUST INTERNATIONAL CORE EQUITY 2 ETF,,P,06/25/2026,07/05/2026,"$1,001-$15,000",STOCK/FUND,A,확인,,96.0
9116211,Michael McCaul (R-TX10),5,SP,ISHARES CORE S&P S00 ETF,,P,06/18/2026,07/05/2026,"$1,001-$15,000",STOCK/FUND,A,확인,,94.3
9116211,Michael McCaul (R-TX10),5,SP,VANGUARD INDEX FOS VANGUARD TOTAL STK MKT ETF,,P,06/30/2026,07/05/2026,"$1,001-$15,000",STOCK/FUND,A,확인,,93.5
9116211,Michael McCaul (R-TX10),5,SP,DFA EMERGING MRKTS CORE EQU PORTF,,P,06/29/2026,07/05/2026,"$1,001-$15,000",STOCK/FUND,A,확인,,92.8
9116211,Michael McCaul (R-TX10),5,SP,DIMENSIONAL ETF TRUST INTERNATIONAL CORE EQUITY 2 ETF,,P,06/25/2026,07/05/2026,"$1,001-$15,000",STOCK/FUND,A,확인,,95.3
9116211,Michael McCaul (R-TX10),5,SP,VANGUARD INDEX FUNDS S&P 500 ETF USD,,P,06/30/2026,07/05/2026,"$1,001-$15,000",STOCK/FUND,A,확인,,95.4
9116211,Michael McCaul (R-TX10),5,SP,VANGUARD TOTAL STOCK MARKET INDEX ADM,,P,06/26/2026,07/05/2026,"$1,001-$15,000",STOCK/FUND,A,확인,,95.5
9116211,Michael McCaul (R-TX10),5,SP,VANGUARD DEVELOPED MARKETS INDEX FUND ETF,,P,06/23/2026,07/05/2026,"$1,001-$15,000",STOCK/FUND,A,확인,,96.1
9116211,Michael McCaul (R-TX10),5,SP,NORTHERN INTERMED TAX EXEMPT FUND,,P,06/24/2026,07/05/2026,"$50,001-$100,000",STOCK/FUND,C,확인,,87.7
9116211,Michael McCaul (R-TX10),6,SP,DIMENSIONAL ETF TRUST INTERNATIONAL CORE EQUITY 2 ETF,,P,06/25/2026,07/05/2026,"$15,001-$50,000",STOCK/FUND,B,확인,,96.3
9116211,Michael McCaul (R-TX10),6,SP,DFA EMERGING MRKTS CORE EQU PORTF,,P,06/29/2026,07/05/2026,"$15,001-$50,000",STOCK/FUND,B,확인,,92.5
9116211,Michael McCaul (R-TX10),6,SP,VANGUARD INDEX FUNDS S&P 500 ETF,,P,06/30/2026,07/05/2026,"$15,001-$50,000",STOCK/FUND,B,확인,,96.0
9116211,Michael McCaul (R-TX10),6,SP,VANGUARD TOTAL STOCK MARKET INDEX INSTL,,P,06/26/2026,07/05/2026,"$15,001-$50,000",STOCK/FUND,B,확인,,94.4
9116211,Michael McCaul (R-TX10),6,SP,VANGUARD DEVELOPED MARKETS INDEX FUND ETF,,P,06/23/2026,07/05/2026,"$15,001-$50,000",STOCK/FUND,B,확인,,95.9
9116211,Michael McCaul (R-TX10),6,SP,DFA INTERNATIONAL CORE EQUITY,,P,06/29/2026,07/05/2026,"$15,001-$50,000",STOCK/FUND,B,확인,,96.1
9116211,Michael McCaul (R-TX10),6,SP,ISHARES CORE S&P S00 ETF,,P,06/18/2026,07/05/2026,"$1,001-$15,000",STOCK/FUND,A,확인,,92.2
9116211,Michael McCaul (R-TX10),6,SP,DIMENSIONAL ETF TRUST INTERNATIONAL CORE EQUITY 2 ETF,,P,06/25/2026,07/05/2026,"$1,001-$15,000",STOCK/FUND,A,확인,,95.8
9116211,Michael McCaul (R-TX10),6,SP,VANGUARD INDEX FUNDS S&P S00 ETF USD,,P,06/30/2026,07/05/2026,"$1,001-$15,000",STOCK/FUND,A,확인,,91.3
9116211,Michael McCaul (R-TX10),6,SP,VANGUARD TOTAL STOCK MARKET !NDEX ADM,,P,06/26/2026,07/05/2026,"$1,001-$15,000",STOCK/FUND,A,확인,,90.9
9116211,Michael McCaul (R-TX10),6,SP,VANGUARD DEVELOPED MARKETS INDEX FUND ETF,,P,06/23/2026,07/05/2026,"$1,001-$15,000",STOCK/FUND,A,확인,,96.4
9116211,Michael McCaul (R-TX10),6,SP,DIMENSIONAL ETF TRUST INTERNATIONAL CORE EQUITY 2 ETF,,P,06/25/2026,07/05/2026,"$1,001-$15,000",STOCK/FUND,A,확인,,95.0
9116211,Michael McCaul (R-TX10),6,SP,DIMENSIONAL ETF TRUST INTERNATIONAL CORE EQUITY 2 ETF,,P,06/25/2026,07/05/2026,"$15,001-$50,000",STOCK/FUND,B,확인,,96.0
9116211,Michael McCaul (R-TX10),6,SP,ISHARES CORE S&P SOO ETF,,P,06/18/2026,07/05/2026,"$1,001-$15,000",STOCK/FUND,A,확인,,95.9
9116211,Michael McCaul (R-TX10),6,,VANGUARD INDEX FDS VANGUARD TOTAL STK MKT ETF,,S,06/09/2026,07/05/2026,"$1,001-$15,000",STOCK/FUND,A,의심,owner,95.9
9116211,Michael McCaul (R-TX10),6,,VANGUARD INDEX FDS VANGUARD TOTAL STK MKT ETF,,S,06/09/2026,07/05/2026,"$15,001-$50,000",STOCK/FUND,B,의심,owner,96.0
9116211,Michael McCaul (R-TX10),6,,VANGUARD INDEX FDS VANGUARD TOTAL STK MKT ETF,,P,06/30/2026,07/05/2026,"$1,001-$15,000",STOCK/FUND,A,의심,owner,96.1
9116267,Ro Khanna (D-CA17),02,,FULLAS TAM,,P/S/E,Cate of Yransactl,ta Tra WN saction Wed 7,G/H,STOCK/FUND,GH,의심,amount-multi;type;date;notified;owner;name-illegible,38.0
9116267,Ro Khanna (D-CA17),02,,PEOVID FULL 2010 OM NOTDICKER SYMBOL,,P/E,Mat/od/rr,Ath/Doyre,I/K,STOCK/FUND,IK,의심,amount-multi;type;date;notified;owner;name-illegible,53.4
9116267,Ro Khanna (D-CA17),02,,TORONTO S&P USHA SCO AHUJA INDEX DOMINION BANK TRUST LINKED TO,,P/E,07/16/2026,08/03/2026,I/K,STOCK/FUND,IK,의심,amount-multi;type;owner,90.7
9116267,Ro Khanna (D-CA17),02,,INDEX BOFA FINANCE LLC LINKED TO S&P S00,,P,07/16/2026,08/03/2026,"$1,001-$15,000",STOCK/FUND,A,의심,owner,89.8
9116267,Ro Khanna (D-CA17),02,,07/02/2026 CALL/INJ FLEX EURO PM @ 245 EXP,,P,07/02/2026,08/03/2026,"$1,001-$15,000",OPTION,A,의심,owner,85.2
9116267,Ro Khanna (D-CA17),03,,FAM TN M TERE,,P/S,Date of Transactlo,Transectls,G/H,STOCK/FUND,GH,의심,amount-multi;type;date;notified;owner;name-illegible,57.8
9116267,Ro Khanna (D-CA17),03,,"PROVID FULLNAME, NO TICKER SYMBAL. PURCH",,S/E,MNYOD/YE,MA/DO/YY,I/K,STOCK/FUND,IK,의심,amount-multi;type;date;notified;owner,88.1
9116267,Ro Khanna (D-CA17),03,,GRANDCHILDREN CHEWY INC CMN S EDUCATION CLASS A TRUST X,,S/E,07/23/2026,08/03/2026,I/K,STOCK/FUND,IK,의심,amount-multi;type;owner,85.6
9116267,Ro Khanna (D-CA17),03,,GE CMN HEALTHCARE TECHNOLOGIES INC X,,?,07/30/2026,08/03/2026,"$1,001-$15,000",STOCK/FUND,A,의심,type;owner,74.0
9116267,Ro Khanna (D-CA17),03,DC,LUPER TECHNOLOGIES INC. CMN X,,?,07/23/2026,ogfa3sz6|,"$1,001-$15,000",STOCK/FUND,A,의심,type;notified,72.2
9116267,Ro Khanna (D-CA17),03,,GE CMN HEALTHCARE TECHNOLOGIES INC X,,?,07/02/2026,08/03/2026,"$1,001-$15,000",STOCK/FUND,A,의심,type;owner,78.5
9116267,Ro Khanna (D-CA17),03,,GE CMN HEALTHCARE TECHNOLOGIES INC X,,?,07/06/2026,08/03/2026,"$1,001-$15,000",STOCK/FUND,A,의심,type;owner,82.3
9116267,Ro Khanna (D-CA17),03,DC,CHEWY INC CMN CLASS A X,,?,07/14/2026,08/03/2026,"$1,001-$15,000",STOCK/FUND,A,의심,type,79.6
9116267,Ro Khanna (D-CA17),03,,CHEWY INC CMIN CLASS A X,,?,07/13/2026,08/03/2026,"$1,001-$15,000",STOCK/FUND,A,의심,type;owner,73.6
9116267,Ro Khanna (D-CA17),03,DC,LRENABLE HOLDINGS INC CMN,,P/E,07/06/2026,08/03/2026,"$1,001-$15,000",STOCK/FUND,A,의심,type;name-illegible,53.7
9116267,Ro Khanna (D-CA17),03,,ALBERTSONS CLASS A COMPANIES INC CMN,,P,07/23/2026,08/03/2026,"$1,001-$15,000",STOCK/FUND,A,의심,owner,68.2
9116267,Ro Khanna (D-CA17),03,DC,PINTEREST INC CMN CLASS A,,P,07/30/2026,08/03/2026,"$1,001-$15,000",STOCK/FUND,A,확인,,86.6
9116267,Ro Khanna (D-CA17),03,DC,MICRON TECHNOLOGY INC CMN,MU.O,P/E,07/06/2026,08/03/2026,"$1,001-$15,000",STOCK/FUND,A,의심,type,73.4
9116267,Ro Khanna (D-CA17),03,DC,LOIMMER BIOMET HOLDINGS INC,,P,07/06/2026,08/03/2026,"$1,001-$15,000",STOCK/FUND,A,확인,,70.9
9116267,Ro Khanna (D-CA17),03,DC,MAPLEBEAR INC. CIN,,P/E,07/13/2026,08/03/2026,"$1,001-$15,000",STOCK/FUND,A,의심,type,71.9
9116267,Ro Khanna (D-CA17),03,,JAMMER BIOMET HOLDINGS INC,,P,07/23/2026,08/03/2026,"$1,001-$15,000",STOCK/FUND,A,의심,owner,71.3
9116267,Ro Khanna (D-CA17),03,DC,PENN ENTERTAINMENT INC CMN,,P/E,07/16/2026,08/03/2026,"$1,001-$15,000",STOCK/FUND,A,의심,type,73.9
9116267,Ro Khanna (D-CA17),03,DC,TENABLE HOLDINGS INCCMN,,P/E,07/01/2026,08/03/2026,"$1,001-$15,000",STOCK/FUND,A,의심,type,74.2
9116267,Ro Khanna (D-CA17),03,,CALLAWAY GOLF COMPANY CMN,,P/E,07/22/2026,08/03/2026,"$1,001-$15,000",STOCK/FUND,A,의심,type;owner,92.7
9116267,Ro Khanna (D-CA17),04,,FULAS: NAME,,P/S/E,© tot Tranuctio,Dara Transactia Nothleded,G/H,STOCK/FUND,GH,의심,amount-multi;type;date;notified;owner;name-illegible,51.1
9116267,Ro Khanna (D-CA17),04,,"PROVID FULLNAME, NC TICKER SYMBOL",,P/E,,,I/K,STOCK/FUND,IK,의심,amount-multi;type;date;notified;owner;name-illegible,40.4
9116267,Ro Khanna (D-CA17),04,DC,TRUST IGERKSHIREHATHAWAYINC FRO KHANNA CHILDREN CLASSB,,P/E,07/07/2026,08/03/2026,I/K,STOCK/FUND,IK,의심,amount-multi;type,71.5
9116267,Ro Khanna (D-CA17),04,DC,BANK OF AMERICA CORP CMN,,P,07/07/2026,08/03/2026,"$15,001-$50,000",STOCK/FUND,B,확인,,74.3
9116267,Ro Khanna (D-CA17),04,DC,TEKAS INSTRUMENTS INC _CMN,,P,07/07/2026,08/03/2026,"$15,001-$50,000",STOCK/FUND,B,의심,name-illegible,59.8
9116267,Ro Khanna (D-CA17),04,DC,"MARVELL TECHNOLOGY INC, CMN",MRVL.O,P,07/07/2026,08/03/2026,"$15,001-$50,000",STOCK/FUND,B,확인,,80.6
9116267,Ro Khanna (D-CA17),04,DC,LWALMART INCCMN,,P,07/07/2026,08/03/2026,"$15,001-$50,000",STOCK/FUND,B,의심,name-illegible,41.5
9116267,Ro Khanna (D-CA17),04,DC,SERVICENOW INC CMN,NOW,P,07/07/2026,08/03/2026,"$15,001-$50,000",STOCK/FUND,B,확인,,69.7
9116267,Ro Khanna (D-CA17),04,,ICMN INTERCONTINENTAL EXCHANGE ING,,P,07/07/2026,08/03/2026,"$15,001-$50,000",STOCK/FUND,B,의심,owner,66.4
9116267,Ro Khanna (D-CA17),04,,JINTURINCCMNN,,P,07/07/2026,08/03/2026,"$1,001-$15,000",STOCK/FUND,A,의심,owner;name-illegible,0.0
9116267,Ro Khanna (D-CA17),04,DC,LOWES COMPANIES INC CMIN,,P,07/07/2026,08/03/2026,"$1,001-$15,000",STOCK/FUND,A,확인,,65.1
9116267,Ro Khanna (D-CA17),04,DC,PEIZER INC. CMN,,P,07/07/2026,08/03/2026,"$1,001-$15,000",STOCK/FUND,A,확인,,61.5
9116267,Ro Khanna (D-CA17),04,,FAVORTING COMCAST CORPORATION CMIN CLASS,,P,07/07/2026,08/03/2026,"$1,001-$15,000",STOCK/FUND,A,의심,owner;name-illegible,52.9
9116267,Ro Khanna (D-CA17),04,DC,TINGERSOLL RAND INC CMIN,,P,07/07/2026,08/03/2026,"$1,001-$15,000",STOCK/FUND,A,확인,,61.4
9116267,Ro Khanna (D-CA17),04,,TRIMBLE INC CMN,,P,07/07/2026,08/03/2026,"$1,001-$15,000",STOCK/FUND,A,의심,owner,60.4
9116267,Ro Khanna (D-CA17),04,DC,ZOETIS INC_CMN CLASS A,,P,07/07/2026,08/03/2026,"$1,001-$15,000",STOCK/FUND,A,의심,name-illegible,59.9
9116267,Ro Khanna (D-CA17),04,DC,PALANTIRTECHNOLOGIESINC CMN,PLTR.O,P,07/07/2026,08/03/2026,"$1,001-$15,000",STOCK/FUND,A,의심,name-illegible,52.8
9116267,Ro Khanna (D-CA17),04,DC,TARE LINC TWO INTERACTIVE SOFTWARE,,P,07/07/2026,08/03/2026,"$1,001-$15,000",STOCK/FUND,A,확인,,77.3
9116267,Ro Khanna (D-CA17),04,DC,FREEPORT MCMORAN INC CMN,FCX,P,07/07/2026,08/03/2026,"$1,001-$15,000",STOCK/FUND,A,확인,,60.5
9116267,Ro Khanna (D-CA17),04,DC,ICADENCE DESIGN SYSTEMSINCCMN,,P,07/07/2026,08/03/2026,"$1,001-$15,000",STOCK/FUND,A,의심,name-illegible,58.4
9116267,Ro Khanna (D-CA17),04,,INTL BUSINESS MACHINES CORP CMN,,P,07/07/2026,08/03/2026,"$1,001-$15,000",STOCK/FUND,A,의심,owner,81.0
9116267,Ro Khanna (D-CA17),05,SP,"DCT PROVID FULLNOME, NA TECKERSYMBOT PUREKES",,S/E,MaMa,MMOD NY,I/K,STOCK/FUND,IK,의심,amount-multi;type;date;notified;name-illegible,36.8
9116267,Ro Khanna (D-CA17),05,,2020 DC TRUST {+ MOBILE FBO KHANNA US INC CHILDREN CMN X,,S/E,07/07/2026,08/03/2026,I/K,STOCK/FUND,IK,의심,amount-multi;type;owner,78.3
9116267,Ro Khanna (D-CA17),05,DC,QUAALCOMM INC CMN X,,?,07/07/2026,08/03/2026,"$1,001-$15,000",STOCK/FUND,A,의심,type;name-illegible,54.3
9116267,Ro Khanna (D-CA17),05,DC,ULTA BEAUTY INC CMN X,,?,07/07/2026,08/03/2026,"$1,001-$15,000",STOCK/FUND,A,의심,type,77.2
9116267,Ro Khanna (D-CA17),05,DC,BOOKING HOLDINGS INC CMN X,,?,07/07/2026,08/03/2026,"$1,001-$15,000",STOCK/FUND,A,의심,type,80.7
9116267,Ro Khanna (D-CA17),05,DC,PTCINC. CMN X,,?,07/07/2026,08/03/2026,"$1,001-$15,000",STOCK/FUND,A,의심,type;name-illegible,51.7
9116267,Ro Khanna (D-CA17),05,DC,DIGITAL REALTY TRUST INC. CIN X,,?,07/07/2026,08/03/2026,"$1,001-$15,000",STOCK/FUND,A,의심,type,78.2
9116267,Ro Khanna (D-CA17),05,DC,CBRE GROUP INC. CMN CLASSA X,,?,07/07/2026,03/03/2026,"$1,001-$15,000",STOCK/FUND,A,의심,type;name-illegible,50.4
9116267,Ro Khanna (D-CA17),05,DC,IPACCAR INC CMN X,,?,07/07/2026,08/03/2026,"$1,001-$15,000",STOCK/FUND,A,의심,type;name-illegible,58.4
9116267,Ro Khanna (D-CA17),05,DC,I NIKE CLASS-B CMIN CLASS B X,,?,07/07/2026,08/03/2026,"$1,001-$15,000",STOCK/FUND,A,의심,type,81.8
9116267,Ro Khanna (D-CA17),05,DC,WORKDAY INC CMN CLASS A X,,?,07/07/2026,08/03/2026,"$1,001-$15,000",STOCK/FUND,A,의심,type,76.2
9116267,Ro Khanna (D-CA17),05,,OC ARES |CMN CLASS MANAGEMENT A CORPORATION X,,?,07/07/2026,08/03/2026,"$1,001-$15,000",STOCK/FUND,A,의심,type;owner,71.5
9116267,Ro Khanna (D-CA17),05,,BC GE FOUN HEALTHCARE TECHNOLOGIES INC X,,?,07/07/2026,08/03/2026,"$1,001-$15,000",STOCK/FUND,A,의심,type;owner,79.7
9116267,Ro Khanna (D-CA17),05,DC,MOSAIC COMPANY {THE} CMN X,,?,07/07/2026,08/03/2026,"$1,001-$15,000",STOCK/FUND,A,의심,type,71.7
9116267,Ro Khanna (D-CA17),05,DC,WEVERHAEUSER COMPANY CMN X,,?,07/07/2026,08/03/2026,"$1,001-$15,000",STOCK/FUND,A,의심,type,71.9
9116267,Ro Khanna (D-CA17),05,DC,TRCOO8S62868 ROYAL CARIBBEAN GROUP ISIN X,,?,07/07/2026,08/03/2026,"$1,001-$15,000",STOCK/FUND,A,의심,type,77.5
9116267,Ro Khanna (D-CA17),05,DC,SKVWORKS SOLUTIONS INC. CMIN X,,?,07/07/2026,08/03/2026,"$1,001-$15,000",STOCK/FUND,A,의심,type,77.1
9116267,Ro Khanna (D-CA17),05,DC,LXYLEMINC CMN X,,?,07/07/2026,08/03/2026,"$1,001-$15,000",STOCK/FUND,A,의심,type;name-illegible,54.8
9116267,Ro Khanna (D-CA17),05,,BC JOHNSON FCMN CONTROLS INTERNATIONAL X,,?,07/07/2026,08/03/2026,"$1,001-$15,000",STOCK/FUND,A,의심,type;owner,75.4
9116267,Ro Khanna (D-CA17),05,,BC FORTINET INC CMN X,FTNT.O,?,07/07/2026,08/03/2026,"$1,001-$15,000",STOCK/FUND,A,의심,type;owner,84.9
9116267,Ro Khanna (D-CA17),06,,SEEPESIT ROVIDEFULLNOM NOT UCKER SYMBOL,,P/E,MM/DO/YY,yooh,I/K,STOCK/FUND,IK,의심,amount-multi;type;date;notified;owner;name-illegible,45.7
9116267,Ro Khanna (D-CA17),06,,2020 SC TRUST BUILDERS FBO KHANNA FIRSTSOURCE CHILDREN INC CMN,,P/E,07/07/2026,08/03/2026,I/K,STOCK/FUND,IK,의심,amount-multi;type;owner,77.1
9116267,Ro Khanna (D-CA17),06,DC,LT CONNECTIVITY CORPORATION CMN,,P,07/07/2026,08/03/2026,"$1,001-$15,000",STOCK/FUND,A,의심,name-illegible,59.6
9116267,Ro Khanna (D-CA17),06,DC,EATON CORP PLCCMN,ETN,P,07/07/2026,08/03/2026,"$1,001-$15,000",STOCK/FUND,A,확인,,69.6
9116267,Ro Khanna (D-CA17),06,DC,LEMCOR GROUP INC. CMN,,P,07/07/2026,08/03/2026,"$1,001-$15,000",STOCK/FUND,A,의심,name-illegible,53.7
9116267,Ro Khanna (D-CA17),06,DC,META [CUASS PLATFORMS A INC CLASSA CMIN,,P,07/07/2026,08/03/2026,"$1,001-$15,000",STOCK/FUND,A,의심,name-illegible,55.1
9116267,Ro Khanna (D-CA17),06,,8 REGENERON JCUN PHARMACEUTICAL INC,,P,07/07/2026,08/03/2026,"$1,001-$15,000",STOCK/FUND,A,의심,owner;name-illegible,38.3
9116267,Ro Khanna (D-CA17),06,DC,ICARVANACO CMNCLASSA,,P,07/07/2026,08/03/2026,"$1,001-$15,000",STOCK/FUND,A,의심,name-illegible,59.8
9116267,Ro Khanna (D-CA17),06,DC,TTNTUIT INC CMN,,P,07/08/2026,08/03/2026,"$1,001-$15,000",STOCK/FUND,A,의심,name-illegible,28.8
9116267,Ro Khanna (D-CA17),06,DC,MICROSOFT CORPORATION CMN,MSFT.O,S,07/07/2026,08/03/2026,"$50,001-$100,000",STOCK/FUND,C,확인,,84.2
9116267,Ro Khanna (D-CA17),06,DC,PEPSICO INC CIN,,S,07/07/2026,08/03/2026,"$15,001-$50,000",STOCK/FUND,B,의심,name-illegible,23.3
9116267,Ro Khanna (D-CA17),06,DC,ISALESFORCE INCCMN,CRM,S,07/07/2026,08/03/2026,"$15,001-$50,000",STOCK/FUND,B,확인,,61.2
9116267,Ro Khanna (D-CA17),06,DC,LTIX COMPANIES INC (NEW) CMIN,,S,07/07/2026,08/03/2026,"$15,001-$50,000",STOCK/FUND,B,확인,,70.6
9116267,Ro Khanna (D-CA17),06,DC,BLACKROCK FUNDING INC. CMN,,S,07/07/2026,08/03/2026,"$15,001-$50,000",STOCK/FUND,B,확인,,77.3
9116267,Ro Khanna (D-CA17),06,DC,JATAR INC. CMN,,S,07/07/2026,08/03/2026,"$15,001-$50,000",STOCK/FUND,B,확인,,67.2
9116267,Ro Khanna (D-CA17),06,DC,AUTODESK INC CMN,,S,07/07/2026,08/03/2026,"$15,001-$50,000",STOCK/FUND,B,확인,,63.7
9116267,Ro Khanna (D-CA17),06,,BC ILLINOIS TOOL WORKS CMN,,S,07/07/2026,08/03/2026,"$1,001-$15,000",STOCK/FUND,A,의심,owner,61.5
9116267,Ro Khanna (D-CA17),06,DC,ACCENTURE PLC CMN CLASS A,,S,07/07/2026,08/03/2026,"$1,001-$15,000",STOCK/FUND,A,의심,name-illegible,40.5
9116267,Ro Khanna (D-CA17),06,DC,NORTHERN TRUST CORP CMN,,S,07/07/2026,08/03/2026,"$1,001-$15,000",STOCK/FUND,A,확인,,77.6
9116267,Ro Khanna (D-CA17),06,DC,ISYNOPSYS INC. CMN,,S,07/07/2026,08/03/2026,"$1,001-$15,000",STOCK/FUND,A,확인,,70.0
9116267,Ro Khanna (D-CA17),07,,"""] TYPE",,P,@ twof Transaction,BD TransaxVo tweRawled oF,G/H,STOCK/FUND,GH,의심,amount-multi;date;notified;owner;name-illegible,30.1
9116267,Ro Khanna (D-CA17),07,,"PROVID {20 AME, NOT UCHER SYMBOL, PURCHOSE | SOKE",,P/S/E,AINYDDAY,MM/DOSTY,I/K,STOCK/FUND,IK,의심,amount-multi;type;date;notified;owner;name-illegible,57.7
9116267,Ro Khanna (D-CA17),07,DC,TRUST KROGER FBO KHANNA COMPANY CHILDREN CMN X,,P/S/E,07/07/2026,08/03/2026,I/K,STOCK/FUND,IK,의심,amount-multi;type,72.9
9116267,Ro Khanna (D-CA17),07,DC,XP SEMICONDUCTORS NV _CMN X,,?,07/07/2026,08/03/2026,"$1,001-$15,000",STOCK/FUND,A,의심,type;name-illegible,48.7
9116267,Ro Khanna (D-CA17),07,,STOCK [BOSTON SCIENTIFIC CORP COMMON X,,?,07/07/2026,08/03/2026,"$1,001-$15,000",STOCK/FUND,A,의심,type;owner,79.6
9116267,Ro Khanna (D-CA17),07,,WESTINGHOUSE CMN AIR BRAKE TECHNOL X,,?,07/07/2026,08/03/2026,"$1,001-$15,000",STOCK/FUND,A,의심,type;owner,85.5
9116267,Ro Khanna (D-CA17),07,,OTIS CMIN WORLDWIDE CORPORATION X,,E,07/07/2026,08/03/2026,"$1,001-$15,000",STOCK/FUND,A,의심,owner,70.4
9116267,Ro Khanna (D-CA17),07,,APOLLO CMIN CLASS GLOBAL A MANAGEMENT INC X,,?,07/07/2026,08/03/2026,"$1,001-$15,000",STOCK/FUND,A,의심,type;owner,77.2
9116267,Ro Khanna (D-CA17),07,DC,ADOBEINC CMIN X,,?,07/07/2026,08/03/2026,"$1,001-$15,000",STOCK/FUND,A,의심,type;name-illegible,50.2
9116267,Ro Khanna (D-CA17),07,DC,TYLER TECHNOLOGIES INC. CMN X,,?,07/07/2026,08/03/2026,"$1,001-$15,000",STOCK/FUND,A,의심,type,81.6
9116267,Ro Khanna (D-CA17),07,,FEDEX CORPORATION CMN X,,S,07/07/2026,08/03/2026,"$1,001-$15,000",STOCK/FUND,A,의심,owner,74.9
9116267,Ro Khanna (D-CA17),07,DC,HUBBELL INCORPORATED CMN X,,?,07/07/2026,08/03/2026,"$1,001-$15,000",STOCK/FUND,A,의심,type,87.7
9116267,Ro Khanna (D-CA17),07,DC,GILEAD SCIENCES CMN X,,S/E,07/07/2026,08/03/2026,"$1,001-$15,000",STOCK/FUND,A,의심,type,69.9
9116267,Ro Khanna (D-CA17),07,DC,ISTEEL DYNAMICS INC CMN X,,?,07/07/2026,08/03/2026,"$1,001-$15,000",STOCK/FUND,A,의심,type,81.8
9116267,Ro Khanna (D-CA17),07,DC,LENNAR CORPORATION CMN CLASS A X,,E,07/07/2026,08/03/2026,"$1,001-$15,000",STOCK/FUND,A,확인,,83.3
9116267,Ro Khanna (D-CA17),07,DC,LYYM BRANDS INC CMN X,,S,07/07/2026,08/03/2026,"$1,001-$15,000",STOCK/FUND,A,확인,,79.1
9116267,Ro Khanna (D-CA17),07,,CMN [CHARTER COMMUNICATIONS INC. X,,?,07/07/2026,08/03/2026,"$1,001-$15,000",STOCK/FUND,A,의심,type;owner,73.2
9116267,Ro Khanna (D-CA17),07,DC,ROOLLINS INC REGOFF SCTASKO796638 X,,?,07/07/2026,08/03/2026,"$1,001-$15,000",STOCK/FUND,A,의심,type,77.3
9116267,Ro Khanna (D-CA17),07,DC,COPPART INC. CMIN X,,?,07/07/2026,08/03/2026,"$1,001-$15,000",STOCK/FUND,A,의심,type,74.2
9116267,Ro Khanna (D-CA17),07,DC,LEN MICROCHIP TECHNOLOGY INCORPORA X,,?,07/07/2026,08/03/2026,"$1,001-$15,000",STOCK/FUND,A,의심,type,73.2
9116267,Ro Khanna (D-CA17),07,,CRH PUBLIC LIMITED COMPANY CMN X,,?,07/07/2026,08/03/2026,"$1,001-$15,000",STOCK/FUND,A,의심,type;owner,90.4
9116267,Ro Khanna (D-CA17),08,,FULAS TKAMO,,P/S/E,D wef transactlo,Transact),G/H,STOCK/FUND,GH,의심,amount-multi;type;date;notified;owner;name-illegible,4.5
9116267,Ro Khanna (D-CA17),08,,"PROVIDE FD NAME, CT TER SYMBOL",,P/E,eitfoppry,MM/DDIYY,I/K,STOCK/FUND,IK,의심,amount-multi;type;date;notified;owner;name-illegible,50.6
9116267,Ro Khanna (D-CA17),08,,TRUST ON CMN FAO SEMICONDUCTOR KHANNA CHILDREN CORPORATION,,P/S/E,07/07/2026,08/03/2026,I/K,STOCK/FUND,IK,의심,amount-multi;type;owner,90.1
9116267,Ro Khanna (D-CA17),08,DC,+RACTOR SUPPLY COMPANY CMN,,S,07/07/2026,08/03/2026,"$1,001-$15,000",STOCK/FUND,A,확인,,77.7
9116267,Ro Khanna (D-CA17),08,,CROWN CASTLE INTLCORP CMN,,S,07/07/2026,08/03/2026,"$1,001-$15,000",STOCK/FUND,A,의심,owner,72.5
9116267,Ro Khanna (D-CA17),08,DC,COGNIZANT CORP CLASS A TECHNOLOGY SOLUTIONS,,S,07/07/2026,08/03/2026,"$1,001-$15,000",STOCK/FUND,A,확인,,75.0
9116267,Ro Khanna (D-CA17),08,,MSCIINC. CMIN,,S,07/07/2026,08/03/2026,"$1,001-$15,000",STOCK/FUND,A,의심,owner;name-illegible,16.7
9116267,Ro Khanna (D-CA17),09,,"PROVID FULL ME, TICKER SYMBOL",,P/E,BEM/DOYe,Mrjfo AY,I/K,STOCK/FUND,IK,의심,amount-multi;type;date;notified;owner;name-illegible,43.7
9116267,Ro Khanna (D-CA17),09,,TORONTO S&P DECLARATION 500 INDEX DOMINION OF TRUST BANK LINKED TO,,P/E,07/16/2026,08/03/2026,I/K,STOCK/FUND,IK,의심,amount-multi;type;owner,87.4
9116267,Ro Khanna (D-CA17),09,SP,"IVISAINC, CMN CLASS A",,P,07/20/2026,08/03/2026,"$15,001-$50,000",STOCK/FUND,B,의심,name-illegible,59.9
9116267,Ro Khanna (D-CA17),09,SP,KROGER COMPANY CMN,,P,07/20/2026,08/03/2026,"$1,001-$15,000",STOCK/FUND,A,확인,,72.1
9116267,Ro Khanna (D-CA17),09,,CHARLES CMN SCHWAB CORPORATION,,P,07/20/2026,08/03/2026,"$1,001-$15,000",STOCK/FUND,A,의심,owner,79.1
9116267,Ro Khanna (D-CA17),09,SP,CHEWY INC CMN CLASS A,,P,07/23/2026,08/03/2026,"$1,001-$15,000",STOCK/FUND,A,의심,name-illegible,59.4
9116267,Ro Khanna (D-CA17),09,,5P__LSYSCO CORPORATION CMN,,P,07/20/2026,08/03/2026,"$1,001-$15,000",STOCK/FUND,A,의심,owner,73.5
9116267,Ro Khanna (D-CA17),09,SP,GILEAD SCIENCES CMIN,,P,07/20/2026,08/03/2026,"$1,001-$15,000",STOCK/FUND,A,의심,name-illegible,52.5
9116267,Ro Khanna (D-CA17),09,SP,LTHEHOME DEPOT INC CMN,,P,07/20/2026,08/03/2026,"$1,001-$15,000",STOCK/FUND,A,확인,,68.9
9116267,Ro Khanna (D-CA17),09,SP,INEXTERA ENERGY INC CMN,,P,07/20/2026,08/03/2026,"$1,001-$15,000",STOCK/FUND,A,확인,,79.5
9116267,Ro Khanna (D-CA17),09,,A [COMCAST VOTING CORPORATION CMN CLASS,,P,07/20/2026,08/03/2026,"$1,001-$15,000",STOCK/FUND,A,의심,owner;name-illegible,54.4
9116267,Ro Khanna (D-CA17),09,SP,AIR PRODUCTS & CHEMICALS INCCMN,,P,07/20/2026,08/03/2026,"$1,001-$15,000",STOCK/FUND,A,확인,,68.5
9116267,Ro Khanna (D-CA17),09,SP,TEXAS INSTRUMENTS INC_CMN,,P,07/20/2026,08/03/2026,"$1,001-$15,000",STOCK/FUND,A,확인,,61.4
9116267,Ro Khanna (D-CA17),09,,CALESFORCE INC CMN,,P,07/20/2026,08/03/2026,"$1,001-$15,000",STOCK/FUND,A,의심,owner,75.4
9116267,Ro Khanna (D-CA17),09,SP,LRESTA INC CMN,,P,07/20/2026,08/03/2026,"$1,001-$15,000",STOCK/FUND,A,의심,name-illegible,43.1
9116267,Ro Khanna (D-CA17),09,SP,LCME GROUP INC CMN CLASS A,,P,07/20/2026,08/03/2026,"$1,001-$15,000",STOCK/FUND,A,확인,,61.7
9116267,Ro Khanna (D-CA17),09,SP,DIGITAL REALTY TRUST INC. CIN,,P,07/20/2026,08/03/2026,"$1,001-$15,000",STOCK/FUND,A,확인,,84.1
9116267,Ro Khanna (D-CA17),09,,THEPROCTER OWN & GAMBLE COMPANY,,P,07/20/2026,08/03/2026,"$1,001-$15,000",STOCK/FUND,A,의심,owner,76.9
9116267,Ro Khanna (D-CA17),09,SP,GE FEMN HEALTHCARE TECHNOLOGIES INC,,P,07/30/2026,08/03/2026,"$1,001-$15,000",STOCK/FUND,A,확인,,82.7
9116267,Ro Khanna (D-CA17),10,,"PROVID FULL ME, TIFCKE SYMB L",,S/E,,,I/K,STOCK/FUND,IK,의심,amount-multi;type;date;notified;owner,65.5
9116267,Ro Khanna (D-CA17),10,SP,UBER TECHNOLOGIES INC. CMN X,,S/E,07/23/2026,08/03/2026,I/K,STOCK/FUND,IK,의심,amount-multi;type,89.9
9116267,Ro Khanna (D-CA17),10,SP,OHNSON & JOHNSON CMN X,,?,07/20/2026,08/03/2026,"$1,001-$15,000",STOCK/FUND,A,의심,type,79.1
9116267,Ro Khanna (D-CA17),10,,CMN [GEHEALTHCARE TECHNOLOGIES INC X,,?,07/06/2026,08/03/2026,"$1,001-$15,000",STOCK/FUND,A,의심,type;owner,83.4
9116267,Ro Khanna (D-CA17),10,SP,INT BUSINESS MACHINES CORPCMN |X,,?,07/20/2026,08/03/2026,"$1,001-$15,000",STOCK/FUND,A,의심,type,63.8
9116267,Ro Khanna (D-CA17),10,,DOLLAR GENERAL CORPORATION CMN| X,,?,07/20/2026,08/03/2026,"$1,001-$15,000",STOCK/FUND,A,의심,type;owner;name-illegible,55.7
9116267,Ro Khanna (D-CA17),10,SP,LCHEWY INC CMN CLASS A X,,?,07/14/2026,08/03/2026,"$1,001-$15,000",STOCK/FUND,A,의심,type,70.4
9116267,Ro Khanna (D-CA17),10,SP,NIKE CLASS-B CIN CLASS B X,,?,07/20/2026,08/03/2026,"$1,001-$15,000",STOCK/FUND,A,의심,type,71.8
9116267,Ro Khanna (D-CA17),10,SP,ICHEWY INC CMN CLASS A X,,?,07/13/2026,08/03/2026,"$1,001-$15,000",STOCK/FUND,A,의심,type,72.7
9116267,Ro Khanna (D-CA17),10,SP,LARETINC_CMN X,,?,07/20/2026,08/03/2026,"$1,001-$15,000",STOCK/FUND,A,의심,type;name-illegible,53.8
9116267,Ro Khanna (D-CA17),10,SP,MARVELL TECHNOLOGY INC. CIN X,MRVL.O,?,07/20/2026,08/03/2026,"$1,001-$15,000",STOCK/FUND,A,의심,type,83.8
9116267,Ro Khanna (D-CA17),10,SP,LWAUT DISNEY COMPANY (THE)CMIN | X,,?,07/20/2026,08/03/2026,"$1,001-$15,000",STOCK/FUND,A,의심,type,60.3
9116267,Ro Khanna (D-CA17),10,SP,TARGET CORPORATION CMN X,,?,07/20/2026,08/03/2026,"$1,001-$15,000",STOCK/FUND,A,의심,type,84.5
9116267,Ro Khanna (D-CA17),10,,STOCK [BOSTON SCIENTIFIC CORP COMMON X,,?,07/20/2026,08/03/2026,"$1,001-$15,000",STOCK/FUND,A,의심,type;owner,84.9
9116267,Ro Khanna (D-CA17),10,SP,LATACKROCK FUNDING INC CMN X,,?,07/20/2026,08/03/2026,"$1,001-$15,000",STOCK/FUND,A,의심,type,72.3
9116267,Ro Khanna (D-CA17),10,SP,LUINDE PLC CMIN X,,?,07/20/2026,08/03/2026,"$1,001-$15,000",STOCK/FUND,A,의심,type;name-illegible,53.7
9116267,Ro Khanna (D-CA17),10,,GE CMN HEALTHCARE TECHNOLOGIES INC X,,?,07/02/2026,08/03/2026,"$1,001-$15,000",STOCK/FUND,A,의심,type;owner,81.4
9116267,Ro Khanna (D-CA17),10,SP,UBER TECHNOLOGIES INC. CMN X,,P,07/29/2026,08/03/2026,"$1,001-$15,000",STOCK/FUND,A,확인,,80.2
9116267,Ro Khanna (D-CA17),10,SP,MCKESSON CORPORATION CMN X,,P/E,07/20/2026,08/03/2026,"$1,001-$15,000",STOCK/FUND,A,의심,type,90.2
9116267,Ro Khanna (D-CA17),11,,"PROVID FULLROME, NOT UCKER SYMBOL. PUNCHES",,S/E,| aco Av,MM/OD/YY,I/K,STOCK/FUND,IK,의심,amount-multi;type;date;notified;owner,63.4
9116267,Ro Khanna (D-CA17),11,,MICROSOFT DECLARATION CORPORATION OF TRUST CMN X,MSFT.O,S/E,07/20/2026,08/03/2026,I/K,STOCK/FUND,IK,의심,amount-multi;type;owner,91.5
9116267,Ro Khanna (D-CA17),11,SP,CHEWY INC CMN CLASS A X,,?,07/30/2026,08/03/2026,"$1,001-$15,000",STOCK/FUND,A,의심,type,79.1
9116267,Ro Khanna (D-CA17),11,SP,ARISTA NETWORKS INC. CMN X,ANET.K,?,07/20/2026,08/03/2026,"$1,001-$15,000",STOCK/FUND,A,의심,type,80.3
9116267,Ro Khanna (D-CA17),11,SP,IVISAINC CMI CLASS A X,,?,07/08/2026,08/03/2026,"$1,001-$15,000",STOCK/FUND,A,의심,type,68.0
9116267,Ro Khanna (D-CA17),11,SP,BROADCOM INC. CMN X,AVGO.O,?,07/20/2026,08/03/2026,"$1,001-$15,000",STOCK/FUND,A,의심,type,65.3
9116267,Ro Khanna (D-CA17),11,SP,IHCAHEALTHCARE INC CMN X,,?,07/20/2026,08/03/2026,"$1,001-$15,000",STOCK/FUND,A,의심,type;name-illegible,57.5
9116267,Ro Khanna (D-CA17),11,,AMGEN INC. CMN X,,?,07/08/2026,08/03/2026,"$1,001-$15,000",STOCK/FUND,A,의심,type;owner,81.7
9116267,Ro Khanna (D-CA17),11,SP,UBER TECHNOLOGIES INC CMN X,,?,07/06/2026,08/03/2026,"$1,001-$15,000",STOCK/FUND,A,의심,type,83.8
9116267,Ro Khanna (D-CA17),11,SP,UBER TECHNOLOGIES INC. CMN X,,?,07/21/2026,08/03/2026,"$1,001-$15,000",STOCK/FUND,A,의심,type,68.1
9116267,Ro Khanna (D-CA17),11,,PALANTIR CLASS A TECHNOLOGIES INC CIN X,PLTR.O,?,07/20/2026,08/03/2026,"$1,001-$15,000",STOCK/FUND,A,의심,type;owner,68.6
9116267,Ro Khanna (D-CA17),11,SP,LEISCO SYSTEMS INC. CMN X,,?,07/20/2026,08/03/2026,"$1,001-$15,000",STOCK/FUND,A,의심,type,72.0
9116267,Ro Khanna (D-CA17),11,,CONSTELLATION CLASS A BRANDS INC CMIN X,,?,07/20/2026,08/03/2026,"$1,001-$15,000",STOCK/FUND,A,의심,type;owner,77.9
9116267,Ro Khanna (D-CA17),11,,LEMN (GE HEALTHCARE TECHNOLOGIES INC X,,?,07/13/2026,08/03/2026,"$1,001-$15,000",STOCK/FUND,A,의심,type;owner;name-illegible,53.2
9116267,Ro Khanna (D-CA17),11,SP,JUPER TECHNOLOGIES INC. CMIN X,,?,07/08/2026,08/03/2026,"$1,001-$15,000",STOCK/FUND,A,의심,type,73.7
9116267,Ro Khanna (D-CA17),11,,CMN [GE HEALTHCARE TECHNOLOGIES INC X,,?,07/16/2026,08/03/2026,"$1,001-$15,000",STOCK/FUND,A,의심,type;owner,67.4
9116267,Ro Khanna (D-CA17),11,SP,LEIDOS HLDGS INC CMN X,,?,07/20/2026,08/03/2026,"$1,001-$15,000",STOCK/FUND,A,의심,type,74.0
9116267,Ro Khanna (D-CA17),11,SP,DOLLAR TREE STORES INC CMN X,,P/S,07/20/2026,08/03/2026,"$1,001-$15,000",STOCK/FUND,A,의심,type,82.7
9116267,Ro Khanna (D-CA17),11,SP,MERCK &CO_ INC. CMN X,,P,07/08/2026,08/03/2026,"$1,001-$15,000",STOCK/FUND,A,확인,,60.1
9116267,Ro Khanna (D-CA17),12,,FULLASSE NAM,,P/S/E,Date FTrantactl,BaeN Teansattl Wer,G/H,STOCK/FUND,GH,의심,amount-multi;type;date;notified;owner;name-illegible,49.4
9116267,Ro Khanna (D-CA17),12,,"PROVID FULL ME,NOTTICKE SYMBOL",,P/E,Maea/ooiry,MMfoD/Y,I/K,STOCK/FUND,IK,의심,amount-multi;type;date;notified;owner,80.9
9116267,Ro Khanna (D-CA17),12,,LPTCINC. DECLARATION CMN OF TRUST,,P/E,07/20/2026,08/03/2026,I/K,STOCK/FUND,IK,의심,amount-multi;type;owner,78.6
9116267,Ro Khanna (D-CA17),12,SP,LPAYPALHOLDINGS INC CMN,,P,07/20/2026,08/03/2026,"$1,001-$15,000",STOCK/FUND,A,확인,,61.2
9116267,Ro Khanna (D-CA17),12,SP,GE ICO HEALTHCARE TECHNOLOGIES ING,,P,07/21/2026,08/03/2026,"$1,001-$15,000",STOCK/FUND,A,확인,,75.5
9116267,Ro Khanna (D-CA17),12,SP,GE LCMN HEALTHCARE TECHNOLOGIES INC,,P,07/14/2026,08/03/2026,"$1,001-$15,000",STOCK/FUND,A,확인,,80.4
9116267,Ro Khanna (D-CA17),12,SP,MOLSON ICLASSB COORS BEVERAGE CO CMN,,P,07/20/2026,08/03/2026,"$1,001-$15,000",STOCK/FUND,A,확인,,73.4
9116267,Ro Khanna (D-CA17),12,SP,SABILINCCMN,,P,07/20/2026,08/03/2026,"$1,001-$15,000",STOCK/FUND,A,의심,name-illegible,3.7
9116267,Ro Khanna (D-CA17),12,SP,GE CM HEALTHCARE TECHNOLOGIES ING,,P,07/23/2026,08/03/2026,"$1,001-$15,000",STOCK/FUND,A,확인,,75.7
9116267,Ro Khanna (D-CA17),12,SP,SUPERMICRO COMPUTER INC.CMN,,P,07/20/2026,08/03/2026,"$1,001-$15,000",STOCK/FUND,A,확인,,75.8
9116267,Ro Khanna (D-CA17),12,SP,AUTOZONE INC CMN,,P,07/20/2026,08/03/2026,"$1,001-$15,000",STOCK/FUND,A,확인,,60.3
9116267,Ro Khanna (D-CA17),12,SP,MOSAAIC COMPANY (THE) CMN,,P,07/20/2026,08/03/2026,"$1,001-$15,000",STOCK/FUND,A,확인,,70.5
9116267,Ro Khanna (D-CA17),12,SP,CARNIVAL CORPORATION CMN,,P,07/20/2026,08/03/2026,"$1,001-$15,000",STOCK/FUND,A,확인,,78.9
9116267,Ro Khanna (D-CA17),12,SP,JO REILLY AUTOMOTIVE INC. CMN,,P,07/20/2026,08/03/2026,"$1,001-$15,000",STOCK/FUND,A,확인,,71.3
9116267,Ro Khanna (D-CA17),12,SP,LINTUIT INC CMN,,P,07/20/2026,08/03/2026,"$1,001-$15,000",STOCK/FUND,A,의심,name-illegible,12.2
9116267,Ro Khanna (D-CA17),12,SP,LEMN GE HEALTHCARE TECHNOLOGIES ING,,P,07/08/2026,08/03/2026,"$1,001-$15,000",STOCK/FUND,A,확인,,80.1
9116267,Ro Khanna (D-CA17),12,,TRIMBLE INC CMN,,P,07/20/2026,08/03/2026,"$1,001-$15,000",STOCK/FUND,A,의심,owner,80.3
9116267,Ro Khanna (D-CA17),12,SP,UBER TECHNOLOGIES INC. CMN,,P,07/14/2026,08/03/2026,"$1,001-$15,000",STOCK/FUND,A,확인,,71.3
9116267,Ro Khanna (D-CA17),12,SP,COCA COLA COMPANY (THE) CMN,,P,07/20/2026,08/03/2026,"$1,001-$15,000",STOCK/FUND,A,확인,,75.3
9116267,Ro Khanna (D-CA17),12,,SBACOMMUNICATIONS CORPORATION CMN,,P,07/20/2026,08/03/2026,"$1,001-$15,000",STOCK/FUND,A,의심,owner,87.8
9116267,Ro Khanna (D-CA17),13,,"PROVID FOBNOME, ACT TCKE SYMBOL",,P/E,,,I/K,STOCK/FUND,IK,의심,amount-multi;type;date;notified;owner;name-illegible,51.3
9116267,Ro Khanna (D-CA17),13,,CHEWY DECLARATION INC CMN OF CLASS TRUST A,,P/E,07/22/2026,08/03/2026,I/K,STOCK/FUND,IK,의심,amount-multi;type;owner,91.6
9116267,Ro Khanna (D-CA17),13,SP,\CONSTELLATION ENERGY CORPCMN,CEG.O,P,07/20/2026,08/03/2026,"$1,001-$15,000",STOCK/FUND,A,확인,,71.1
9116267,Ro Khanna (D-CA17),13,SP,GARMIN LTD CMN,,P,07/20/2026,08/03/2026,"$1,001-$15,000",STOCK/FUND,A,확인,,82.2
9116267,Ro Khanna (D-CA17),13,SP,ADOBE INC. CMN,,P,07/20/2026,08/03/2026,"$1,001-$15,000",STOCK/FUND,A,확인,,65.4
9116267,Ro Khanna (D-CA17),13,SP,CHEWY INC CMN CLASS A,,P,07/21/2026,08/03/2026,"$1,001-$15,000",STOCK/FUND,A,확인,,76.6
9116267,Ro Khanna (D-CA17),13,SP,UBER TECHNOLOGIES INC CMIN,,P,07/09/2026,08/03/2026,"$1,001-$15,000",STOCK/FUND,A,의심,name-illegible,49.0
9116267,Ro Khanna (D-CA17),13,,CMN [COSTCO WHOLESALE CORPORATION,,S,07/20/2026,08/03/2026,"$50,001-$100,000",STOCK/FUND,C,의심,owner,80.0
9116267,Ro Khanna (D-CA17),13,,CMN _|VERIZON COMMUNICATIONS INC,,S,07/20/2026,08/03/2026,"$15,001-$50,000",STOCK/FUND,B,의심,owner,63.3
9116267,Ro Khanna (D-CA17),13,SP,IWALMART INC CMN,,S,07/20/2026,08/03/2026,"$15,001-$50,000",STOCK/FUND,B,확인,,72.3
9116267,Ro Khanna (D-CA17),13,SP,MC DONALDS CORP CMN,,S,07/20/2026,08/03/2026,"$15,001-$50,000",STOCK/FUND,B,확인,,81.5
9116267,Ro Khanna (D-CA17),13,SP,FLOWES COMPANIES INC CMN,,S,07/20/2026,08/03/2026,"$15,001-$50,000",STOCK/FUND,B,확인,,68.3
9116267,Ro Khanna (D-CA17),13,,ALBERTSONS CLASS A COMPANIES INC. CM,,S,07/23/2026,08/03/2026,"$15,001-$50,000",STOCK/FUND,B,의심,owner,62.1
9116267,Ro Khanna (D-CA17),13,SP,INTEREST INC CMN CLASS A,,S,07/30/2026,08/03/2026,"$15,001-$50,000",STOCK/FUND,B,확인,,76.3
9116267,Ro Khanna (D-CA17),13,,AIMMER BIOMET HOLDINGS INC,,S,07/06/2026,08/03/2026,"$15,001-$50,000",STOCK/FUND,B,의심,owner,79.2
9116267,Ro Khanna (D-CA17),13,SP,QUALCOMM INC CMN,QCOM.O,S,07/20/2026,08/03/2026,"$15,001-$50,000",STOCK/FUND,B,확인,,80.8
9116267,Ro Khanna (D-CA17),13,SP,TENABLE HOLDINGS INC CMIN,,S,07/06/2026,08/03/2026,"$1,001-$15,000",STOCK/FUND,A,의심,name-illegible,50.9
9116267,Ro Khanna (D-CA17),13,SP,ORACLE CORPORATION CMN,ORCL.K,S,07/20/2026,08/03/2026,"$1,001-$15,000",STOCK/FUND,A,확인,,83.5
9116267,Ro Khanna (D-CA17),13,SP,MAPLEBEAR INC. CMIN,,S,07/13/2026,08/03/2026,"$1,001-$15,000",STOCK/FUND,A,확인,,85.8
9116267,Ro Khanna (D-CA17),14,,FULTASSE WOM,,P/S/E,Date fTransaciton],Haren” — Transartlo Wed oF,G/H,STOCK/FUND,GH,의심,amount-multi;type;date;notified;owner;name-illegible,12.9
9116267,Ro Khanna (D-CA17),14,,"SOF OIR PROVID ST JOA FULLNAME, OTT HER SYMBOL",,P/E,MM/DDAY,Ma/oD/yy,I/K,STOCK/FUND,IK,의심,amount-multi;type;date;notified;owner;name-illegible,46.5
9116267,Ro Khanna (D-CA17),14,,RITU SP AHUJA IMMER DECLARATION BIOMET OF TRUST HOLDINGS INC,,P/S/E,07/23/2026,08/03/2026,I/K,STOCK/FUND,IK,의심,amount-multi;type;owner,79.6
9116267,Ro Khanna (D-CA17),14,SP,LSVNOPSYS INC CMN,,S,07/20/2026,08/03/2026,"$1,001-$15,000",STOCK/FUND,A,의심,name-illegible,55.4
9116267,Ro Khanna (D-CA17),14,SP,I CALLAWAY GOLF COMPANY CMN,,S,07/20/2026,08/03/2026,"$1,001-$15,000",STOCK/FUND,A,확인,,78.4
9116267,Ro Khanna (D-CA17),14,SP,PENN ENTERTAINMENT INC CMN,,S,07/16/2026,08/03/2026,"$1,001-$15,000",STOCK/FUND,A,확인,,75.9
9116267,Ro Khanna (D-CA17),14,SP,I TENABLE HOLDINGS INC CMN,,S,07/01/2026,08/03/2026,"$1,001-$15,000",STOCK/FUND,A,확인,,67.1
9116267,Ro Khanna (D-CA17),14,,GP [COGNIZANT CORP CLASS A TECHNOLOGY SOLUTIONS,,S,07/20/2026,08/03/2026,"$1,001-$15,000",STOCK/FUND,A,의심,owner,84.4
9116267,Ro Khanna (D-CA17),14,SP,GARTNER INC CMN,,S,07/20/2026,08/03/2026,"$1,001-$15,000",STOCK/FUND,A,확인,,61.2
9116267,Ro Khanna (D-CA17),14,SP,COSTAR GROUP INC. CMN,,S,07/20/2026,08/03/2026,"$1,001-$15,000",STOCK/FUND,A,확인,,61.9
9116267,Ro Khanna (D-CA17),14,SP,PEPSICO INC. CMN,,S,07/20/2026,08/03/2026,"$1,001-$15,000",STOCK/FUND,A,확인,,66.8
9116267,Ro Khanna (D-CA17),14,SP,ECOLAS INC. CMN,,S,07/20/2026,08/03/2026,"$1,001-$15,000",STOCK/FUND,A,의심,name-illegible,51.5
9116267,Ro Khanna (D-CA17),14,,GP [CHARTER CMN COMMUNICATIONS FIC,,S,07/20/2026,08/03/2026,"$1,001-$15,000",STOCK/FUND,A,의심,owner,73.8
9116267,Ro Khanna (D-CA17),14,SP,I CALLAWAY GOLF COMPANY CIN,,S,07/22/2026,08/03/2026,"$1,001-$15,000",STOCK/FUND,A,확인,,63.1
9116267,Ro Khanna (D-CA17),14,SP,CIVIN [AMERICAN TOWER CORPORATION,,S,07/20/2026,08/03/2026,"$1,001-$15,000",STOCK/FUND,A,확인,,63.7
9116267,Ro Khanna (D-CA17),14,SP,MICRON TECHNOLOGY INC CMN,MU.O,S,07/06/2026,08/03/2026,"$1,001-$15,000",STOCK/FUND,A,확인,,67.6
9116267,Ro Khanna (D-CA17),14,SP,LENNAR CORPORATION CMN CLASS A,,S,07/20/2026,08/03/2026,"$1,001-$15,000",STOCK/FUND,A,확인,,72.2
9116267,Ro Khanna (D-CA17),14,SP,I ZIMMER BIOMET HOLDINGS INC,,S,07/13/2026,08/03/2026,"$1,001-$15,000",STOCK/FUND,A,확인,,65.7
9116267,Ro Khanna (D-CA17),14,SP,CROWN CASTLE INTL CORP CMN,,P/S/E,07/20/2026,08/03/2026,"$1,001-$15,000",STOCK/FUND,A,의심,type,75.6
9116267,Ro Khanna (D-CA17),14,SP,"MICRON TECHNOLOGY INC, CMN",MU.O,P/S,07/08/2026,08/03/2026,"$1,001-$15,000",STOCK/FUND,A,의심,type,81.1
9116267,Ro Khanna (D-CA17),15,,"A PROVID: FULL NOME, NOT UCKER SYMBOL, LONASRE | SAE",,P/S/E,wayoope,saya,I/K,STOCK/FUND,IK,의심,amount-multi;type;date;notified;owner;name-illegible,36.4
9116267,Ro Khanna (D-CA17),15,,RITU SP AHUJA _|TENABLE DECLARATION HOLDINGS OF TRUST INC CMN X,,P/S/E,07/07/2026,08/03/2026,I/K,STOCK/FUND,IK,의심,amount-multi;type;owner,78.6
9116267,Ro Khanna (D-CA17),15,SP,I TENABLE HOLDINGS INC CMN X,,S/E,07/13/2026,08/03/2026,"$1,001-$15,000",STOCK/FUND,A,의심,type,63.3
9116267,Ro Khanna (D-CA17),15,SP,ELEVANCE HEALTH INC CMIN X,,E,07/20/2026,08/03/2026,"$1,001-$15,000",STOCK/FUND,A,확인,,73.0
9116267,Ro Khanna (D-CA17),15,SP,PENN ENTERTAINMENT INC CMN X,,S/E,07/09/2026,08/03/2026,"$1,001-$15,000",STOCK/FUND,A,의심,type,67.7
9116267,Ro Khanna (D-CA17),15,SP,CALLAWAY GOLF COMPANY CMN X,,S/E,07/30/2026,08/03/2026,"$1,001-$15,000",STOCK/FUND,A,의심,type,77.3
9116267,Ro Khanna (D-CA17),15,SP,LAMGENINC CMN X,,E,07/20/2026,08/03/2026,"$1,001-$15,000",STOCK/FUND,A,의심,name-illegible,49.4
9116267,Ro Khanna (D-CA17),15,SP,"INTUITIVE SURGICAL, INC, CIN X",,?,07/20/2026,08/03/2026,"$1,001-$15,000",STOCK/FUND,A,의심,type,75.9
9116267,Ro Khanna (D-CA17),15,SP,ZOETIS INC _CMN CLASS A X,,E,07/20/2026,08/03/2026,"$1,001-$15,000",STOCK/FUND,A,확인,,63.7
9116267,Ro Khanna (D-CA17),15,SP,HONEYWELL INTERNATIONAL INC CMN X,,?,07/20/2026,08/03/2026,"$1,001-$15,000",STOCK/FUND,A,의심,type,77.9
9116267,Ro Khanna (D-CA17),15,SP,HONEYWELL AEROSPACE INC CMN X,,?,07/08/2026,08/03/2026,"$1,001-$15,000",STOCK/FUND,A,의심,type,78.7
9116267,Ro Khanna (D-CA17),15,SP,IAG ENERGY INC CMN X,,?,07/20/2026,08/03/2026,"$1,001-$15,000",STOCK/FUND,A,의심,type,71.0
9116267,Ro Khanna (D-CA17),15,SP,CALLAWAY GOLF COMPANY CMN X,,S/E,07/27/2026,08/03/2026,"$1,001-$15,000",STOCK/FUND,A,의심,type,82.9
9116267,Ro Khanna (D-CA17),15,SP,LVERTIV HOLDINGS LLC CMN CLASS A X,,E,07/20/2026,08/03/2026,"$1,001-$15,000",STOCK/FUND,A,확인,,79.8
9116267,Ro Khanna (D-CA17),15,SP,LULULEMON ATHLETICA INC. CMN X,,?,07/20/2026,08/03/2026,"$1,001-$15,000",STOCK/FUND,A,의심,type,76.3
9116267,Ro Khanna (D-CA17),15,SP,TROLLINS INC_REGOFF SCTASKO796638 X,,?,07/20/2026,08/03/2026,"$1,001-$15,000",STOCK/FUND,A,의심,type,68.9
9116267,Ro Khanna (D-CA17),15,SP,TRADE DESK INC (THE) CMN X,,?,07/20/2026,08/03/2026,"$1,001-$15,000",STOCK/FUND,A,의심,type,82.5
9116267,Ro Khanna (D-CA17),15,SP,COHERENT CORP CMIN X,COHR.K,?,07/20/2026,08/03/2026,"$1,001-$15,000",STOCK/FUND,A,의심,type,65.9
9116267,Ro Khanna (D-CA17),15,SP,CIGNA GROUP/THE CMN X,,E,07/20/2026,08/03/2026,A/C,STOCK/FUND,AC,의심,amount-multi,87.8
9116267,Ro Khanna (D-CA17),16,,FELLAS TH M,,P,Date fTransactio,Transact!,G/H,STOCK/FUND,GH,의심,amount-multi;date;notified;owner;name-illegible,51.2
9116267,Ro Khanna (D-CA17),16,,"PROVID ""NC FULAAME, PA? ACT TCKE SYMBEH",,P/S/E,,,I/K,STOCK/FUND,IK,의심,amount-multi;type;date;notified;owner;name-illegible,41.1
9116267,Ro Khanna (D-CA17),16,,CMN INTERCONTINENTAL DECLARATION OF TRUST EXCHANGE INC,,P/S/E,07/20/2026,08/03/2026,I/K,STOCK/FUND,IK,의심,amount-multi;type;owner,84.9
9116267,Ro Khanna (D-CA17),16,SP,EMERSON ELECTRIC CO CMN,,P,07/20/2026,08/03/2026,"$1,001-$15,000",STOCK/FUND,A,확인,,62.7
9116267,Ro Khanna (D-CA17),16,SP,CORPORATION [PARAMOUNT SKYDANCE CMN CLASS B,,P,07/20/2026,08/03/2026,"$1,001-$15,000",STOCK/FUND,A,확인,,77.4
9116267,Ro Khanna (D-CA17),16,SP,DUPONT DE NEMOURS INC. CMN,,P,07/20/2026,08/03/2026,"$1,001-$15,000",STOCK/FUND,A,확인,,88.0
9116267,Ro Khanna (D-CA17),16,SP,FASTENAL COMPANY CMN,,P,07/20/2026,08/03/2026,"$1,001-$15,000",STOCK/FUND,A,확인,,84.6
9116267,Ro Khanna (D-CA17),16,,"COINBASE GLOBAL, INC CMN CLASS A",COIN.O,P,07/20/2026,08/03/2026,"$1,001-$15,000",STOCK/FUND,A,의심,owner,80.4
9116267,Ro Khanna (D-CA17),16,,APOLLO ICMN CLASSA GLOBAL MANAGEMENT INC,,P,07/20/2026,08/03/2026,"$1,001-$15,000",STOCK/FUND,A,의심,owner;name-illegible,49.8
9116267,Ro Khanna (D-CA17),16,SP,ALBEMARLE CORP CMN,,P,07/20/2026,08/03/2026,"$1,001-$15,000",STOCK/FUND,A,확인,,63.9
9116267,Ro Khanna (D-CA17),16,SP,LCALLAWAY GOLF COMPANY CMN,,P,07/21/2026,08/03/2026,"$1,001-$15,000",STOCK/FUND,A,확인,,68.1
9116267,Ro Khanna (D-CA17),16,SP,TENABLE HOLDINGS INC CMN,,P,07/09/2026,08/03/2026,"$1,001-$15,000",STOCK/FUND,A,확인,,67.2
9116267,Ro Khanna (D-CA17),16,SP,MOTOROLA SOLUTIONS INC CMN,,P,07/20/2026,08/03/2026,"$1,001-$15,000",STOCK/FUND,A,확인,,78.8
9116267,Ro Khanna (D-CA17),16,SP,TENABLE HOLDINGS INC CMIN,,P,07/02/2026,08/03/2026,"$1,001-$15,000",STOCK/FUND,A,확인,,65.0
9116267,Ro Khanna (D-CA17),17,,RITUAHULAWGEGTRUST GP [BOFA INDEX FINANCE LLC LINKED TO S&P 500,,P/E,07/16/2026,08/03/2026,I/K,STOCK/FUND,IK,의심,amount-multi;type;owner,63.0
9116267,Ro Khanna (D-CA17),17,,GP SPONSORED [MIZUHO FINANCIAL AOR CMIN GROUP INC,,P,07/10/2026,08/03/2026,"$15,001-$50,000",STOCK/FUND,B,의심,owner,81.3
9116267,Ro Khanna (D-CA17),17,,CP [AXA SHARES UAP AMERICAN DEPOSITARY,,P,07/10/2026,08/03/2026,"$15,001-$50,000",STOCK/FUND,B,의심,owner,74.1
9116267,Ro Khanna (D-CA17),17,,GP _||SHARES FUND INC MISCIJAPAN ETF MUTUAL,,P,07/10/2026,08/03/2026,"$15,001-$50,000",STOCK/FUND,B,의심,owner,63.5
9116267,Ro Khanna (D-CA17),17,SP,31GROUP PLCUNSPONSORED ADRCMN,,P,07/10/2026,08/03/2026,"$1,001-$15,000",STOCK/FUND,A,확인,,65.1
9116267,Ro Khanna (D-CA17),17,SP,LATO TINTO PLC SPONSORED ADR,,P,07/10/2026,08/03/2026,"$1,001-$15,000",STOCK/FUND,A,확인,,84.7
9116267,Ro Khanna (D-CA17),17,,GP 07/10/2026 _|CALL/OCEP FLEX EURO PM 99 EXP,,P,07/10/2026,08/03/2026,"$1,001-$15,000",OPTION,A,의심,owner,72.0
9116267,Ro Khanna (D-CA17),17,,CP 07/10/2026 |CALL/UBS FLEXEURO PM @SO EXP,,P,07/10/2026,08/03/2026,"$1,001-$15,000",OPTION,A,의심,owner,70.0
9116267,Ro Khanna (D-CA17),17,,GP 07/10/2026 _[CALL/SMFG FLEX EURO” PV 25 EXP,,P,07/10/2026,08/03/2026,"$1,001-$15,000",OPTION,A,의심,owner;name-illegible,53.3
9116267,Ro Khanna (D-CA17),17,SP,LPUT/XSP @ 690 EXP 10/16/2026,,S,07/23/2026,08/03/2026,"$1,001-$15,000",OPTION,A,확인,,71.6
9116267,Ro Khanna (D-CA17),17,SP,LPURSXSP @ 710 EXP 10/16/2026,,S,07/31/2026,08/03/2026,"$1,001-$15,000",OPTION,A,확인,,69.8
9116267,Ro Khanna (D-CA17),17,SP,LEUTYXSP @ 709 EXP 09/18/2026,,S,07/01/2026,08/03/2026,"$1,001-$15,000",OPTION,A,확인,,77.9
9116267,Ro Khanna (D-CA17),17,SP,LPUT/XSP @ 699 EXP 03/30/2026,,S,07/09/2026,08/03/2026,"$1,001-$15,000",OPTION,A,확인,,75.3
9116267,Ro Khanna (D-CA17),17,,CP _|SONY SPONSORED GROUP ADR CORPORATION CMN,,S,07/10/2026,08/03/2026,"$15,001-$50,000",STOCK/FUND,B,의심,owner,82.5
9116267,Ro Khanna (D-CA17),17,,GP SPONSORED [SUMITOMO MITSUI AOR CMN FINANCIAL GRP,,S,07/10/2026,08/03/2026,"$15,001-$50,000",STOCK/FUND,B,의심,owner,78.0
9116267,Ro Khanna (D-CA17),17,SP,IRELX PLC SPONSORED ADR CMN,,S,07/10/2026,08/03/2026,"$15,001-$50,000",STOCK/FUND,B,확인,,68.1
9116267,Ro Khanna (D-CA17),17,SP,CAP GEMINI ADR CMN,,S,07/10/2026,08/03/2026,"$1,001-$15,000",STOCK/FUND,A,확인,,74.5
9116267,Ro Khanna (D-CA17),17,SP,ABB LTD SPONSORED ADR CIN,,S,07/10/2026,08/03/2026,"$1,001-$15,000",STOCK/FUND,A,확인,,74.9
9116267,Ro Khanna (D-CA17),18,,TRAST [CLEVELAND 5% 01/01/27 PARTNERSHIP OHIO JI ARPT SYS REV REV X,,P/S/E,07/08/2026,08/03/2026,I/K,BOND,IK,의심,amount-multi;type;owner,69.1
9116267,Ro Khanna (D-CA17),18,,JON CMN SEMICONDUCTOR CORPORATION X,,?,07/27/2026,08/03/2026,"$1,001-$15,000",STOCK/FUND,A,의심,type;owner,78.2
9116267,Ro Khanna (D-CA17),18,,CHIOST 12/15/26 MAIOR JD NEW ST REV 5% X,,?,07/01/2026,08/03/2026,"$1,001-$15,000",BOND,A,의심,type;owner,61.9
9116267,Ro Khanna (D-CA17),18,,OHIO 42/01/3250 ST WAR DEV AUTH REV REV SY X,,?,07/15/2026,08/03/2026,"$1,001-$15,000",STOCK/FUND,A,의심,type;owner,70.4
9116267,Ro Khanna (D-CA17),18,DC,5 NORTHEAST COCOY 11/15/26 OHIO REGIONAL MN REV X,,?,07/14/2026,08/03/2026,"$1,001-$15,000",STOCK/FUND,A,의심,type,80.5
9116267,Ro Khanna (D-CA17),18,DC,OHIO LAV 5% ST 12/01/26 WTR DEV JD AUTH POLLUTION X,,?,07/14/2026,08/03/2026,"$1,001-$15,000",BOND,A,의심,type,81.2
9116267,Ro Khanna (D-CA17),18,DC,CLEVELAND LOSSOAY27. 9 OHIO WTR REV REV 596 X,,?,07/10/2026,08/03/2026,"$1,001-$15,000",STOCK/FUND,A,의심,type,70.1
9116267,Ro Khanna (D-CA17),18,,CMN MONOLITHIC POWER SYSTEMS INC X,,?,07/27/2026,08/03/2026,"$1,001-$15,000",STOCK/FUND,A,의심,type;owner,90.4
9116267,Ro Khanna (D-CA17),18,,JONIO ST GO 5¥ 03/01/27 MS X,,?,07/08/2026,08/03/2026,"$1,001-$15,000",STOCK/FUND,A,의심,type;owner;name-illegible,56.7
9116267,Ro Khanna (D-CA17),18,DC,LONLO ST REV 59% 04/02/27 AO X,,?,07/06/2026,08/03/2026,"$1,001-$15,000",BOND,A,의심,type,72.9
9116267,Ro Khanna (D-CA17),18,DC,ARM HOLDINGS PLC ADR CMN X,,?,07/24/2026,98/03/26],"$1,001-$15,000",STOCK/FUND,A,의심,type;notified,80.2
9116267,Ro Khanna (D-CA17),18,DC,MARVELL TECHNOLOGY INC. CMN X,MRVL.O,?,07/24/2026,_0g/03/26|__x,"$1,001-$15,000",STOCK/FUND,A,의심,type;notified;name-illegible,50.3
9116267,Ro Khanna (D-CA17),18,,06/30/27 [NORTH SLOPE JD BORO ALASKA GO 5% X,,?,07/08/2026,08/03/2026,"$1,001-$15,000",BOND,A,의심,type;owner,86.1
9116267,Ro Khanna (D-CA17),18,DC,ADVANCED MICRO BEVICES INC CUN} | X,AMD.O,S/E,07/24/2026,08/03/2026,"$1,001-$15,000",STOCK/FUND,A,의심,type;name-illegible,58.4
9116267,Ro Khanna (D-CA17),18,DC,CATERPILLAR INC (DELAWARE) CMN X,,S/E,07/27/2026,08/03/2026,"$1,001-$15,000",STOCK/FUND,A,의심,type,83.3
9116267,Ro Khanna (D-CA17),18,,COMPANY NVENT ELECTRIC PUBLIC LIMITED X,,S/E,07/27/2026,08/03/2026,"$1,001-$15,000",STOCK/FUND,A,의심,type;owner,85.2
9116267,Ro Khanna (D-CA17),18,,GE VERNOVA LLC CMN X,GEV,S/E,07/27/2026,08/03/2026,"$1,001-$15,000",STOCK/FUND,A,의심,type;owner,61.4
9116328,Ro Khanna (D-CA17),02,,"PROMD FULL OMA, IRREV CK SYMBOT TRUST FBO",,P/E,mioosry,MM/(obiry,I/K,STOCK/FUND,IK,의심,amount-multi;type;date;notified;owner;name-illegible,58.6
9116328,Ro Khanna (D-CA17),02,,AND THEBANK S&P USHA 500 AHUJA.2010 INDEX OF NOVA - SCOTIA LINKED TO,,P/S/E,08/27/2026,09/01/2026,I/K,STOCK/FUND,IK,의심,amount-multi;type;owner,75.5
9116328,Ro Khanna (D-CA17),02,,500 [BARCLAYS INDEX BANK PLCLINKED TO S&P,,P,08/06/2026,09/01/2026,"$15,001-$50,000",STOCK/FUND,B,의심,owner,87.3
9116328,Ro Khanna (D-CA17),02,DC,MERCK & CO_INC. CMN,,P,08/07/2026,09/01/2026,"$15,001-$50,000",STOCK/FUND,B,확인,,71.0
9116328,Ro Khanna (D-CA17),02,,MARVELL TECHNOLOGY INC CMN,MRVL.O,P,08/07/2026,09/01/2026,"$1,001-$15,000",STOCK/FUND,A,의심,owner,83.5
9116328,Ro Khanna (D-CA17),02,,WELLS PERPETUAL FARGO & COMPANY HYBRID,,P,08/28/2026,09/01/2026,"$1,001-$15,000",STOCK/FUND,A,의심,owner,87.8
9116328,Ro Khanna (D-CA17),02,,CALL/MSFT 08/07/2026 FLEX EURO PM 485 EXP,,P,08/07/2026,09/01/2026,"$1,001-$15,000",OPTION,A,의심,owner,88.9
9116328,Ro Khanna (D-CA17),02,,CALI/TMO 03/07/2026 FLEX EURO PM @ 555 EXP,,P,08/07/2026,09/01/2026,"$1,001-$15,000",OPTION,A,의심,owner,84.8
9116328,Ro Khanna (D-CA17),02,DC,T MOBILE US INC. CMN,,S,08/07/2026,09/01/2025,"$1,001-$15,000",STOCK/FUND,A,확인,,78.0
9116328,Ro Khanna (D-CA17),02,,JCHNSOW & JOHNSON CMN,,S,08/07/2026,09/01/2026,"$1,001-$15,000",STOCK/FUND,A,의심,owner,83.9
9116328,Ro Khanna (D-CA17),02,,ALPHABET INC CMN CLASS C,GOOGL.O,S,08/07/2026,09/01/2026,"$1,001-$15,000",STOCK/FUND,A,의심,owner,71.3
9116328,Ro Khanna (D-CA17),03,,"PROVID FULL NEME, NAT TICKER SYMBOL 4",,P/S/E,| ayo,mayposer |,I/K,STOCK/FUND,IK,의심,amount-multi;type;date;notified;owner,76.8
9116328,Ro Khanna (D-CA17),03,,GRANDCHILDREN LAMRIZE LTD CMN S EDUCATION TRAST,,P/E,08/07/2026,09/02/2026,I/K,STOCK/FUND,IK,의심,amount-multi;type;owner,71.2
9116328,Ro Khanna (D-CA17),03,,FACTSET RESEARCH SYSTEMS INC CMN,,S,08/19/2026,09/01/2026,"$1,001-$15,000",STOCK/FUND,A,의심,owner,94.2
9116328,Ro Khanna (D-CA17),03,,CALLAWAY GOLF COMPANY CMN,,S,08/04/2026,09/01/2026,"$1,001-$15,000",STOCK/FUND,A,의심,owner,92.2
9116328,Ro Khanna (D-CA17),03,,PINTEREST INC CMN CLASS A,,S,08/04/2026,09/01/2026,"$1,001-$15,000",STOCK/FUND,A,의심,owner,91.6
9116328,Ro Khanna (D-CA17),04,,FULL ASS# AM,,P/S/E,Cate ct Transact,“ta Transactio No TOT,G/H,STOCK/FUND,GH,의심,amount-multi;type;date;notified;owner;name-illegible,51.6
9116328,Ro Khanna (D-CA17),04,,AWW. A EE LE EE EE WE EE TE RE IH SA,,P/E,.,” fe,I/K,STOCK/FUND,IK,의심,amount-multi;type;date;notified;owner;name-illegible,27.8
9116328,Ro Khanna (D-CA17),04,,EOPA INDEX FBO FINANCE KHANNA LLC CHILDREN LINKED ~ TO SEP 500,,P/S/E,08/13/2026,09/01/2026,I/K,STOCK/FUND,IK,의심,amount-multi;type;owner,69.6
9116328,Ro Khanna (D-CA17),04,,500 [BARCLAYS INDEX BANK PLC LINKED TO S&P,,P,08/06/2026,03/01/2020,"$50,001-$100,000",STOCK/FUND,C,의심,owner,66.0
9116328,Ro Khanna (D-CA17),04,DC,MICROSOFT CORPORATION CMN,MSFT.O,P,08/10/2026,09/01/2026,"$50,001-$100,000",STOCK/FUND,C,확인,,86.3
9116328,Ro Khanna (D-CA17),04,,BOSTON STOCK SCIENTIFIC CORP COMMON,,P,08/10/2026,09/01/2026,"$1,001-$15,000",STOCK/FUND,A,의심,owner,82.0
9116328,Ro Khanna (D-CA17),04,,PEPSTCO INC CMN,,P,08/10/2026,09/01/2026,"$1,001-$15,000",STOCK/FUND,A,의심,owner,68.9
9116328,Ro Khanna (D-CA17),04,DC,FERGUSON ENTCRPRISES NC.CMN,,P,08/10/2026,09/01/2026,"$1,001-$15,000",STOCK/FUND,A,의심,name-illegible,53.1
9116328,Ro Khanna (D-CA17),04,DC,EATON CORP PLC CMN,ETN,P,08/10/2026,09/01/2026,"$1,001-$15,000",STOCK/FUND,A,의심,name-illegible,57.3
9116328,Ro Khanna (D-CA17),04,DC,AT&T INC. CMN,,P,08/10/2026,09/01/2026,"$1,001-$15,000",STOCK/FUND,A,의심,name-illegible,30.4
9116328,Ro Khanna (D-CA17),04,,ILENNAR CORPORATION CMNCLASSA,,P,08/10/2026,09/01/2026,"$1,001-$15,000",STOCK/FUND,A,의심,owner,65.4
9116328,Ro Khanna (D-CA17),04,,SLACKROCK FUNDING INC CMN,,P,08/10/2026,99/01/26],"$1,001-$15,000",STOCK/FUND,A,의심,notified;owner,69.5
9116328,Ro Khanna (D-CA17),04,,ISALESFORCE INC CMN,CRM,P,08/10/2026,09/01/2026,"$1,001-$15,000",STOCK/FUND,A,의심,owner;name-illegible,41.3
9116328,Ro Khanna (D-CA17),04,,JPRANE CMN TECHNOLOGIES PUBLIC LIMI,,P,08/10/2026,09/01/2026,"$1,001-$15,000",STOCK/FUND,A,의심,owner,65.2
9116328,Ro Khanna (D-CA17),04,DC,RIRSTSOLAR INC. CMN,,P,08/10/2026,09/01/2026,"$1,001-$15,000",STOCK/FUND,A,확인,,63.3
9116328,Ro Khanna (D-CA17),04,DC,NXP SEMICONDUCTORS N V_CMN,,P,08/10/2026,09/01/2026,"$1,001-$15,000",STOCK/FUND,A,의심,name-illegible,58.3
9116328,Ro Khanna (D-CA17),04,,CMN [CHARTER COMMUNICATIONS INC,,P,08/10/2026,09/01/2026,"$1,001-$15,000",STOCK/FUND,A,의심,owner,78.4
9116328,Ro Khanna (D-CA17),04,,CRH PUBLIC LIMITED COMPANY CMN,,P,08/10/2026,09/01/2026,"$1,001-$15,000",STOCK/FUND,A,의심,owner,66.7
9116328,Ro Khanna (D-CA17),04,,APOLLO CMIN CLASS GLOBAL A MANAGEMENT INC,,P,08/10/2026,ag/o1f26|,"$1,001-$15,000",STOCK/FUND,A,의심,notified;owner,88.3
9116328,Ro Khanna (D-CA17),04,DC,ACCENTURE PLCCMN CLASS A,,P,08/10/2026,09/01/2026,"$1,001-$15,000",STOCK/FUND,A,확인,,74.0
9116328,Ro Khanna (D-CA17),04,,MICKESSON CORPORATION CMNN,,P,03/10/2026,09/03/2026,"$1,001-$15,000",STOCK/FUND,A,의심,owner;name-illegible,44.1
9116328,Ro Khanna (D-CA17),05,,FULLAS KAM YYPEOF,,P/S,Date fTrans ction,T ansretion oF,G/H,STOCK/FUND,GH,의심,amount-multi;type;date;notified;owner;name-illegible,52.6
9116328,Ro Khanna (D-CA17),05,,"SPIDWIT. PROVID FOF AME, NAT CHER RYMBOL UCHE",,S/E,MM/Dofy¢t,MAYOD/YY,I/K,STOCK/FUND,IK,의심,amount-multi;type;date;notified;owner;name-illegible,28.4
9116328,Ro Khanna (D-CA17),05,,2020 DE TRUST |IUNOLS FBO KHANNA TOOL WORKS CHILDREN CMIN X,,P/S/E,08/10/2026,09/01/2026,I/K,STOCK/FUND,IK,의심,amount-multi;type;owner,71.3
9116328,Ro Khanna (D-CA17),05,DC,EISERV INC CMN X,,?,08/10/2026,09/01/2026,"$1,001-$15,000",STOCK/FUND,A,의심,type,68.2
9116328,Ro Khanna (D-CA17),05,DC,LOWES COMPANIES INC CMIN X,,?,08/10/2026,09/01/2026,"$1,001-$15,000",STOCK/FUND,A,의심,type,63.9
9116328,Ro Khanna (D-CA17),05,DC,COGNIZANT CORP CLASS TECHNOLOGY A SOLUTIONS XK,,?,08/10/2026,09/01/2026,"$1,001-$15,000",STOCK/FUND,A,의심,type,70.5
9116328,Ro Khanna (D-CA17),05,DC,LRORP MOTOR COMPANY CMN X,,?,08/10/2026,09/01/2026,"$1,001-$15,000",STOCK/FUND,A,의심,type,76.7
9116328,Ro Khanna (D-CA17),05,DC,LAS VEGAS SANDS CORP CMN X,,?,08/10/2026,09/01/2026,"$1,001-$15,000",STOCK/FUND,A,의심,type,78.5
9116328,Ro Khanna (D-CA17),05,DC,TRACTOR SUPPLY COMPANY CMN X,,?,08/10/2026,09/01/2026,"$1,001-$15,000",STOCK/FUND,A,의심,type,93.0
9116328,Ro Khanna (D-CA17),05,,DT LENNOX INTERNATIONAL INC CMN X,,?,08/10/2026,09/01/2026,"$1,001-$15,000",STOCK/FUND,A,의심,type;owner,89.8
9116328,Ro Khanna (D-CA17),05,DC,DOORDASH INC CMN CLASS A X,,?,08/10/2026,09/01/2026,"$1,001-$15,000",STOCK/FUND,A,의심,type,68.7
9116328,Ro Khanna (D-CA17),05,,OC _ISYWOPSYS INC. CMIN X,,?,08/10/2026,09/02/2026,"$1,001-$15,000",STOCK/FUND,A,의심,type;owner,68.6
9116328,Ro Khanna (D-CA17),05,,OC LEMCOR GROUP INC. CMIN X,,?,08/10/2026,09/01/2026,"$1,001-$15,000",STOCK/FUND,A,의심,type;owner,75.0
9116328,Ro Khanna (D-CA17),05,,OC MICROCHIP CW TECH NOLOGY INCORPORA X,,?,08/10/2026,09/01/2026,"$1,001-$15,000",STOCK/FUND,A,의심,type;owner,73.8
9116328,Ro Khanna (D-CA17),05,,OC LANITY ELECTRONICS INC CMN X,,?,08/10/2026,09/01/2026,"$1,001-$15,000",STOCK/FUND,A,의심,type;owner,66.9
9116328,Ro Khanna (D-CA17),05,,BC LAPOSE INC CMN X,,?,08/10/2026,09/01/2026,"$1,001-$15,000",STOCK/FUND,A,의심,type;owner;name-illegible,34.6
9116328,Ro Khanna (D-CA17),05,DC,QUANTA SERVICES INC CMN K,PWR,?,08/10/2026,09/01/2026,"$1,001-$15,000",STOCK/FUND,A,의심,type,74.9
9116328,Ro Khanna (D-CA17),05,DC,MC DONALDS CORP CMN,,P,08/10/2026,09/01/2026,"$15,001-$50,000",STOCK/FUND,B,확인,,66.8
9116328,Ro Khanna (D-CA17),05,DC,QUALCOMM INC CMN,QCOM.O,P,08/10/2026,09/03/2026,"$15,001-$50,000",STOCK/FUND,B,의심,name-illegible,58.6
9116328,Ro Khanna (D-CA17),05,DC,CENTENE CORPORATION CMN,,P/E,08/10/2026,09/01/2026,"$15,001-$50,000",STOCK/FUND,B,의심,type;name-illegible,56.1
9116328,Ro Khanna (D-CA17),05,DC,LTESLA INC CMN,,P,03/10/2026,09/01/2026,"$1,001-$15,000",STOCK/FUND,A,확인,,63.3
9116328,Ro Khanna (D-CA17),06,,FULLASS NAMA,,P/E,Date cf Transaction,Bate Trensattla Ratiteed of,G/H,STOCK/FUND,GH,의심,amount-multi;type;date;notified;owner;name-illegible,51.6
9116328,Ro Khanna (D-CA17),06,,PROVID FULNOM VA RET TKER SYMBOL,,P/E,| anafoopy,MaMOoNY,I/K,STOCK/FUND,IK,의심,amount-multi;type;date;notified;owner;name-illegible,45.1
9116328,Ro Khanna (D-CA17),06,DC,TRUST ICARRIER FBO KNANNA GLOBAL CHIFDREN CORPORATION CMN,,P/S/E,08/10/2026,09/01/2026,I/K,STOCK/FUND,IK,의심,amount-multi;type,86.8
9116328,Ro Khanna (D-CA17),06,DC,IR MOBILE US INC CMN,,S,08/10/2026,09/01/2026,"$1,001-$15,000",STOCK/FUND,A,확인,,67.6
9116328,Ro Khanna (D-CA17),06,,AFLAC INCORPORATED CMN,,S,08/10/2026,09/01/2026,"$1,001-$15,000",STOCK/FUND,A,의심,owner,73.3
9116328,Ro Khanna (D-CA17),06,,CLASS [META PLATFORMS A INC CLASS A CMIN,META.O,S,08/10/2026,09/01/2026,"$1,001-$15,000",STOCK/FUND,A,의심,owner,72.3
9116328,Ro Khanna (D-CA17),06,DC,NIKE CLASS-B CMI CLASS B,,S,08/10/2026,09/02/2026,"$1,001-$15,000",STOCK/FUND,A,확인,,64.5
9116328,Ro Khanna (D-CA17),06,,AMERICAN CMN TOWER CORPORATION,,S,08/10/2026,09/01/2026,"$1,001-$15,000",STOCK/FUND,A,의심,owner,80.4
9116328,Ro Khanna (D-CA17),06,,APPLOVIN A CORPORATION CMM CLASS,,S,08/10/2026,09/01/2026,"$1,001-$15,000",STOCK/FUND,A,의심,owner,86.6
9116328,Ro Khanna (D-CA17),06,,CADENCE DESIGN SYSTEMS INC CMIN,,S,08/10/2026,09/01/2026,"$1,001-$15,000",STOCK/FUND,A,의심,owner,71.3
9116328,Ro Khanna (D-CA17),06,DC,SERVICENOW INC CMN,NOW,S,08/10/2026,09/01/2026,"$1,001-$15,000",STOCK/FUND,A,확인,,73.3
9116328,Ro Khanna (D-CA17),06,,TAKE INC TWO INTERACTIVE SOFTWARE,,S,08/10/2026,09/03/2026,"$1,001-$15,000",STOCK/FUND,A,의심,owner,80.0
9116328,Ro Khanna (D-CA17),06,,ICOINBASE GLOBAL INC CMN CLASSA,COIN.O,S,08/10/2026,09/01/2026,"$1,001-$15,000",STOCK/FUND,A,의심,owner;name-illegible,58.7
9116328,Ro Khanna (D-CA17),06,DC,INTL BUSINESS MACHINES CORP CMN,,S,08/10/2026,09/01/2026,"$1,001-$15,000",STOCK/FUND,A,의심,name-illegible,49.0
9116328,Ro Khanna (D-CA17),06,,MARTIN CMN MARIETTA MATERIALS INC,,S,08/10/2026,09/01/2026,"$1,001-$15,000",STOCK/FUND,A,의심,owner,76.8
9116328,Ro Khanna (D-CA17),06,DC,GILEAD SCIENCES CMN,,S,08/10/2026,09/01/2026,"$1,001-$15,000",STOCK/FUND,A,확인,,66.2
9116328,Ro Khanna (D-CA17),06,,FREEPORT MCMORAN INC CMN,FCX,S,08/10/2026,09/01/2026,"$1,001-$15,000",STOCK/FUND,A,의심,owner,64.3
9116328,Ro Khanna (D-CA17),06,DC,IVULCAN MATERIALS CO CMIN,VMC,S,08/10/2026,09/01/2026,"$1,001-$15,000",STOCK/FUND,A,확인,,64.8
9116328,Ro Khanna (D-CA17),06,DC,FORTINET INC CMN,FTNT.O,S,98/10/26,09/01/2026,"$1,001-$15,000",STOCK/FUND,A,의심,date,77.0
9116328,Ro Khanna (D-CA17),06,,"INTUITIVE SURGICAL, INC. CMIN",,S,08/10/2026,09/01/2026,"$1,001-$15,000",STOCK/FUND,A,의심,owner,73.9
9116328,Ro Khanna (D-CA17),06,DC,ALTRIA GROUP INC CMN,,S,08/10/2026,09/01/2026,"$1,001-$15,000",STOCK/FUND,A,확인,,64.2
9116328,Ro Khanna (D-CA17),07,,"PROVIDE FELL ACME, NOT UCKER SYMBAL",,P/S/E,MMIDO/YY,MMOD AYY,I/K,STOCK/FUND,IK,의심,amount-multi;type;date;notified;owner;name-illegible,56.3
9116328,Ro Khanna (D-CA17),07,,TRUST COMMON JUNTED FBO KHANNA PARCELSERVICE STOCK CHILDREN INC CLASS,,P/S/E,08/10/2026,09/01/2026,I/K,STOCK/FUND,IK,의심,amount-multi;type;owner,83.1
9116328,Ro Khanna (D-CA17),07,DC,BUILDERS FIRSTSOURCE INC. CMN,,S,08/10/2026,03/01/2026,"$1,001-$15,000",STOCK/FUND,A,확인,,69.9
9116328,Ro Khanna (D-CA17),07,,MOBILITY GLOBALINC CMIN,,S,08/10/2026,09/01/2026,"$1,001-$15,000",STOCK/FUND,A,의심,owner;name-illegible,40.6
9116328,Ro Khanna (D-CA17),07,,CMIN FEDEX FREIGHT HOLDING COMPANY,,S,08/10/2026,09/01/2026,"$1,001-$15,000",STOCK/FUND,A,의심,owner,85.6
9116328,Ro Khanna (D-CA17),08,,"PROM FULL OME, NOT TICKER YMBO!",,P/S/E,MM/DD/YY,“MMyD fer,I/K,STOCK/FUND,IK,의심,amount-multi;type;date;notified;owner;name-illegible,54.4
9116328,Ro Khanna (D-CA17),08,,S00 BARCLAYS DECLARATION INDEX BANK OF PLC TRUST LINKED TO S&P,,P/S/E,08/06/2026,09/01/2026,I/K,STOCK/FUND,IK,의심,amount-multi;type;owner,87.2
9116328,Ro Khanna (D-CA17),08,SP,TRE /C&P BANK 500 INDEX OF NOVA SCOTIA LINKED TO,,P,08/27/2026,09/01/2026,"$50,001-$100,000",STOCK/FUND,C,확인,,79.3
9116328,Ro Khanna (D-CA17),08,,WELLS S&P 500 FARGO INDEX FINANCE ULC LINKED TO,,P,08/27/2026,09/01/2026,"$50,001-$100,000",STOCK/FUND,C,의심,owner,87.1
9116328,Ro Khanna (D-CA17),08,SP,QQUALCOMM INC CMN,QCOM.O,P,08/24/2026,09/01/2026,"$15,001-$50,000",STOCK/FUND,B,확인,,61.4
9116328,Ro Khanna (D-CA17),08,SP,COSTCO LEMN WHOLESALE CORPORATION,,P,08/24/2026,09/01/2026,"$1,001-$15,000",STOCK/FUND,A,확인,,64.3
9116328,Ro Khanna (D-CA17),08,SP,OWES COMPANIES INC CMN,,P,08/24/2026,09/01/2026,"$1,001-$15,000",STOCK/FUND,A,확인,,83.6
9116328,Ro Khanna (D-CA17),08,SP,GRACLE CORPORATION CMN,,P,08/24/2026,09/01/2026,"$1,001-$15,000",STOCK/FUND,A,확인,,68.1
9116328,Ro Khanna (D-CA17),08,,AMRIZE MARVELL LTD TECHNOLOGY CMN INC. CMN,MRVL.O,P,08/24/26| 08/07/26},05/01/26] 09/01/26],A/I/K,STOCK/FUND,AIK,의심,amount-multi;date;notified;owner,67.3
9116328,Ro Khanna (D-CA17),08,SP,WALMART INC CMN,,P,08/24/2026,09/o1/z6l,"$1,001-$15,000",STOCK/FUND,A,의심,notified;name-illegible,59.1
9116328,Ro Khanna (D-CA17),08,SP,IMERCK & CO INC. CMN,,P,08/24/2026,09/01/2026,"$1,001-$15,000",STOCK/FUND,A,확인,,64.2
9116328,Ro Khanna (D-CA17),08,SP,MODERNA INC CMN,MRNA.O,P,08/24/2026,o9/or/2e|,"$1,001-$15,000",STOCK/FUND,A,의심,notified;name-illegible,34.9
9116328,Ro Khanna (D-CA17),08,,CHEWY CHEWY INC INC CMN CMI CLASS CLASS A A,,P,08/13/26} 08/04/26],09/01/26] 09/01/26],A/I/K,STOCK/FUND,AIK,의심,amount-multi;date;notified;owner,65.6
9116328,Ro Khanna (D-CA17),08,SP,CHEWY INC CMN CLASS A,,P,08/12/2026,09/01/2026,"$1,001-$15,000",STOCK/FUND,A,확인,,81.2
9116328,Ro Khanna (D-CA17),08,,"INTUITIVE BUILDERS FIRSTSOURCE SURGICAL, INC_CMN INC. CMN",,P/E,08/24/26] 08/24/26],09/01/26] 09/01/26},A/I/K,STOCK/FUND,AIK,의심,amount-multi;type;date;notified;owner,76.5
9116328,Ro Khanna (D-CA17),08,SP,LENNAR CORPORATION CMN CLASS A,,P,08/24/2026,09/01/2025,"$1,001-$15,000",STOCK/FUND,A,확인,,93.9
9116328,Ro Khanna (D-CA17),09,,FUG AS TN M,,P/S/E,"Bat {Tre ssetlon,",Dat Transactlo Notihed,G/H,STOCK/FUND,GH,의심,amount-multi;type;date;notified;owner;name-illegible,24.3
9116328,Ro Khanna (D-CA17),09,,PROVID {2 ME NOTCH SYMBAL,,P/E,MM/DOAY,Mad/pofer,I/K,STOCK/FUND,IK,의심,amount-multi;type;date;notified;owner;name-illegible,49.1
9116328,Ro Khanna (D-CA17),09,,LULULEMON DECLARATION ATHLETICA OF TRUST INC. CMN,,P/E,08/24/2026,09/01/2025,I/K,STOCK/FUND,IK,의심,amount-multi;type;owner,92.5
9116328,Ro Khanna (D-CA17),09,,CMN [CHARTER COMMUNICATIONS INC,,P,08/24/2026,09/01/2026,"$1,001-$15,000",STOCK/FUND,A,의심,owner,78.4
9116328,Ro Khanna (D-CA17),09,SP,MIC DONALDS CORP CMN,,P,08/24/2026,09/01/2026,"$1,001-$15,000",STOCK/FUND,A,확인,,77.6
9116328,Ro Khanna (D-CA17),09,SP,LAMRIZE LTO CMN,,P,08/12/2026,99/01/26|,"$1,001-$15,000",STOCK/FUND,A,의심,notified,67.5
9116328,Ro Khanna (D-CA17),09,SP,CHEWY INC CMIN CLASS A,,P,08/11/2026,09/01/2026,"$1,001-$15,000",STOCK/FUND,A,확인,,74.9
9116328,Ro Khanna (D-CA17),09,SP,ARISTA NETWORKS INC CMN,ANET.K,P,08/24/2026,09/01/2026,"$1,001-$15,000",STOCK/FUND,A,확인,,61.1
9116328,Ro Khanna (D-CA17),09,SP,COOPER COS INC/THE CMN,,P,08/28/2026,09/01/2026,"$1,001-$15,000",STOCK/FUND,A,확인,,75.4
9116328,Ro Khanna (D-CA17),09,,COOPER COS INC/THE CVIN,,P,08/31/2026,09/01/2026,"$1,001-$15,000",STOCK/FUND,A,의심,owner,64.1
9116328,Ro Khanna (D-CA17),09,SP,EACTSET RESEARCH SYSTEMS INC CMIN,,S,08/19/2026,03/01/2026,"$1,001-$15,000",STOCK/FUND,A,확인,,87.7
9116328,Ro Khanna (D-CA17),09,,ELANCO CMN ANIMAL HEALTH INCORPORA,,S,08/04/2026,09/01/2026,"$1,001-$15,000",STOCK/FUND,A,의심,owner,85.3
9116328,Ro Khanna (D-CA17),09,,APPLOVIN A CORPORATION CMN CLASS,,S,08/24/2026,09/03/2026,"$1,001-$15,000",STOCK/FUND,A,의심,owner,83.8
9116328,Ro Khanna (D-CA17),09,SP,NEXTERA ENERGY INC CMIN,,S,08/24/2026,09/01/2026,"$1,001-$15,000",STOCK/FUND,A,확인,,78.6
9116328,Ro Khanna (D-CA17),09,SP,TEXAS INSTRUMENTS INC_CMIN,,S,08/24/2026,09/01/2026,"$1,001-$15,000",STOCK/FUND,A,의심,name-illegible,42.6
9116328,Ro Khanna (D-CA17),09,SP,FUNDE PLC CMN,,S,08/24/2026,09/01/2026,"$1,001-$15,000",STOCK/FUND,A,의심,name-illegible,53.9
9116328,Ro Khanna (D-CA17),09,SP,TESLA INC. CMN,TSLA.O,S,08/24/2026,09/01/2026,"$1,001-$15,000",STOCK/FUND,A,의심,name-illegible,59.8
9116328,Ro Khanna (D-CA17),09,SP,PINTEREST INC CMN CLASS A,,S,08/04/2026,09/01/2026,"$1,001-$15,000",STOCK/FUND,A,확인,,85.3
9116328,Ro Khanna (D-CA17),09,SP,INCA VOYIX CORP CMN CLASS A,,S,08/05/2026,09/01/2026,"$1,001-$15,000",STOCK/FUND,A,확인,,78.5
9116328,Ro Khanna (D-CA17),09,SP,CONSOLIDATED EDISON INC CMN,,S,08/24/2026,09/01/2026,"$1,001-$15,000",STOCK/FUND,A,확인,,91.0
9116328,Ro Khanna (D-CA17),10,,FOL] AS TN ME,,P/S/E,Oa iT cansactle,Daten Transaction Ord F,"$5,000,001-$25,000,000",STOCK/FUND,H,의심,type;date;notified;owner,60.5
9116328,Ro Khanna (D-CA17),10,,"ROVID FULL AME, OBTICK SYMBOL",,P/E,| Ma/DD/Y¥,meyopfrr |,I/K,STOCK/FUND,IK,의심,amount-multi;type;date;notified;owner,65.6
9116328,Ro Khanna (D-CA17),10,,DACLARAUOR OF RON TRUST — ITA,,P/E,,,I/K,STOCK/FUND,IK,의심,amount-multi;type;date;notified;owner;name-illegible,56.3
9116328,Ro Khanna (D-CA17),10,SP,CALLAWAY GOLF-COMPANY CMN,,P/S/E,03/04/2026,09/01/2026,A/B/F/H/I/K,STOCK/FUND,ABFHIK,의심,amount-multi;type,70.7
9116328,Ro Khanna (D-CA17),10,SP,DOLLAR GENERAL CORPORATION CY,,S,08/24/2026,03/01/2026,"$1,001-$15,000",STOCK/FUND,A,확인,,66.0
9116328,Ro Khanna (D-CA17),10,SP,CISCO SYSTEMS INC CMN,CSCO.O,S,08/24/2026,09/01/2026,"$1,001-$15,000",STOCK/FUND,A,의심,name-illegible,43.3
9116328,Ro Khanna (D-CA17),10,,CRH PUBLIC LIMITED COMPANY CMIN,,S,08/24/2026,09/01/2026,"$1,001-$15,000",STOCK/FUND,A,의심,owner,78.2
9116328,Ro Khanna (D-CA17),10,SP,NIKE CLASS B CMN CLASS B,,S,08/24/2026,09/01/2026,"$1,001-$15,000",STOCK/FUND,A,확인,,66.0
9116328,Ro Khanna (D-CA17),10,SP,LEVS HEALTH CORP CMN,,S,08/24/2026,09/01/2026,"$1,001-$15,000",STOCK/FUND,A,확인,,71.7
9116328,Ro Khanna (D-CA17),10,SP,PINTEREST INC CMN CLASS A,,S,08/03/2026,09/01/2026,"$1,001-$15,000",STOCK/FUND,A,확인,,76.5
9116328,Ro Khanna (D-CA17),10,SP,ITIS FARGO & COMPANY CMN,,S,08/24/2026,09/01/2026,"$1,001-$15,000",STOCK/FUND,A,의심,name-illegible,45.1
9116328,Ro Khanna (D-CA17),10,,"S?IEROAPCOM INC CMN , OT",,S,08/24/2026,09/01/2026,"$1,001-$15,000",STOCK/FUND,A,의심,owner;name-illegible,39.9
9116328,Ro Khanna (D-CA17),10,,IG<LUS SPORTS LTD GMN,,S,03/05/2026,09/01/2026,"$1,001-$15,000",STOCK/FUND,A,의심,owner;name-illegible,42.7
9116328,Ro Khanna (D-CA17),10,SP,AUTOZONE INC CMN,,S,08/24/2026,09/01/2026,"$1,001-$15,000",STOCK/FUND,A,의심,name-illegible,53.7
9116328,Ro Khanna (D-CA17),10,,HE CMN PROCTER & GAMBLE CON A PANY,,S,08/24/2026,09/01/2026,"$1,001-$15,000",STOCK/FUND,A,의심,owner;name-illegible,46.2
9116328,Ro Khanna (D-CA17),10,,CALLAWAY GOLF-COMPANY CMN,,S,08/03/2026,09/01/2026,"$1,001-$15,000",STOCK/FUND,A,의심,owner,70.7
9116328,Ro Khanna (D-CA17),10,SP,LVISTRA CORP CMN,,S,08/24/2026,09/01/2026,"$1,001-$15,000",STOCK/FUND,A,의심,name-illegible,56.3
9116328,Ro Khanna (D-CA17),10,SP,\CARRIER GLOBAL CORPORATION CIN,,S,08/24/2026,09/01/2026,"$1,001-$15,000",STOCK/FUND,A,의심,name-illegible,58.6
9116328,Ro Khanna (D-CA17),10,,UNITEDHEALTH CMIN GROUP INCORPORATE,,S,08/24/2026,09/01/2026,"$1,001-$15,000",STOCK/FUND,A,의심,owner,66.7
9116328,Ro Khanna (D-CA17),11,,"EE PROVID FULLNAME, EE NA EKKER NS SYMBOL. AE",,P/E,moos,MM/oorry,I/K,STOCK/FUND,IK,의심,amount-multi;type;date;notified;owner;name-illegible,23.6
9116328,Ro Khanna (D-CA17),11,,BARCLAYS INDEX 1994 TRUST BANK PLC LINKED A °O SEP500| A,,P/S/E,08/06/2026,09/01/2026,I/K,STOCK/FUND,IK,의심,amount-multi;type;owner,60.4
9116328,Ro Khanna (D-CA17),11,,PPMORGAN 500 INDEX CHASE & CO LINKED TO S&P,,P,08/27/2026,09/01/2026,"$100,001-$250,000",STOCK/FUND,D,의심,owner,82.5
9116328,Ro Khanna (D-CA17),11,SP,MICROSOFT CORPORATION C¥IN,MSFT.O,P,08/03/2026,09/01/2026,"$15,001-$50,000",STOCK/FUND,B,확인,,60.4
9116328,Ro Khanna (D-CA17),11,SP,JORACLE CORPORATION CMN,,P,08/03/2026,09/01/2026,"$15,001-$50,000",STOCK/FUND,B,확인,,69.1
9116328,Ro Khanna (D-CA17),11,,"5P_LBROADCOM INC, CMN",AVGO.O,P,08/03/2026,09/01/2026,"$15,001-$50,000",STOCK/FUND,B,의심,owner;name-illegible,58.3
9116328,Ro Khanna (D-CA17),11,SP,LOWES COMPANIES INC CMN,,P,08/03/2026,09/01/2026,"$1,001-$15,000",STOCK/FUND,A,확인,,75.7
9116328,Ro Khanna (D-CA17),11,SP,TEXAS INSTRUMENTS INC CMN,,P,08/03/2026,09/01/2026,"$1,001-$15,000",STOCK/FUND,A,의심,name-illegible,58.8
9116328,Ro Khanna (D-CA17),11,SP,LKKR & CO_INC. CMIN,,P,08/03/2026,09/01/2026,"$1,001-$15,000",STOCK/FUND,A,의심,name-illegible,31.6
9116328,Ro Khanna (D-CA17),11,SP,LANT R CAM TOWER CORPORATION CMN,,P,08/03/2026,09/02/2026,"$1,001-$15,000",STOCK/FUND,A,확인,,70.0
9116328,Ro Khanna (D-CA17),11,SP,GRD MOTOR COMPANY CM: ~,,P,08/03/2026,09/01/2026,"$1,001-$15,000",STOCK/FUND,A,의심,name-illegible,32.9
9116328,Ro Khanna (D-CA17),11,,WATT 6 SSLTY COMPANY (THE) CMN,,P,08/03/2026,09/01/2026,"$1,001-$15,000",STOCK/FUND,A,의심,owner;name-illegible,38.7
9116328,Ro Khanna (D-CA17),11,SP,IAUTRIAGROUP INC CMN,,P,03/03/2026,_99/01/26|__x,"$1,001-$15,000",STOCK/FUND,A,의심,notified;name-illegible,48.7
9116328,Ro Khanna (D-CA17),11,SP,LEMCOR GROUP INC CMN,,P,08/03/2026,09/01/2026,"$1,001-$15,000",STOCK/FUND,A,의심,name-illegible,58.1
9116328,Ro Khanna (D-CA17),11,SP,MARTIN LV ARIETTA MATERIALS INC CMIN,,P,08/03/2026,09/01/2026,"$1,001-$15,000",STOCK/FUND,A,확인,,71.4
9116328,Ro Khanna (D-CA17),11,SP,VERTIV HOLDINGS LLC CMN CLASS A,VRT,P,08/03/2026,09/03/2026,"$1,001-$15,000",STOCK/FUND,A,확인,,71.6
9116328,Ro Khanna (D-CA17),11,,COGNIZANT CORP CLASS A TECHNOLOGY SOLUTIONS,,P,08/03/2026,09/01/2026,"$1,001-$15,000",STOCK/FUND,A,의심,owner,79.5
9116328,Ro Khanna (D-CA17),11,SP,"LATRT INC, CMN",,P,03/03/2026,09/01/2026,"$1,001-$15,000",STOCK/FUND,A,의심,name-illegible,34.3
9116328,Ro Khanna (D-CA17),11,SP,FT MOBILEUS INC CMN,,P,08/03/2026,09/01/2026,"$1,001-$15,000",STOCK/FUND,A,확인,,77.1
9116328,Ro Khanna (D-CA17),11,SP,TRACTOR SUPPLY COMPANY CMN,,P,08/03/2026,09/01/2026,"$1,001-$15,000",STOCK/FUND,A,확인,,93.3
9116328,Ro Khanna (D-CA17),12,,UBAS ST TAME,,P/S/E,DateotTreasection|,——_rangactlo wat,G/H,STOCK/FUND,GH,의심,amount-multi;type;date;notified;owner;name-illegible,14.0
9116328,Ro Khanna (D-CA17),12,,FREEPORT 1994 TRUST MCMORAN INC CMN,FCX,P/S/E,08/03/2026,09/01/2026,I/K,STOCK/FUND,IK,의심,amount-multi;type;owner,85.8
9116328,Ro Khanna (D-CA17),12,SP,BOSTON STOCK SCIENTIFIC CORP COMMON,,P,08/03/2026,09/01/2026,"$1,001-$15,000",STOCK/FUND,A,확인,,84.5
9116328,Ro Khanna (D-CA17),12,SP,UNITED RENTALS INC. CMN,,P,08/03/2026,69/02/26},"$1,001-$15,000",STOCK/FUND,A,의심,notified,82.5
9116328,Ro Khanna (D-CA17),12,SP,BUILDERS FIRSTSOURCE INC. EMN,,P,08/03/2026,09/03/2026,"$1,001-$15,000",STOCK/FUND,A,확인,,71.8
9116328,Ro Khanna (D-CA17),12,SP,CME GROUP INC CMN CLASS A,,P,08/03/2026,09/01/2026,"$1,001-$15,000",STOCK/FUND,A,확인,,78.8
9116328,Ro Khanna (D-CA17),12,SP,MARVELL TECHNOLOGY INC. CMN,MRVL.O,P,08/03/2026,09/01/2026,"$1,001-$15,000",STOCK/FUND,A,확인,,92.8
9116328,Ro Khanna (D-CA17),12,SP,"TAPESTRY, INC CMN",,P,08/03/2026,09/01/2026,"$1,001-$15,000",STOCK/FUND,A,의심,name-illegible,32.7
9116328,Ro Khanna (D-CA17),12,SP,UNITED AIRLINES HOLDINGS INC CMIN,,P,08/03/2026,09/01/2026,"$1,001-$15,000",STOCK/FUND,A,확인,,91.0
9116328,Ro Khanna (D-CA17),12,,LENNAR CORPORATION CHIN CLASS A,,P,08/03/2026,o9/ol/26|,"$1,001-$15,000",STOCK/FUND,A,의심,notified;owner,79.1
9116328,Ro Khanna (D-CA17),12,SP,LUMENTUM HOLOINGS INC CMIN,LITE.O,P,08/03/2026,09/01/2025,"$1,001-$15,000",STOCK/FUND,A,확인,,86.9
9116328,Ro Khanna (D-CA17),12,SP,GARTNER INC. CMN,,P,08/03/2026,09/02/2026,"$1,001-$15,000",STOCK/FUND,A,확인,,90.5
9116328,Ro Khanna (D-CA17),12,SP,RALPH LAUREN CORP CMN_CLASS T A,,P,08/03/2026,09/03/2026,"$1,001-$15,000",STOCK/FUND,A,확인,,82.6
9116328,Ro Khanna (D-CA17),12,SP,LULULEMON ATHLETICA INC CMIN,,P,08/03/2026,09/01/2026,"$1,001-$15,000",STOCK/FUND,A,확인,,76.2
9116328,Ro Khanna (D-CA17),12,SP,DR HORTON INC CMN,,P,08/03/2026,09/01/2026,"$1,001-$15,000",STOCK/FUND,A,확인,,92.8
9116328,Ro Khanna (D-CA17),12,SP,CMN }FEOEX FREIGHT HOLOING COMPANY,,P,08/03/2026,69/01/26},"$1,001-$15,000",STOCK/FUND,A,의심,notified,74.4
9116328,Ro Khanna (D-CA17),12,SP,CROWN CASTLE INTL CORP CMN,,P,08/03/2026,09/01/2026,"$1,001-$15,000",STOCK/FUND,A,확인,,89.9
9116328,Ro Khanna (D-CA17),13,,FULLAS ET NAME,,P,date {Transactic,Transact ta df,G/H,STOCK/FUND,GH,의심,amount-multi;date;notified;owner;name-illegible,14.6
9116328,Ro Khanna (D-CA17),13,,"PEODD FIDINENE, OTDETER PIEL",,P,,,I/K,STOCK/FUND,IK,의심,amount-multi;date;notified;owner;name-illegible,21.7
9116328,Ro Khanna (D-CA17),13,,CMN {GE 1994 HEALTHCARE TRUST TECHNOLOGIES INC,,P,08/03/2026,09/01/2026,I/K,STOCK/FUND,IK,의심,amount-multi;owner,77.7
9116328,Ro Khanna (D-CA17),13,SP,FLEX LTD CMN,,P,08/03/2026,09/01/2026,"$1,001-$15,000",STOCK/FUND,A,확인,,83.1
9116328,Ro Khanna (D-CA17),13,SP,DECKERS OUTOGORS CORP CMN,,P,08/03/2026,05/01/2026,"$1,001-$15,000",STOCK/FUND,A,확인,,89.4
9116328,Ro Khanna (D-CA17),13,SP,"ROLLINS INC, REGOFF SCTASKO796638",,P,08/03/2026,09/01/2026,"$1,001-$15,000",STOCK/FUND,A,확인,,80.5
9116328,Ro Khanna (D-CA17),13,SP,CRH PUBLIC LIMITED COMPANY CMN,,P,08/03/2026,09/03/2026,"$1,001-$15,000",STOCK/FUND,A,확인,,90.7
9116328,Ro Khanna (D-CA17),13,,INSULET CORPORATION CMN,,P,08/03/2026,09/02/2026,"$1,001-$15,000",STOCK/FUND,A,의심,owner,92.2
9116328,Ro Khanna (D-CA17),13,SP,A [ESTEE LAUDER COS INC CL A CMN CLASS,,P,08/03/2026,09/01/2026,"$1,001-$15,000",STOCK/FUND,A,확인,,80.7
9116328,Ro Khanna (D-CA17),13,SP,RESMED INC CVN A,,P,08/03/2026,08/01/2026,"$1,001-$15,000",STOCK/FUND,A,의심,name-illegible,47.1
9116328,Ro Khanna (D-CA17),13,SP,KEYSIGHT TECHNOLOGIES INC CMN,,P,08/03/2026,09/01/2026,"$1,001-$15,000",STOCK/FUND,A,확인,,83.5
9116328,Ro Khanna (D-CA17),13,SP,CLASSA _|MASTERCARD INCORPORATED CMN,MA,P,08/03/2026,09/01/2026,"$1,001-$15,000",STOCK/FUND,A,확인,,74.9
9116328,Ro Khanna (D-CA17),13,SP,IDEXX LABORATORICS CMN,,P,08/03/2026,09/01/2026,"$1,001-$15,000",STOCK/FUND,A,확인,,87.3
9116328,Ro Khanna (D-CA17),13,SP,ZOETIS INC CMN CLASS A,,P,08/03/2026,09/03/2026,"$1,001-$15,000",STOCK/FUND,A,확인,,90.0
9116328,Ro Khanna (D-CA17),13,SP,ULTA BEAUTY INC CMN,,P,08/03/2026,09/01/2026,"$1,001-$15,000",STOCK/FUND,A,확인,,91.5
9116328,Ro Khanna (D-CA17),13,SP,AMAZON COM INC CMN,AMZN.O,P,08/93/26),"ag/o1f26,","$1,001-$15,000",STOCK/FUND,A,의심,date;notified,91.6
9116328,Ro Khanna (D-CA17),13,SP,08/14/2026 [CALLING FLEX EURO PM @33 EXP,,P,08/14/2026,09/01/2026,"$1,001-$15,000",OPTION,A,의심,name-illegible,54.6
9116328,Ro Khanna (D-CA17),13,SP,CALL/BBVA 08/14/2026 FLEX EURO PM 27 EXP,,P,08/14/2026,09/01/2026,"$1,001-$15,000",OPTION,A,확인,,92.2
9116328,Ro Khanna (D-CA17),14,,F 1LASSE NAME,,S,D teof ransactlon|,Gara — Trania Noun lo dT,G/H,STOCK/FUND,GH,의심,amount-multi;date;notified;owner;name-illegible,51.6
9116328,Ro Khanna (D-CA17),14,,"PROVID FULLNAME, ECT BECKER SYMBOL",,P/S/E,wad/aoyy,MM/ODIYY,I/K,STOCK/FUND,IK,의심,amount-multi;type;date;notified;owner;name-illegible,58.5
9116328,Ro Khanna (D-CA17),14,,PUT/XSP 1994 TRUST @ QN 730 EXP 11/20/2026,,P/S/E,08/31/2026,09/01/2026,I/K,OPTION,IK,의심,amount-multi;type;owner,84.9
9116328,Ro Khanna (D-CA17),14,SP,PUT/XSP @ 735 EXP 10/30/2026,,S,08/12/2026,09/01/2026,"$1,001-$15,000",OPTION,A,확인,,91.8
9116328,Ro Khanna (D-CA17),14,SP,PUT/XSP @ 735 EXP 69/30/2026,,S,08/06/2026,09/01/2026,"$1,001-$15,000",OPTION,A,확인,,90.5
9116328,Ro Khanna (D-CA17),14,SP,PUT/XSP @ 725 EXP 10/30/2026,,S,08/20/2026,09/01/2026,"$1,001-$15,000",OPTION,A,확인,,94.4
9116328,Ro Khanna (D-CA17),14,SP,THE HOME DEPOT INC CMN,,S,08/03/2026,09/01/2026,"$15,001-$50,000",STOCK/FUND,B,확인,,89.0
9116328,Ro Khanna (D-CA17),14,SP,PEPSICO INC CMN,,S,08/03/2026,09/01/2026,"$15,001-$50,000",STOCK/FUND,B,확인,,93.1
9116328,Ro Khanna (D-CA17),14,SP,"TESLA INC, CMIN",TSLA.O,S,08/03/2026,09/01/2026,"$15,001-$50,000",STOCK/FUND,B,확인,,81.7
9116328,Ro Khanna (D-CA17),14,SP,TIX COMPANIES INC (NEW) CMN,,S,08/03/2026,09/01/2026,"$15,001-$50,000",STOCK/FUND,B,확인,,90.5
9116328,Ro Khanna (D-CA17),14,SP,NTUITIVE SURGICAL INC CMN I‘,,S,08/03/2026,09/01/2026,"$1,001-$15,000",STOCK/FUND,A,확인,,62.6
9116328,Ro Khanna (D-CA17),14,SP,APPLOVIN CORPORATION CMN CLASS A,,S,08/03/2026,09/01/2026,"$1,001-$15,000",STOCK/FUND,A,확인,,74.8
9116328,Ro Khanna (D-CA17),14,SP,CITIGROUP INC _CMN,,S,08/03/2026,09/01/2026,"$1,001-$15,000",STOCK/FUND,A,확인,,67.0
9116328,Ro Khanna (D-CA17),14,SP,SYNOPSYS INC. CMN,,S,08/03/2026,09/01/2026,"$1,001-$15,000",STOCK/FUND,A,확인,,82.3
9116328,Ro Khanna (D-CA17),14,SP,QUALCOMM INC CMN,QCOM.O,S,08/03/2026,03/01/2026,"$1,001-$15,000",STOCK/FUND,A,확인,,91.6
9116328,Ro Khanna (D-CA17),14,SP,INTEL CORPORATION CMN,INTC.O,S,08/03/2026,03/01/2026,"$1,001-$15,000",STOCK/FUND,A,확인,,94.0
9116328,Ro Khanna (D-CA17),14,SP,UBER TECHNOLOGIES INC_CMN,,S,08/03/2026,09/01/2026,"$1,001-$15,000",STOCK/FUND,A,확인,,91.7
9116328,Ro Khanna (D-CA17),14,,INTL BUSINESS MACHINES CORP CMN,,S,08/03/2026,09/01/2026,"$1,001-$15,000",STOCK/FUND,A,의심,owner,92.8
9116328,Ro Khanna (D-CA17),15,,AU AS TNAME,,P/S/E,Bate f_ransection],“Dateto Trans ctloa Tedor,G/H,STOCK/FUND,GH,의심,amount-multi;type;date;notified;owner;name-illegible,3.0
9116328,Ro Khanna (D-CA17),15,,"PTOWID FULLNAME, MO TEKER SYMBOL",,P/E,,OD prY,I/K,STOCK/FUND,IK,의심,amount-multi;type;date;notified;owner;name-illegible,46.0
9116328,Ro Khanna (D-CA17),15,,NIKE 1994 CLASS TRUST B CMN CLASS B I,,P/S/E,08/03/2026,09/01/2026,I/K,STOCK/FUND,IK,의심,amount-multi;type;owner,79.9
9116328,Ro Khanna (D-CA17),15,SP,CADCAICE DESIGN SYSTEMS INC CMIN,,S,08/03/2026,09/01/2026,"$1,001-$15,000",STOCK/FUND,A,확인,,75.6
9116328,Ro Khanna (D-CA17),15,SP,OLD DOMINION FREIGHT UNE INC CMN,,S,08/03/2026,09/01/2026,"$1,001-$15,000",STOCK/FUND,A,확인,,87.0
9116328,Ro Khanna (D-CA17),15,SP,VICI PROPERTIES INC CMIN,,S,08/03/2026,09/01/2026,"$1,001-$15,000",STOCK/FUND,A,확인,,74.4
9116328,Ro Khanna (D-CA17),15,SP,VULCAN MATERIALS CO CMN,VMC,S,08/03/2026,09/01/2026,"$1,001-$15,000",STOCK/FUND,A,확인,,90.4
9116328,Ro Khanna (D-CA17),15,SP,CORNING INCORPORATED CMN,GLW,S,08/03/2026,69/01/26,"$1,001-$15,000",STOCK/FUND,A,의심,notified,93.0
9116328,Ro Khanna (D-CA17),15,SP,SANDISK CORPORATION CMN,SNDK.O,S,08/03/2026,09/01/2026,"$1,001-$15,000",STOCK/FUND,A,확인,,87.1
9116328,Ro Khanna (D-CA17),15,SP,A ROBINHOOD MARKETS _ INC. $ CMN CLASS,HOOD.O,S,08/03/2026,09/01/2026,"$1,001-$15,000",STOCK/FUND,A,확인,,74.4
9116328,Ro Khanna (D-CA17),15,SP,LENNOX INTERNATIONALINCCMN,,S,08/03/2026,09/01/2026,"$1,001-$15,000",STOCK/FUND,A,의심,name-illegible,39.5
9116328,Ro Khanna (D-CA17),15,SP,ADVANCED MICRO DEVICES INC CMN,AMD.O,S,08/03/2026,09/01/2026,"$1,001-$15,000",STOCK/FUND,A,확인,,86.2
9116328,Ro Khanna (D-CA17),15,SP,CISCO SYSTEMS INC. CMN,CSCO.O,S,08/03/2026,09/01/2026,"$1,001-$15,000",STOCK/FUND,A,의심,name-illegible,45.9
9116328,Ro Khanna (D-CA17),15,SP,NETFLIX INC. CMIN,,S,08/03/2026,09/01/2026,"$1,001-$15,000",STOCK/FUND,A,의심,name-illegible,59.3
9116328,Ro Khanna (D-CA17),15,,LAM RESEARCH CORPORATION CMN,,S,08/03/2026,09/01/2026,"$1,001-$15,000",STOCK/FUND,A,의심,owner,92.7
9116328,Ro Khanna (D-CA17),15,SP,HUBBELL INCORPORATED CMN,,S,08/03/2026,09/02/2026,"$1,001-$15,000",STOCK/FUND,A,확인,,92.7
9116328,Ro Khanna (D-CA17),15,SP,CIENA CORPORATION CMN,CIEN.K,S,08/03/2026,09/01/2026,"$1,001-$15,000",STOCK/FUND,A,확인,,88.6
9116328,Ro Khanna (D-CA17),15,SP,COLGATE PALMOLIVE CO CMN,,S,08/03/2026,09/01/2026,"$1,001-$15,000",STOCK/FUND,A,확인,,92.4
9116328,Ro Khanna (D-CA17),16,,FOIL ASSAT MAME,,P,OatectIremaction|,Dae Transaction heed 1,G/H,STOCK/FUND,GH,의심,amount-multi;date;notified;owner;name-illegible,31.3
9116328,Ro Khanna (D-CA17),16,,SPROG PROVID FUIINOE: NOTECKERSYMT £,,P/S/E,| wyoosry,MM/ODIVe,I/K,STOCK/FUND,IK,의심,amount-multi;type;date;notified;owner;name-illegible,29.4
9116328,Ro Khanna (D-CA17),16,,&: UW 5P AHUJA GODADDY 1394 TRT INC_CMN CLASS - A,,P/E,08/03/2026,09/01/2026,I/K,STOCK/FUND,IK,의심,amount-multi;type;owner;name-illegible,49.3
9116328,Ro Khanna (D-CA17),16,SP,EDWARDS CMN LIFESCIENCES CORPORATI,,P,08/03/2026,09/03/2025,"$1,001-$15,000",STOCK/FUND,A,확인,,72.6
9116328,Ro Khanna (D-CA17),16,SP,APPLE INC CMN,,P,08/03/2026,09/01/2026,"$1,001-$15,000",STOCK/FUND,A,확인,,67.4
9116328,Ro Khanna (D-CA17),16,SP,CMN NORFOLK SOUTHERN CORPORATION,,P,08/03/2026,09/01/2026,"$1,001-$15,000",STOCK/FUND,A,확인,,88.7
9116328,Ro Khanna (D-CA17),16,SP,MASCO CORPORATION CMN,,P,08/03/2026,09/01/2025,"$1,001-$15,000",STOCK/FUND,A,확인,,90.8
9116328,Ro Khanna (D-CA17),16,SP,CARVANA CO CMN CLASSA,,P,08/03/2026,99/03/26,"$1,001-$15,000",STOCK/FUND,A,의심,notified,66.0
9116328,Ro Khanna (D-CA17),16,SP,MERCK &CO INC. CMN A,,P,08/03 26],09/01/2026,"$1,001-$15,000",STOCK/FUND,A,의심,date;name-illegible,20.0
9116328,Ro Khanna (D-CA17),16,SP,ABIL INC CMIY,,P,08/03/2026,69/01/26],"$1,001-$15,000",STOCK/FUND,A,의심,notified;name-illegible,46.1
9116328,Ro Khanna (D-CA17),16,SP,FEDCX L CORPORATION T CMN ‘,,P,08/03/2026,03/01/2026,"$1,001-$15,000",STOCK/FUND,A,의심,name-illegible,48.7
9116328,Ro Khanna (D-CA17),16,SP,COIS BASE GLOSAL INC CMN CLASSA,,P,08/03/2026,09/01/2026,"$1,001-$15,000",STOCK/FUND,A,확인,,86.0
9116328,Ro Khanna (D-CA17),16,SP,COHERENT CORP.CMIN “,COHR.K,P,08/03/2026,09/01/2026,"$1,001-$15,000",STOCK/FUND,A,의심,name-illegible,53.8
9116328,Ro Khanna (D-CA17),16,SP,MODERNA ! INC CMN ! T,MRNA.O,P,08/03/2026,09/01/2026,"$1,001-$15,000",STOCK/FUND,A,확인,,69.3
9116328,Ro Khanna (D-CA17),16,SP,ASML HOLDING NV ADR CMN,ASML.O,P,08/14/2026,09/01/2026,"$1,001-$15,000",STOCK/FUND,A,확인,,70.2
9116328,Ro Khanna (D-CA17),17,,FROUD FLL M NE CHERSYMBOT,,P/S/E,MM/OD/TY,MM/OD/YE,I/K,STOCK/FUND,IK,의심,amount-multi;type;date;notified;owner;name-illegible,57.2
9116328,Ro Khanna (D-CA17),17,,1995 TRUST,,P/S/E,,,I/K,STOCK/FUND,IK,의심,amount-multi;type;date;notified;owner,81.2
9116328,Ro Khanna (D-CA17),17,,HOLLADAY $Y 11/15/33 UTAH MN LOC BLDG AUTH — .: REV,,P/E,08/31/2026,09/01/2026,A/I/K,STOCK/FUND,AIK,의심,amount-multi;type;owner,70.8
9116328,Ro Khanna (D-CA17),17,,WELLS PERPETUAL FARGO & COMPANY HYBRID,,P,08/18/2026,09/01/2026,"$1,001-$15,000",STOCK/FUND,A,의심,owner,94.6
9116328,Ro Khanna (D-CA17),17,SP,BANK HYBRID OF PERPETUAL NEW YORK USD MELLON CORPOR,,P,08/18/2026,09/01/2026,"$1,001-$15,000",STOCK/FUND,A,확인,,94.9
9116328,Ro Khanna (D-CA17),17,SP,"COREBRIDGE PERPETUAL USD FINANCIAL, INC HYBRID",,P,08/18/2026,09/01/2026,"$1,001-$15,000",STOCK/FUND,A,확인,,91.3
9116328,Ro Khanna (D-CA17),17,SP,AMERICAN PERPETUAL EXPRESS CO HYBRID,,P,08/17/2026,09/01/2026,"$1,001-$15,000",STOCK/FUND,A,확인,,96.3
9116328,Ro Khanna (D-CA17),17,SP,CHARLES HYBRID PERPETUAL SCHWAB CORPORATION (TH,,P,08/18/2026,09/01/2026,"$1,001-$15,000",STOCK/FUND,A,확인,,95.0
9116328,Ro Khanna (D-CA17),17,SP,PLRPETUAL CITIZENS FINANCIAL GROUP HYBRID,,P,08/18/2026,05/01/2026,"$1,001-$15,000",STOCK/FUND,A,확인,,89.8
9116328,Ro Khanna (D-CA17),17,SP,ALVI PCRPEETUAL RICAN EXPRESS CO HYBRID LEAD,,P,08/05/2026,", 0901/26","$1,001-$15,000",STOCK/FUND,A,의심,notified,63.7
9116328,Ro Khanna (D-CA17),18,,"PROVID FOL ME, NOTTICKER YMBOL",,P/E,MAYDDI YY,mayoDE,I/K,STOCK/FUND,IK,의심,amount-multi;type;date;notified;owner;name-illegible,49.9
9116328,Ro Khanna (D-CA17),18,,TRUST LEMCOR PARTNERSHIP GROUP INC CMN =,,P/E,08/21/2026,09/01/2026,I/K,STOCK/FUND,IK,의심,amount-multi;type;owner,64.5
9116328,Ro Khanna (D-CA17),18,DC,OHIO |06/01/27 ST WTR CAD DEV AUTH REV REV 57,,P,08/07/2026,09/01/2026,"$1,001-$15,000",STOCK/FUND,A,확인,,77.7
9116328,Ro Khanna (D-CA17),18,DC,10 COLUMBUS 09/26/2012 OHIO GO FORISSUES 5% DID PR,,P,08/17/2026,09/01/2026,"$1,001-$15,000",BOND,A,확인,,83.4
9116328,Ro Khanna (D-CA17),18,,LAO [OHIO STSPL OBLIG REV SY 04/03/27,,P,08/19/2026,09/01/2026,"$1,001-$15,000",STOCK/FUND,A,의심,owner,78.6
9116328,Ro Khanna (D-CA17),18,,COLUMBUS OHIO GOS/ 04/01/27A0,,P,08/07/2026,09/01/2026,"$1,001-$15,000",STOCK/FUND,A,의심,owner;name-illegible,52.8
9116328,Ro Khanna (D-CA17),18,DC,OHIO 06/01/27 ST WTR 3P DEV AUTH WIR REV 5%,,P,08/19/2026,09/01/2026,"$1,001-$15,000",BOND,A,확인,,74.9
9116328,Ro Khanna (D-CA17),18,,OHIO REVS ST 00007 MENTAL 06/01/27 HEALTH JD CAP FACS,,P,08/08/2026,09/01/2026,"$1,001-$15,000",STOCK/FUND,A,의심,owner,64.1
9116328,Ro Khanna (D-CA17),18,DC,LS CITY 000% OF COLUMBUS 04/01/27 AO OHIO GO,,P,___|__oasr9/26},__g9/or/26|,"$1,001-$15,000",BOND,A,의심,date;notified,84.0
9116328,Ro Khanna (D-CA17),18,,STATE 5 00007 OF 05/02/27 OHIO GEN MN OBLIGATION GO,,P,0g/10/26|,09/01/2026,"$1,001-$15,000",STOCK/FUND,A,의심,date;owner,78.1
9116328,Ro Khanna (D-CA17),18,,STATE 5 000096 GF 05/01/27 0 410 GEN MN OBLIGATION GO,,P,08 07/26],09/03/2026,"$1,001-$15,000",STOCK/FUND,A,의심,date;owner,74.9
9116328,Ro Khanna (D-CA17),18,,OM SY TRICE 05/01/27 CO“UMBIA MN INCOME TAX REV,,P,08/03/2026,09/01/2026,A/D,STOCK/FUND,AD,의심,amount-multi;owner;name-illegible,50.6
9116328,Ro Khanna (D-CA17),18,,WITL LAY 01/01/27 & KENDALL 3) CHTYS TLL CMNTY GO,,P,08/11/2026,09/01/2026,"$1,001-$15,000",STOCK/FUND,A,의심,owner,62.0
9116328,Ro Khanna (D-CA17),18,,MIRION CLASS A TECHNOLOGIES INC CARI,,S,08/21/2026,09/01/2026,"$15,001-$50,000",STOCK/FUND,B,의심,owner;name-illegible,55.8
